Brand,Date,FNSKU,ASIN,MSKU,Title,Disposition,Starting Warehouse Balance,In Transit Between Warehouses,Receipts,Customer Shipments,Customer Returns,Vendor Returns,Warehouse Transfer In/Out,Found,Lost,Damaged,Disposed,Other Events,Ending Warehouse Balance,Unknown Events,Location
Gardena,07/26/2026,X001SBPZRL,B07YST7924,LG0905,"Gardena 12304-20 Hedge Clippers LG0905 - TeleCut, Extendable, Precise Cut",SELLABLE,3,0,0,0,0,0,0,0,0,0,0,0,3,0,VSHB
Gardena,07/26/2026,X001SBPZRV,B07YSSZRXF,LG0904,Gardena 2-in-1 Energycut Hedge Trimmers,SELLABLE,9,0,0,0,0,0,0,0,0,0,0,0,9,0,VSHB
Gardena,07/26/2026,X001SE43K3,B076X1PJGK,LG0772,GARDENA Hand-Held Spreader M 431-20,SELLABLE,1,0,0,0,0,0,0,0,0,0,0,0,1,0,VSHB
BKR,07/26/2026,X001SJJAIX,B084Q3BKZ6,LG0657,BKR® Nylon Trimmer Line 2.0mm x 50 metre LG0657,SELLABLE,1,0,0,0,0,0,0,0,0,0,0,0,1,0,AMD2
BKR,07/26/2026,X001SJJAIX,B084Q3BKZ6,LG0657,BKR® Nylon Trimmer Line 2.0mm x 50 metre LG0657,SELLABLE,3,0,0,-1,0,0,0,0,0,0,0,0,2,0,CCX1
BKR,07/26/2026,X001SJJAIX,B084Q3BKZ6,LG0657,BKR® Nylon Trimmer Line 2.0mm x 50 metre LG0657,SELLABLE,5,0,0,-1,0,0,0,0,0,0,0,0,4,0,CCX2
BKR,07/26/2026,X001SJJAIX,B084Q3BKZ6,LG0657,BKR® Nylon Trimmer Line 2.0mm x 50 metre LG0657,SELLABLE,7,0,0,-2,0,0,0,0,0,0,0,0,5,0,IDX2
BKR,07/26/2026,X001SJJAIX,B084Q3BKZ6,LG0657,BKR® Nylon Trimmer Line 2.0mm x 50 metre LG0657,SELLABLE,1,0,0,-1,0,0,0,0,0,0,0,0,0,0,LKO1
BKR,07/26/2026,X001SJJAIX,B084Q3BKZ6,LG0657,BKR® Nylon Trimmer Line 2.0mm x 50 metre LG0657,SELLABLE,42,0,0,0,0,0,0,0,0,0,0,0,42,0,VSHB
Gorilla,07/26/2026,X001SMMG4F,B01MQ22OHW,HM0536 4,"Gorilla Heavy Duty Construction Adhesive, 2.5 ounce Squeeze Tube, White, (Pack of 4)",SELLABLE,1,0,0,0,0,0,0,0,0,0,0,0,1,0,BOM5
Gorilla,07/26/2026,X001SMMJH9,B01MDS32IJ,HM0522 2,"Gorilla Original Waterproof Polyurethane Glue, 4 ounce Bottle, Brown, (Pack of 2)",SELLABLE,2,0,0,0,0,0,0,0,0,0,0,0,2,0,VSHB
Gorilla,07/26/2026,X001SMMJHT,B01M72J2EY,HM0486 3,"Gorilla Black Duct Tape, 1.88"" x 35 yd, Black, (Pack of 3)",SELLABLE,1,0,0,0,0,0,0,0,0,0,0,0,1,0,VSHB
Gardena,07/26/2026,X001SMYMOR,B076WVH17V,LG0741,"Gardena 18511-20 Hose Cart LG0741 - Frost Proof, Durable, Easy Storage",SELLABLE,9,0,0,0,0,0,0,0,0,0,0,0,9,0,VSHB
Gardena,07/26/2026,X001SMZEHL,B08KGLGZW6,LG0840,Gardena 3518-20 Weed Puller,SELLABLE,11,0,0,0,0,0,0,0,0,0,0,0,11,0,VSHB
Gardena,07/26/2026,X001SN1UCX,B07NYCT5CJ,LG0744,"Gardena 18542 CleverRoll M Metal Hose Cart LG0744 - Frost Proof, Sturdy Storage",SELLABLE,3,0,0,0,0,0,0,0,0,0,0,0,3,0,VSHB
Gardena,07/26/2026,X001SWC9YH,B00HPXVFWW,LG0748,"Gardena 18033-20 Comfort Flex Hose LG0748-1/2"" x 20m, Durable & Flexible",SELLABLE,49,0,0,0,0,0,0,0,0,0,0,0,49,0,VSHB
Gardena,07/26/2026,X001SWC9YR,B00PNUCBNG,LG0833,"Gardena 18280-20 Repair Kit LG0833 - For 13mm (1/2"") & 15mm (5/8"") Hoses",SELLABLE,1,0,0,0,0,0,0,0,0,0,0,0,1,0,IDX2
Gardena,07/26/2026,X001SWC9YR,B00PNUCBNG,LG0833,"Gardena 18280-20 Repair Kit LG0833 - For 13mm (1/2"") & 15mm (5/8"") Hoses",SELLABLE,18,0,0,0,0,0,0,0,0,0,0,0,18,0,VSHB
Gardena,07/26/2026,X001SWC9Z1,B0BNV9V36C,18980-28,"Gardena 18980-20 Basic Hose Reel Set LG0995-20m, 1/2"" Hose, Includes Spray Gun",SELLABLE,2,0,0,0,0,0,0,0,0,0,0,0,2,0,AMD2
Gardena,07/26/2026,X001SWC9Z1,B0BNV9V36C,18980-28,"Gardena 18980-20 Basic Hose Reel Set LG0995-20m, 1/2"" Hose, Includes Spray Gun",SELLABLE,1,0,0,0,0,0,0,0,0,0,0,0,1,0,BLR8
Gardena,07/26/2026,X001SWC9Z1,B0BNV9V36C,18980-28,"Gardena 18980-20 Basic Hose Reel Set LG0995-20m, 1/2"" Hose, Includes Spray Gun",SELLABLE,2,0,0,0,0,0,0,0,0,0,0,0,2,0,CCX2
Gardena,07/26/2026,X001SWC9Z1,B0BNV9V36C,18980-28,"Gardena 18980-20 Basic Hose Reel Set LG0995-20m, 1/2"" Hose, Includes Spray Gun",SELLABLE,2,0,0,0,0,0,0,0,0,0,0,0,2,0,HYD8
Gardena,07/26/2026,X001SWC9Z1,B0BNV9V36C,18980-28,"Gardena 18980-20 Basic Hose Reel Set LG0995-20m, 1/2"" Hose, Includes Spray Gun",SELLABLE,2,0,0,0,0,0,0,0,0,0,0,0,2,0,IDX2
Gardena,07/26/2026,X001SWC9Z1,B0BNV9V36C,18980-28,"Gardena 18980-20 Basic Hose Reel Set LG0995-20m, 1/2"" Hose, Includes Spray Gun",SELLABLE,4,0,0,0,0,0,0,0,0,0,0,0,4,0,PNQ3
Gardena,07/26/2026,X001SWC9Z1,B0BNV9V36C,18980-28,"Gardena 18980-20 Basic Hose Reel Set LG0995-20m, 1/2"" Hose, Includes Spray Gun",SELLABLE,10,0,0,0,0,0,0,0,0,0,0,0,10,0,VSHB
Gardena,07/26/2026,X001SWC9ZB,B00PNUCBKE,LG0786,Gardena 18285-20 Rapid Connector Set LG0786 - Quick & Easy Hose Connection,SELLABLE,9,0,0,0,0,0,0,0,0,0,0,0,9,0,VSHB
Gardena,07/26/2026,X001SWC9ZL,B0C2CS8D2X,LG0993,GARDENA Water Sprayers Basic Starter Set 18960-28,SELLABLE,5,0,0,0,0,0,0,0,0,0,0,0,5,0,CCX1
Gardena,07/26/2026,X001SWC9ZL,B0C2CS8D2X,LG0993,GARDENA Water Sprayers Basic Starter Set 18960-28,SELLABLE,42,0,0,0,0,0,0,0,0,0,0,0,42,0,VSHB
Gardena,07/26/2026,X001SWFODF,B08M91W7CC,LG0922,"Gardena 18610-20 Wall Hose Box LG0922 - RollUp M, 20m Capacity, Compact Design",SELLABLE,1,0,0,0,0,0,0,0,0,0,0,0,1,0,CCX2
Gardena,07/26/2026,X001SWFODF,B08M91W7CC,LG0922,"Gardena 18610-20 Wall Hose Box LG0922 - RollUp M, 20m Capacity, Compact Design",SELLABLE,1,0,0,0,0,0,0,0,0,0,0,0,1,0,CJB1
Gardena,07/26/2026,X001SWFODF,B08M91W7CC,LG0922,"Gardena 18610-20 Wall Hose Box LG0922 - RollUp M, 20m Capacity, Compact Design",SELLABLE,1,0,0,0,0,0,0,0,0,0,0,0,1,0,HYD3
Gardena,07/26/2026,X001SWFODF,B08M91W7CC,LG0922,"Gardena 18610-20 Wall Hose Box LG0922 - RollUp M, 20m Capacity, Compact Design",SELLABLE,1,0,0,0,0,0,0,0,0,0,0,0,1,0,IDX2
Gardena,07/26/2026,X001SWFODF,B08M91W7CC,LG0922,"Gardena 18610-20 Wall Hose Box LG0922 - RollUp M, 20m Capacity, Compact Design",SELLABLE,1,0,0,0,0,0,0,0,0,0,0,0,1,0,PNQ3
Gardena,07/26/2026,X001SWFODF,B08M91W7CC,LG0922,"Gardena 18610-20 Wall Hose Box LG0922 - RollUp M, 20m Capacity, Compact Design",SELLABLE,5,0,0,0,0,0,0,0,0,0,0,0,5,0,VSHB
Gardena,07/26/2026,X001SWFODP,B08KGCMG8S,LG0844,GARDENA 11120-30 Pressure Sprayer LG0844 1.25L with 360° Spray Head,SELLABLE,1,0,0,0,0,0,0,0,0,0,0,0,1,0,BLR8
Gardena,07/26/2026,X001SWFODP,B08KGCMG8S,LG0844,GARDENA 11120-30 Pressure Sprayer LG0844 1.25L with 360° Spray Head,SELLABLE,2,0,0,0,0,0,0,0,0,0,0,0,2,0,CCX1
Gardena,07/26/2026,X001SWFODP,B08KGCMG8S,LG0844,GARDENA 11120-30 Pressure Sprayer LG0844 1.25L with 360° Spray Head,SELLABLE,18,0,0,0,0,0,0,0,0,0,0,0,18,0,VSHB
Gardena,07/26/2026,X001SWFODZ,B07ZLQG24K,LG0777,GARDENA 8944-30 combisystem Hand Tools Set - Complete Garden Tool Kit,SELLABLE,2,0,0,0,0,0,0,0,0,0,0,0,2,0,HYD8
Gardena,07/26/2026,X001SWFODZ,B07ZLQG24K,LG0777,GARDENA 8944-30 combisystem Hand Tools Set - Complete Garden Tool Kit,SELLABLE,2,0,0,0,0,0,0,0,0,0,0,0,2,0,VSHB
Gardena,07/26/2026,X001SWFOEJ,B0BNV7R59W,LG0992,"Gardena 18982-29 Basic Wall Hose Reel LG0992-25m, Space-Saving",SELLABLE,1,0,0,0,0,0,0,0,0,0,0,0,1,0,AMD2
Gardena,07/26/2026,X001SWFOEJ,B0BNV7R59W,LG0992,"Gardena 18982-29 Basic Wall Hose Reel LG0992-25m, Space-Saving",SELLABLE,2,0,0,0,0,0,0,0,0,0,0,0,2,0,BLR8
Gardena,07/26/2026,X001SWFOEJ,B0BNV7R59W,LG0992,"Gardena 18982-29 Basic Wall Hose Reel LG0992-25m, Space-Saving",SELLABLE,1,0,0,0,0,0,0,0,0,0,0,0,1,0,CCX2
Gardena,07/26/2026,X001SWFOEJ,B0BNV7R59W,LG0992,"Gardena 18982-29 Basic Wall Hose Reel LG0992-25m, Space-Saving",SELLABLE,1,0,0,0,0,0,0,0,0,0,0,0,1,0,CJB1
Gardena,07/26/2026,X001SWFOEJ,B0BNV7R59W,LG0992,"Gardena 18982-29 Basic Wall Hose Reel LG0992-25m, Space-Saving",SELLABLE,1,0,0,0,0,0,0,0,0,0,0,0,1,0,LKO1
Gardena,07/26/2026,X001SWFOEJ,B0BNV7R59W,LG0992,"Gardena 18982-29 Basic Wall Hose Reel LG0992-25m, Space-Saving",SELLABLE,3,0,0,0,0,0,0,0,0,0,0,0,3,0,PNQ3
Gardena,07/26/2026,X001SWFOEJ,B0BNV7R59W,LG0992,"Gardena 18982-29 Basic Wall Hose Reel LG0992-25m, Space-Saving",SELLABLE,44,0,0,0,0,0,0,0,0,0,0,0,44,0,VSHB
Gardena,07/26/2026,X001SWGM6N,B01FE8M0BY,LG0903,GARDENA 8854-20 Bypass Secateurs LG0903 Precision Cut up to 18mm,SELLABLE,9,0,0,0,0,0,0,0,0,0,0,0,9,0,BLR8
Gardena,07/26/2026,X001SWGM6N,B01FE8M0BY,LG0903,GARDENA 8854-20 Bypass Secateurs LG0903 Precision Cut up to 18mm,SELLABLE,8,0,0,0,0,0,0,0,0,0,0,0,8,0,HYD8
Gardena,07/26/2026,X001SWGM6N,B01FE8M0BY,LG0903,GARDENA 8854-20 Bypass Secateurs LG0903 Precision Cut up to 18mm,SELLABLE,5,0,0,0,0,0,0,0,0,0,0,0,5,0,VSHB
Gardena,07/26/2026,X001SWGM6X,B0BNLPP39G,LG0999,"Gardena 12212-20 FreshCut Harvest Scissors LG0999 - Stainless Steel, Precise Cutting",SELLABLE,10,0,0,0,0,0,0,0,0,0,0,0,10,0,VSHB
Gardena,07/26/2026,X001SWGM77,B004I6AK34,LG0964,"GARDENA 3107-20 XXL Fan Rake LG0964 for Leaves & Lawn, 77cm Wide",SELLABLE,1,0,0,0,0,0,0,0,0,0,0,0,1,0,BLR8
Gardena,07/26/2026,X001SWGM77,B004I6AK34,LG0964,"GARDENA 3107-20 XXL Fan Rake LG0964 for Leaves & Lawn, 77cm Wide",SELLABLE,1,0,0,0,0,0,0,0,0,0,0,0,1,0,CJB1
Gardena,07/26/2026,X001SWGM77,B004I6AK34,LG0964,"GARDENA 3107-20 XXL Fan Rake LG0964 for Leaves & Lawn, 77cm Wide",SELLABLE,1,0,0,0,0,0,0,0,0,0,0,0,1,0,HYD3
Gardena,07/26/2026,X001SWGM77,B004I6AK34,LG0964,"GARDENA 3107-20 XXL Fan Rake LG0964 for Leaves & Lawn, 77cm Wide",SELLABLE,1,0,0,0,0,0,0,0,0,0,0,0,1,0,IDX2
Gardena,07/26/2026,X001SWGM77,B004I6AK34,LG0964,"GARDENA 3107-20 XXL Fan Rake LG0964 for Leaves & Lawn, 77cm Wide",SELLABLE,1,0,0,0,0,0,0,0,0,0,0,0,1,0,LKO1
Gardena,07/26/2026,X001SWGM77,B004I6AK34,LG0964,"GARDENA 3107-20 XXL Fan Rake LG0964 for Leaves & Lawn, 77cm Wide",SELLABLE,4,0,0,0,0,0,0,0,0,0,0,0,4,0,VSHB
Gardena,07/26/2026,X001SWGM7H,B07H6LCVLR,LG0996,"Gardena Spreader L: Universal Spreader for Delivering Fertiliser, Seeds and Salt, 45 cm Spreading Width, for About 400 m sq of Lawn Area, 12.5 Litre Capacity, with a Locking Slide (432-20)",SELLABLE,2,0,0,0,0,0,0,0,0,0,0,0,2,0,VSHB
Gardena,07/26/2026,X001SWGM7R,B08M9F4CQP,LG0850,"Gardena 18620-20 Wall Hose Box LG0850 - RollUp ML, 25m Capacity, Space-Saving",SELLABLE,1,0,0,0,0,0,0,0,0,0,0,0,1,0,BLR8
Gardena,07/26/2026,X001SWGM7R,B08M9F4CQP,LG0850,"Gardena 18620-20 Wall Hose Box LG0850 - RollUp ML, 25m Capacity, Space-Saving",SELLABLE,1,0,0,0,0,0,0,0,0,0,0,0,1,0,CCX2
Gardena,07/26/2026,X001SWGM7R,B08M9F4CQP,LG0850,"Gardena 18620-20 Wall Hose Box LG0850 - RollUp ML, 25m Capacity, Space-Saving",SELLABLE,1,0,0,0,0,0,0,0,0,0,0,0,1,0,HYD3
Gardena,07/26/2026,X001SWGM7R,B08M9F4CQP,LG0850,"Gardena 18620-20 Wall Hose Box LG0850 - RollUp ML, 25m Capacity, Space-Saving",SELLABLE,1,0,0,0,0,0,0,0,0,0,0,0,1,0,PNQ3
Gardena,07/26/2026,X001SWGM81,B0BNLM3XNZ,LG1001,GARDENA HerbCut Herb Scissors with Defoliation Function - Stainless Steel Scissors for Precise Harvesting (12214-36),SELLABLE,20,0,0,0,0,0,0,0,0,0,0,0,20,0,VSHB
Gardena,07/26/2026,X001SWGNNZ,B0BNLMWHCD,LG1000,"Gardena 12213-20 Harvesting Scissors LG1000 - Stainless Steel, Gripping Function, Sharp Cut",SELLABLE,1,0,0,0,0,0,0,0,0,0,0,0,1,0,BLR7
Gardena,07/26/2026,X001SWGNNZ,B0BNLMWHCD,LG1000,"Gardena 12213-20 Harvesting Scissors LG1000 - Stainless Steel, Gripping Function, Sharp Cut",SELLABLE,8,0,0,0,0,0,0,0,0,0,0,0,8,0,VSHB
Gardena,07/26/2026,X001SWGNO9,B084918LFT,LG0768,"Gardena 8730-20 Mechanical Grass Shears LG0768 - Classic, Effortless Edging",SELLABLE,1,0,0,0,0,0,0,0,0,0,0,0,1,0,BLR8
Gardena,07/26/2026,X001SWGNO9,B084918LFT,LG0768,"Gardena 8730-20 Mechanical Grass Shears LG0768 - Classic, Effortless Edging",SELLABLE,1,0,0,0,0,0,0,0,0,0,0,0,1,0,CCX1
Gardena,07/26/2026,X001SWGNO9,B084918LFT,LG0768,"Gardena 8730-20 Mechanical Grass Shears LG0768 - Classic, Effortless Edging",SELLABLE,6,0,0,0,0,0,0,0,0,0,0,0,6,0,VSHB
Gardena,07/26/2026,X001SWGNOT,B07JLJ4N44,LG0997,GARDENA 12005-20 TeleCut B Lopper LG0997 Adjustable 52-67cm 42mm Cut,SELLABLE,2,0,0,0,0,0,0,0,0,0,0,0,2,0,BLR8
Gardena,07/26/2026,X001SWGNOT,B07JLJ4N44,LG0997,GARDENA 12005-20 TeleCut B Lopper LG0997 Adjustable 52-67cm 42mm Cut,SELLABLE,1,0,0,0,0,0,0,0,0,0,0,0,1,0,VSHB
Gardena,07/26/2026,X001SWGNP3,B0C4443XXC,LG0994,"Gardena 18970-20 Basic Hose Set LG0994-1/2"", 20m, Includes Spray Gun & Connector",SELLABLE,20,0,0,0,0,0,0,0,0,0,0,0,20,0,VSHB
Gardena,07/26/2026,X001SWGNPD,B0BNLP3VH1,LG1002,GARDENA 17400-20 combisystem Berry Picker - Harvester with Integrated Basket for Collecting Berries and Stone Fruits,SELLABLE,2,0,0,0,0,0,0,0,0,0,0,0,2,0,HYD8
BKR,07/26/2026,X001TH9YCB,B098DSHBGZ,LG0817,"BKR® Heavy Duty Manual Lawn Mower with Side Wheel, 14-Inch Blade, Mowing Area 600sq. ft, Adjustable Cutting Height (5-30mm), 20L Grass Collection Box with 6-Month Manufacturer Warranty",SELLABLE,100,0,0,0,0,0,0,0,0,0,0,0,100,0,VSHB
Gardena,07/26/2026,X001TZ8TC9,B07ZLWW6YW,LG0914,Gardena 3565-20 Leaf Collector LG0914 - Easy Lawn Cleanup,SELLABLE,5,0,0,0,0,0,0,0,0,0,0,0,5,0,VSHB
Gardena,07/26/2026,X001UV7KNB,B076WVPZM5,LG0910,Gardena Combisystem Fruit Picker 3115-20,SELLABLE,2,0,0,0,0,0,0,0,0,0,0,0,2,0,VSHB
Gardena,07/26/2026,X001UV7MEN,B07YSTJSCZ,LG0775,"Gardena 12302-20 Hedge Shear LG0775 - PrecisionCut, Sharp, Easy Trim",SELLABLE,1,0,0,0,0,0,0,0,0,0,0,0,1,0,LKO1
Gardena,07/26/2026,X001VC1ZJJ,B002VED3M0,LG0911,Gardena 2650 164-Foot Wall Mount Removable Garden Hose Reel With Hose Guide,SELLABLE,10,0,0,0,0,0,0,0,0,0,0,0,10,0,VSHB
BKR,07/26/2026,X001VH1IRX,B0CJFG9MV3,HM0158 1,"BKR Charcoal Grill Barbecue Grill Smokey with 10 Skewers, Tong, Gloves, Charcoal pack & 4 Grills - Stellar Black",SELLABLE,9,0,0,0,0,0,0,0,0,0,0,0,9,0,VSHB
Gardena,07/26/2026,X001VH1IS7,B07ZLQV7C3,LG0774,"Gardena 8964-20 Comfort Hand Tools Set LG0774 - Trowel, Rake & More",SELLABLE,1,0,0,0,0,0,0,0,0,0,0,0,1,0,BLR8
Gardena,07/26/2026,X001VH1IS7,B07ZLQV7C3,LG0774,"Gardena 8964-20 Comfort Hand Tools Set LG0774 - Trowel, Rake & More",SELLABLE,1,0,0,0,0,0,0,0,0,0,0,0,1,0,HYD8
Gardena,07/26/2026,X001VH1IS7,B07ZLQV7C3,LG0774,"Gardena 8964-20 Comfort Hand Tools Set LG0774 - Trowel, Rake & More",SELLABLE,3,0,0,0,0,0,0,0,0,0,0,0,3,0,VSHB
Gardena,07/26/2026,X001W7V7H3,B09J92FTT4,LG1005,"Gardena 13218-20 Pipe Peg LG1005-3/16"", Secure Hold, Easy Setup",SELLABLE,1,0,0,0,0,0,0,0,0,0,0,0,1,0,CJB1
Gardena,07/26/2026,X001W7V7H3,B09J92FTT4,LG1005,"Gardena 13218-20 Pipe Peg LG1005-3/16"", Secure Hold, Easy Setup",SELLABLE,2,0,0,0,0,0,0,0,0,0,0,0,2,0,VSHB
Gardena,07/26/2026,X001W7V9HL,B0BNLMKB35,LG1003,"Gardena Micro-Drip-System Small Area Spray Nozzle: Spray Nozzle for Automatic Irrigation System, for Small Areas up to 40 cm in Diameter, Simple Connection to 13 mm Connecting Pipe (13306-20)",SELLABLE,5,0,0,0,0,0,0,0,0,0,0,0,5,0,BLR8
Gardena,07/26/2026,X001W7V9HL,B0BNLMKB35,LG1003,"Gardena Micro-Drip-System Small Area Spray Nozzle: Spray Nozzle for Automatic Irrigation System, for Small Areas up to 40 cm in Diameter, Simple Connection to 13 mm Connecting Pipe (13306-20)",SELLABLE,8,0,0,0,0,0,0,0,0,0,0,0,8,0,VSHB
Gardena,07/26/2026,X001W7W5TR,B0BNLPLD7V,LG1004,"Gardena 18266-20 Coupling LG1004 - Flow Control Valve, Regulate Water Flow",SELLABLE,1,0,0,0,0,0,0,0,0,0,0,0,1,0,BLR7
Gardena,07/26/2026,X001W7W5TR,B0BNLPLD7V,LG1004,"Gardena 18266-20 Coupling LG1004 - Flow Control Valve, Regulate Water Flow",SELLABLE,4,0,0,0,0,0,0,0,0,0,0,0,4,0,BLR8
Gardena,07/26/2026,X001W7W5TR,B0BNLPLD7V,LG1004,"Gardena 18266-20 Coupling LG1004 - Flow Control Valve, Regulate Water Flow",SELLABLE,2,0,0,0,0,0,0,0,0,0,0,0,2,0,BOM5
Gardena,07/26/2026,X001W7W5TR,B0BNLPLD7V,LG1004,"Gardena 18266-20 Coupling LG1004 - Flow Control Valve, Regulate Water Flow",SELLABLE,1,0,0,0,0,0,0,0,0,0,0,0,1,0,BOM7
Gardena,07/26/2026,X001W7W5TR,B0BNLPLD7V,LG1004,"Gardena 18266-20 Coupling LG1004 - Flow Control Valve, Regulate Water Flow",SELLABLE,1,0,0,0,0,0,0,0,0,0,0,0,1,0,CCX1
Gardena,07/26/2026,X001W7W5TR,B0BNLPLD7V,LG1004,"Gardena 18266-20 Coupling LG1004 - Flow Control Valve, Regulate Water Flow",SELLABLE,2,0,0,0,0,0,0,0,0,0,0,0,2,0,CCX2
Gardena,07/26/2026,X001W7W5TR,B0BNLPLD7V,LG1004,"Gardena 18266-20 Coupling LG1004 - Flow Control Valve, Regulate Water Flow",SELLABLE,1,0,0,0,0,0,0,0,0,0,0,0,1,0,CJB1
Gardena,07/26/2026,X001W7W5TR,B0BNLPLD7V,LG1004,"Gardena 18266-20 Coupling LG1004 - Flow Control Valve, Regulate Water Flow",SELLABLE,1,0,0,0,0,0,0,0,0,0,0,0,1,0,HYD8
Gardena,07/26/2026,X001W7W5TR,B0BNLPLD7V,LG1004,"Gardena 18266-20 Coupling LG1004 - Flow Control Valve, Regulate Water Flow",SELLABLE,2,0,0,0,0,0,0,0,0,0,0,0,2,0,IDX2
Gardena,07/26/2026,X001W7W5TR,B0BNLPLD7V,LG1004,"Gardena 18266-20 Coupling LG1004 - Flow Control Valve, Regulate Water Flow",SELLABLE,1,0,0,0,0,0,0,0,0,0,0,0,1,0,LKO1
Gardena,07/26/2026,X001W7W5TR,B0BNLPLD7V,LG1004,"Gardena 18266-20 Coupling LG1004 - Flow Control Valve, Regulate Water Flow",SELLABLE,2,0,0,0,0,0,0,0,0,0,0,0,2,0,MAA4
Gardena,07/26/2026,X001WFRH7J,B0001E41DW,LG0928,"GARDENA 8324-U Plugs 1/2"" - Micro Drip System",SELLABLE,2,0,0,0,0,0,0,0,0,0,0,0,2,0,VSHB
Gardena,07/26/2026,X001WFRH7T,B076WVPZM6,LG0899,"Gardena City Gardening Mist Nozzle: 3 Nozzles, Fine Mist, Low Water Consumption, Cooling, Grey",SELLABLE,3,0,0,0,0,0,0,0,0,0,0,0,3,0,VSHB
Gardena,07/26/2026,X001WFRH83,B006D8V2XM,LG0886,"Gardena 2784-20 L-Piece LG0886-25mm x 3/4"" Female Thread, Secure Connection",SELLABLE,1,0,0,0,0,0,0,0,0,0,0,0,1,0,MAA4
Gardena,07/26/2026,X001WFRH83,B006D8V2XM,LG0886,"Gardena 2784-20 L-Piece LG0886-25mm x 3/4"" Female Thread, Secure Connection",SELLABLE,5,0,0,0,0,0,0,0,0,0,0,0,5,0,VSHB
Gardena,07/26/2026,X001WFRH8D,B007C12KEO,LG0893,"Gardena 2740-20 Sprinkler Connection LG0893-3/4"" x 3/4"", Easy Linkage",SELLABLE,1,0,0,0,0,0,0,0,0,0,0,0,1,0,BOM5
Gardena,07/26/2026,X001WFRH8D,B007C12KEO,LG0893,"Gardena 2740-20 Sprinkler Connection LG0893-3/4"" x 3/4"", Easy Linkage",SELLABLE,13,0,0,0,0,0,0,0,0,0,0,0,13,0,VSHB
Gardena,07/26/2026,X001WFRH8N,B07RN9K6SV,LG0781,GARDENA 8194-20 Four Channel Water Distributor - 4 Devices on One Tap,SELLABLE,2,0,0,0,0,0,0,0,0,0,0,0,2,0,LKO1
Gardena,07/26/2026,X001WFRH8N,B07RN9K6SV,LG0781,GARDENA 8194-20 Four Channel Water Distributor - 4 Devices on One Tap,SELLABLE,5,0,0,0,0,0,0,0,0,0,0,0,5,0,VSHB
Gardena,07/26/2026,X001WG0LH1,B00LM2IE12,LG0791,GARDENA 938-20 Twin Tap Connector 3/4 inch,SELLABLE,1,0,0,0,0,0,0,0,0,0,0,0,1,0,HYD8
Gardena,07/26/2026,X001WG0LH1,B00LM2IE12,LG0791,GARDENA 938-20 Twin Tap Connector 3/4 inch,SELLABLE,1,0,0,0,0,0,0,0,0,0,0,0,1,0,VSHB
Gardena,07/26/2026,X001WG0LHB,B0013BBSB0,LG0836,"Gardena 8735-20 Rotatable Grass Shears LG0836 - Comfortable, Flexible Cutting",SELLABLE,2,0,0,0,0,0,0,0,0,0,0,0,2,0,BLR8
Gardena,07/26/2026,X001WG0LHB,B0013BBSB0,LG0836,"Gardena 8735-20 Rotatable Grass Shears LG0836 - Comfortable, Flexible Cutting",SELLABLE,1,0,0,0,0,0,0,0,0,0,0,0,1,0,VSHB
Gardena,07/26/2026,X001WG0LHL,B00HS9T9MQ,LG0898,"Gardena 18025-20 Classic Hose LG0898-3/4"", 50m, Durable Watering Solution",SELLABLE,1,0,0,0,0,0,0,0,0,0,0,0,1,0,HYD8
Gardena,07/26/2026,X001WG0LHL,B00HS9T9MQ,LG0898,"Gardena 18025-20 Classic Hose LG0898-3/4"", 50m, Durable Watering Solution",SELLABLE,18,0,0,0,0,0,0,0,0,0,0,0,18,0,VSHB
Gardena,07/26/2026,X001WG0LHV,B08KGSSTR9,LG0841,"Gardena 11510-20 Planting Glove LG0841 - Protective, Waterproof, Flexible Fit",SELLABLE,4,0,0,0,0,0,0,0,0,0,0,0,4,0,BLR7
Gardena,07/26/2026,X001WG0LHV,B08KGSSTR9,LG0841,"Gardena 11510-20 Planting Glove LG0841 - Protective, Waterproof, Flexible Fit",SELLABLE,4,0,0,0,0,0,0,0,0,0,0,0,4,0,VSHB
Gardena,07/26/2026,X001WG0LI5,B07YSSVYH4,LG0782,"Gardena Tap Connector for Indoor Taps: Connection for Indoor Taps, Including Adapter for Aerator Head, Spanner for Easy Fitting, for Kitchen and Bathroom (18210-20), Multicolour",SELLABLE,10,0,0,0,0,0,0,0,0,0,0,0,10,0,VSHB
Gardena,07/26/2026,X001WG49C9,B000NUTO0O,LG0916,GARDENA 2760-20 Auto Drain Valve LG0916 for Underground Irrigation,SELLABLE,1,0,0,0,0,0,0,0,0,0,0,0,1,0,BLR8
Gardena,07/26/2026,X001WG49C9,B000NUTO0O,LG0916,GARDENA 2760-20 Auto Drain Valve LG0916 for Underground Irrigation,SELLABLE,1,0,0,0,0,0,0,0,0,0,0,0,1,0,MAA4
Gardena,07/26/2026,X001WG49C9,B000NUTO0O,LG0916,GARDENA 2760-20 Auto Drain Valve LG0916 for Underground Irrigation,SELLABLE,3,0,0,0,0,0,0,0,0,0,0,0,3,0,VSHB
Gardena,07/26/2026,X001WG49CJ,B08KGGXHVZ,LG0843,Gardena 11511-20 Planting and Soil Glove M LG0843,SELLABLE,9,0,0,0,0,0,0,0,0,0,0,0,9,0,VSHB
Gardena,07/26/2026,X001WG49D3,B018E0KS4K,LG0771,GARDENA 3255-20 Small Caster S Spreader - 1.2 LTR,SELLABLE,1,0,0,0,0,0,0,0,0,0,0,0,1,0,BLR8
Gardena,07/26/2026,X001WG49D3,B018E0KS4K,LG0771,GARDENA 3255-20 Small Caster S Spreader - 1.2 LTR,SELLABLE,1,0,0,0,0,0,0,0,0,0,0,0,1,0,CCX2
Gardena,07/26/2026,X001WG49D3,B018E0KS4K,LG0771,GARDENA 3255-20 Small Caster S Spreader - 1.2 LTR,SELLABLE,1,0,0,0,0,0,0,0,0,0,0,0,1,0,CJB1
Gardena,07/26/2026,X001WG49D3,B018E0KS4K,LG0771,GARDENA 3255-20 Small Caster S Spreader - 1.2 LTR,SELLABLE,1,0,0,0,0,0,0,0,0,0,0,0,1,0,HYD3
Gardena,07/26/2026,X001WG49D3,B018E0KS4K,LG0771,GARDENA 3255-20 Small Caster S Spreader - 1.2 LTR,SELLABLE,1,0,0,0,0,0,0,0,0,0,0,0,1,0,PNQ3
Gardena,07/26/2026,X001WG49D3,B018E0KS4K,LG0771,GARDENA 3255-20 Small Caster S Spreader - 1.2 LTR,SELLABLE,8,0,0,0,0,0,0,0,0,0,0,0,8,0,VSHB
Gorilla,07/26/2026,X001WG4A73,B082XGNXQ6,HM0663 1,"Gorilla All Purpose Glue Stick, 25 Gram (Pack of 1)",SELLABLE,3,0,0,0,0,0,0,0,0,0,0,0,3,0,VSHB
Gardena,07/26/2026,X001WG4A7D,B0C6BHXV89,LG0834,"Gardena Connector for 13 mm (1/2 Inch) Hose - Reliable Repair with Power Grip, (18232-20)",SELLABLE,10,0,0,0,0,0,0,0,0,0,0,0,10,0,BLR8
Gardena,07/26/2026,X001WG4A7D,B0C6BHXV89,LG0834,"Gardena Connector for 13 mm (1/2 Inch) Hose - Reliable Repair with Power Grip, (18232-20)",SELLABLE,10,0,0,0,0,0,0,0,0,0,0,0,10,0,CCX2
Gardena,07/26/2026,X001WG4A7X,B01A5MJUIK,LG0773,"GARDENA combisystem Fruit Collector: The Fruit Collector for Picking up Fruit of About 4 to 9 cm Without Bending Over, Convenient Emptying, Compatible with GARDENA combisystem Handles (310820)",SELLABLE,4,0,0,0,0,0,0,0,0,0,0,0,4,0,VSHB
Gardena,07/26/2026,X001WG4A87,B000NUVMWW,LG0891,"GARDENA 2761-20 Connector 25mm x 3/4"" Female Thread - Sprinkler System Connection",SELLABLE,1,0,0,0,0,0,0,0,0,0,0,0,1,0,BLR7
Gardena,07/26/2026,X001WG4A87,B000NUVMWW,LG0891,"GARDENA 2761-20 Connector 25mm x 3/4"" Female Thread - Sprinkler System Connection",SELLABLE,1,0,0,0,0,0,0,0,0,0,0,0,1,0,BOM5
Gardena,07/26/2026,X001WG4A87,B000NUVMWW,LG0891,"GARDENA 2761-20 Connector 25mm x 3/4"" Female Thread - Sprinkler System Connection",SELLABLE,1,0,0,0,0,0,0,0,0,0,0,0,1,0,VSHB
Gorilla,07/26/2026,X001WQ15NF,B09Y2K5M8S,HM0726 1,Gorilla Super Glue Pen 5.5gm,SELLABLE,10,0,0,0,0,0,0,0,0,0,0,0,10,0,VSHB
BKR,07/26/2026,X001X0I0Y7,B0CP991688,CA0149,"BKR Snow Chain 1 pair (2pc) Carbon Steel 16mm for Thar Old, Safari, Scorpio Old, Harrier, Volvo XC-60, Isuzu D-Max also for 15""-16"" & 17""-18"" Tyres- FREE 2 bungee ropes and 1pair of gloves CA0149/450",SELLABLE,5,0,0,0,0,0,0,0,0,0,0,0,5,0,VSHB
BKR,07/26/2026,X001XK67JH,B08J84NF9W,HM0602,"BKR® Terrace Garden Picnic Barbeque (BBQ) with 7 Skewers with Wooden Handle & 1 Metal Grill (Black) | Sand Blasting coating metal finish, Long Lasting & Durable",SELLABLE,5,0,0,0,0,0,0,0,0,0,0,0,5,0,VSHB
Gorilla,07/26/2026,X001Y8P7FN,B01MCZCQMG,HM0492 8,"Gorilla 7600101-8 Super Glue Gel (8 Pack), 15 g",SELLABLE,5,0,0,0,0,0,0,0,0,0,0,0,5,0,VSHB
Gorilla,07/26/2026,X001Y8S6EH,B01M69QJV6,HM0492 4,"Gorilla 7600101-4 Super Glue Gel (4 Pack), 15 g",SELLABLE,5,0,0,0,0,0,0,0,0,0,0,0,5,0,VSHB
Gorilla,07/26/2026,X001Y8ZL6X,B007ZR6ZB4,HM0247 6,"Gorilla 4200103 Epoxy (6 Pack), 0.85 oz, Clear",SELLABLE,5,0,0,0,0,0,0,0,0,0,0,0,5,0,VSHB
Gardena,07/26/2026,X001YHFASD,B0001E41VE,LG0408 1,"Gardena 8702-20 Premium Bypass Pruner LG0408 - Sharp, Precise Cuts",SELLABLE,14,0,0,0,0,0,0,0,0,0,0,0,14,0,VSHB
BKR,07/26/2026,X001YHOFEX,B0CTXDMX4H,CA0150,"BKR Snow Chain Carbon Steel 16mm for Fortuner, Thar Roxx, Thar 2024, Scorpio N, Gurkha, Rubycon, HILUX also for 16"" & 17"" -18"" Tyres- FREE 2 bungee ropes and 1pair of gloves CA0150/490",SELLABLE,8,0,0,0,0,0,0,0,0,0,0,0,8,0,VSHB
BKR,07/26/2026,X001YHOFJD,B0CTZTM9F3,CA0154,"BKR Snow Chain 1 pair (2pc) For Jimny, Innova Crysta, Kia Seltos, Ertiga, Tata Nexon etc 14"", 15"", 16"", 17"" & 18"" inches of Tyre Carbon Steel 16mm- FREE 2 bungee ropes, 1pair of gloves CA0154",SELLABLE,36,0,0,0,0,0,0,0,0,0,0,0,36,0,VSHB
Gardena,07/26/2026,X001Z3EAYB,B0CWVFYSQ3,LG1033,"Gardena 18995-29 Basic Connector LG1033 - For 13-15mm Hose, Secure Fit",SELLABLE,10,0,0,0,0,0,0,0,0,0,0,0,10,0,VSHB
Gardena,07/26/2026,X001Z3EAYL,B0BNLNS2MT,LG1040,"Gardena 13304-20 Micro-Drip Endline Drip Head LG1040 - Adjustable, Pressure Equalising",SELLABLE,2,0,0,0,0,0,0,0,0,0,0,0,2,0,BLR8
Gardena,07/26/2026,X001Z3EAYL,B0BNLNS2MT,LG1040,"Gardena 13304-20 Micro-Drip Endline Drip Head LG1040 - Adjustable, Pressure Equalising",SELLABLE,1,0,0,0,0,0,0,0,0,0,0,0,1,0,BOM5
Gardena,07/26/2026,X001Z3EAYL,B0BNLNS2MT,LG1040,"Gardena 13304-20 Micro-Drip Endline Drip Head LG1040 - Adjustable, Pressure Equalising",SELLABLE,2,0,0,0,0,0,0,0,0,0,0,0,2,0,CJB1
Gardena,07/26/2026,X001Z3EAYL,B0BNLNS2MT,LG1040,"Gardena 13304-20 Micro-Drip Endline Drip Head LG1040 - Adjustable, Pressure Equalising",SELLABLE,50,0,0,0,0,0,0,0,0,0,0,0,50,0,VSHB
Gardena,07/26/2026,X001Z3ILYV,B0001E3W4Q,LG1031,"Gardena 3195-20 CombiSystem Tiller LG1031 - 5.5"" Cultivator Head, Weeding Made Easy",SELLABLE,1,0,0,0,0,0,0,0,0,0,0,0,1,0,VSHB
Gardena,07/26/2026,X001Z3ILZ5,B0BNLP35WV,LG1037,Gardena VeggieCut Harvesting Knife with Holster & Sharpener – Precision Knife for Fruits & Vegetables – Ideal for Gardening & Harvesting – Not for Heavy Cutting (12211-20),SELLABLE,2,0,0,0,0,0,0,0,0,0,0,0,2,0,AMD2
Gardena,07/26/2026,X001Z3ILZ5,B0BNLP35WV,LG1037,Gardena VeggieCut Harvesting Knife with Holster & Sharpener – Precision Knife for Fruits & Vegetables – Ideal for Gardening & Harvesting – Not for Heavy Cutting (12211-20),SELLABLE,2,0,0,0,0,0,0,0,0,0,0,0,2,0,BLR8
Gardena,07/26/2026,X001Z3ILZ5,B0BNLP35WV,LG1037,Gardena VeggieCut Harvesting Knife with Holster & Sharpener – Precision Knife for Fruits & Vegetables – Ideal for Gardening & Harvesting – Not for Heavy Cutting (12211-20),SELLABLE,2,0,0,0,0,0,0,0,0,0,0,0,2,0,CCX2
Gardena,07/26/2026,X001Z3ILZ5,B0BNLP35WV,LG1037,Gardena VeggieCut Harvesting Knife with Holster & Sharpener – Precision Knife for Fruits & Vegetables – Ideal for Gardening & Harvesting – Not for Heavy Cutting (12211-20),SELLABLE,2,0,0,0,0,0,0,0,0,0,0,0,2,0,CJB1
Gardena,07/26/2026,X001Z3ILZ5,B0BNLP35WV,LG1037,Gardena VeggieCut Harvesting Knife with Holster & Sharpener – Precision Knife for Fruits & Vegetables – Ideal for Gardening & Harvesting – Not for Heavy Cutting (12211-20),SELLABLE,2,0,0,0,0,0,0,0,0,0,0,0,2,0,HYD3
Gardena,07/26/2026,X001Z3ILZ5,B0BNLP35WV,LG1037,Gardena VeggieCut Harvesting Knife with Holster & Sharpener – Precision Knife for Fruits & Vegetables – Ideal for Gardening & Harvesting – Not for Heavy Cutting (12211-20),SELLABLE,2,0,0,0,0,0,0,0,0,0,0,0,2,0,IDX2
Gardena,07/26/2026,X001Z3ILZ5,B0BNLP35WV,LG1037,Gardena VeggieCut Harvesting Knife with Holster & Sharpener – Precision Knife for Fruits & Vegetables – Ideal for Gardening & Harvesting – Not for Heavy Cutting (12211-20),SELLABLE,2,0,0,0,0,0,0,0,0,0,0,0,2,0,LKO1
Gardena,07/26/2026,X001Z3ILZ5,B0BNLP35WV,LG1037,Gardena VeggieCut Harvesting Knife with Holster & Sharpener – Precision Knife for Fruits & Vegetables – Ideal for Gardening & Harvesting – Not for Heavy Cutting (12211-20),SELLABLE,2,0,0,0,0,0,0,0,0,0,0,0,2,0,PNQ3
Gardena,07/26/2026,X001Z3ILZ5,B0BNLP35WV,LG1037,Gardena VeggieCut Harvesting Knife with Holster & Sharpener – Precision Knife for Fruits & Vegetables – Ideal for Gardening & Harvesting – Not for Heavy Cutting (12211-20),SELLABLE,4,0,0,0,0,0,0,0,0,0,0,0,4,0,VSHB
Gardena,07/26/2026,X001Z3J7P3,B09J92YZ26,LG1042,"GARDENA Tap Connector 26.5 mm (3/4"") 18221-20",SELLABLE,7,0,0,0,0,0,0,0,0,0,0,0,7,0,VSHB
Gardena,07/26/2026,X001Z3J7PD,B0BNLNQZRB,LG1038,"Gardena 13205-20 Pipe Plug LG1038-13mm (1/2"") Sealing Plug",SELLABLE,1,0,0,0,0,0,0,0,0,0,0,0,1,0,CCX1
Gardena,07/26/2026,X001Z3J7PD,B0BNLNQZRB,LG1038,"Gardena 13205-20 Pipe Plug LG1038-13mm (1/2"") Sealing Plug",SELLABLE,2,0,0,0,0,0,0,0,0,0,0,0,2,0,VSHB
Gardena,07/26/2026,X001Z3JAGJ,B0CWVFGX66,LG1032,"Gardena 18993-29 Basic Connector LG1032-13-15mm, Water Stop Feature",SELLABLE,6,0,0,0,0,0,0,0,0,0,0,0,6,0,VSHB
Gardena,07/26/2026,X001Z3JAGT,B0BNLPQN4F,LG1039,Gardena 7 in 1 Assembly Tool for Micro-Drip-System 13313-20,SELLABLE,1,0,0,0,0,0,0,0,0,0,0,0,1,0,BLR7
Gardena,07/26/2026,X001Z3JAGT,B0BNLPQN4F,LG1039,Gardena 7 in 1 Assembly Tool for Micro-Drip-System 13313-20,SELLABLE,1,0,0,0,0,0,0,0,0,0,0,0,1,0,HYD8
Gardena,07/26/2026,X001Z3JAH3,B0CWVJ5TX6,LG1034,"Gardena 18950-29 Basic Spray Gun LG1034 - Versatile, Easy Grip",SELLABLE,5,0,0,0,0,0,0,0,0,0,0,0,5,0,AMD2
Gardena,07/26/2026,X001Z3JAH3,B0CWVJ5TX6,LG1034,"Gardena 18950-29 Basic Spray Gun LG1034 - Versatile, Easy Grip",SELLABLE,5,0,0,0,0,0,0,0,0,0,0,0,5,0,BLR8
Gardena,07/26/2026,X001Z3JAH3,B0CWVJ5TX6,LG1034,"Gardena 18950-29 Basic Spray Gun LG1034 - Versatile, Easy Grip",SELLABLE,3,0,0,0,0,0,0,0,0,0,0,0,3,0,CCX2
Gardena,07/26/2026,X001Z3JAH3,B0CWVJ5TX6,LG1034,"Gardena 18950-29 Basic Spray Gun LG1034 - Versatile, Easy Grip",SELLABLE,3,0,0,0,0,0,0,0,0,0,0,0,3,0,CJB1
Gardena,07/26/2026,X001Z3JAH3,B0CWVJ5TX6,LG1034,"Gardena 18950-29 Basic Spray Gun LG1034 - Versatile, Easy Grip",SELLABLE,5,0,0,0,0,0,0,0,0,0,0,0,5,0,HYD3
Gardena,07/26/2026,X001Z3JAH3,B0CWVJ5TX6,LG1034,"Gardena 18950-29 Basic Spray Gun LG1034 - Versatile, Easy Grip",SELLABLE,5,0,0,0,0,0,0,0,0,0,0,0,5,0,IDX2
Gardena,07/26/2026,X001Z3JAH3,B0CWVJ5TX6,LG1034,"Gardena 18950-29 Basic Spray Gun LG1034 - Versatile, Easy Grip",SELLABLE,5,0,0,0,0,0,0,0,0,0,0,0,5,0,LKO1
Gardena,07/26/2026,X001Z3JAH3,B0CWVJ5TX6,LG1034,"Gardena 18950-29 Basic Spray Gun LG1034 - Versatile, Easy Grip",SELLABLE,4,0,0,0,0,0,0,0,0,0,0,0,4,0,PNQ3
Gardena,07/26/2026,X001Z3JAH3,B0CWVJ5TX6,LG1034,"Gardena 18950-29 Basic Spray Gun LG1034 - Versatile, Easy Grip",SELLABLE,82,0,0,0,0,0,0,0,0,0,0,0,82,0,VSHB
BKR,07/26/2026,X001ZD84QV,B0CXMBFC5N,LG0530,"BKR Hand Push Petrol Brush Cutter 3in1 52cc 2 Stroke Petrol Engine with Tiller Attachment, 500ml/hr Fuel Consumption | Weeding Support Comes with 6 Months Manufacture Warranty",SELLABLE,1,0,0,0,0,0,0,0,0,0,0,0,1,0,VSHB
Gardena,07/26/2026,X0020AG145,B0001E3VCE,LG0785,"Gardena 2942-20 Hose Connector LG0785-1/2"", Control Valve, Regulate Flow",SELLABLE,22,0,0,0,0,0,0,0,0,0,0,0,22,0,VSHB
Gardena,07/26/2026,X0022NV901,B08M93ZMTQ,LG1063,"Gardena 18614-20 Auto Retractable Hose Reel LG1063-66ft, Metal Spike, UV & Frost Proof",SELLABLE,1,0,0,0,0,0,0,0,0,0,0,0,1,0,AMD2
Gardena,07/26/2026,X0022NV901,B08M93ZMTQ,LG1063,"Gardena 18614-20 Auto Retractable Hose Reel LG1063-66ft, Metal Spike, UV & Frost Proof",SELLABLE,1,0,0,0,0,0,0,0,0,0,0,0,1,0,BLR8
Gardena,07/26/2026,X0022NV901,B08M93ZMTQ,LG1063,"Gardena 18614-20 Auto Retractable Hose Reel LG1063-66ft, Metal Spike, UV & Frost Proof",SELLABLE,1,0,0,0,0,0,0,0,0,0,0,0,1,0,CCX2
Gardena,07/26/2026,X0022NV901,B08M93ZMTQ,LG1063,"Gardena 18614-20 Auto Retractable Hose Reel LG1063-66ft, Metal Spike, UV & Frost Proof",SELLABLE,1,0,0,0,0,0,0,0,0,0,0,0,1,0,CJB1
Gardena,07/26/2026,X0022NV901,B08M93ZMTQ,LG1063,"Gardena 18614-20 Auto Retractable Hose Reel LG1063-66ft, Metal Spike, UV & Frost Proof",SELLABLE,1,0,0,0,0,0,0,0,0,0,0,0,1,0,HYD3
Gardena,07/26/2026,X0022NV901,B08M93ZMTQ,LG1063,"Gardena 18614-20 Auto Retractable Hose Reel LG1063-66ft, Metal Spike, UV & Frost Proof",SELLABLE,1,0,0,0,0,0,0,0,0,0,0,0,1,0,IDX2
Gardena,07/26/2026,X0022NV901,B08M93ZMTQ,LG1063,"Gardena 18614-20 Auto Retractable Hose Reel LG1063-66ft, Metal Spike, UV & Frost Proof",SELLABLE,1,0,0,0,0,0,0,0,0,0,0,0,1,0,LKO1
Gardena,07/26/2026,X0022NV901,B08M93ZMTQ,LG1063,"Gardena 18614-20 Auto Retractable Hose Reel LG1063-66ft, Metal Spike, UV & Frost Proof",SELLABLE,1,0,0,0,0,0,0,0,0,0,0,0,1,0,PNQ3
Gardena,07/26/2026,X0022NV90B,B0CNKMGNQ2,LG1062,"Gardena 18615-20 Terrace Hose Box LG1062 - RollUp M, 20m, Auto Retractable",SELLABLE,2,0,0,0,0,0,0,0,0,0,0,0,2,0,VSHB
Gardena,07/26/2026,X0022NV90B,B0CNKMGNQ2,LG1062,"Gardena 18615-20 Terrace Hose Box LG1062 - RollUp M, 20m, Auto Retractable",WAREHOUSE_DAMAGED,1,0,0,0,0,0,0,0,0,0,0,0,1,0,BLR8
Gardena,07/26/2026,X0022OMMGZ,B0035WQMPW,LG1065,Gardena 2783 25 mm x 3/4 Male Elbow Sprinkler System,SELLABLE,2,0,0,0,0,0,0,0,0,0,0,0,2,0,BLR4
Gardena,07/26/2026,X0022OMMGZ,B0035WQMPW,LG1065,Gardena 2783 25 mm x 3/4 Male Elbow Sprinkler System,SELLABLE,5,0,0,0,0,0,0,0,0,0,0,0,5,0,BOM5
Gardena,07/26/2026,X0022OMMGZ,B0035WQMPW,LG1065,Gardena 2783 25 mm x 3/4 Male Elbow Sprinkler System,SELLABLE,1,0,0,0,0,0,0,0,0,0,0,0,1,0,PNQ3
Gardena,07/26/2026,X0022OMMGZ,B0035WQMPW,LG1065,Gardena 2783 25 mm x 3/4 Male Elbow Sprinkler System,SELLABLE,2,0,0,0,0,0,0,0,0,0,0,0,2,0,VSHB
Gardena,07/26/2026,X0022OMMH9,B000NUTNWI,LG1064,GARDENA 2781-U L Piece 25mm x 3/4 male threads -Sprinkler System Pro,SELLABLE,3,0,0,0,0,0,0,0,0,0,0,0,3,0,BLR8
Gardena,07/26/2026,X0022OMMH9,B000NUTNWI,LG1064,GARDENA 2781-U L Piece 25mm x 3/4 male threads -Sprinkler System Pro,SELLABLE,2,0,0,0,0,0,0,0,0,0,0,0,2,0,BOM5
Gardena,07/26/2026,X0022OMMH9,B000NUTNWI,LG1064,GARDENA 2781-U L Piece 25mm x 3/4 male threads -Sprinkler System Pro,SELLABLE,5,0,0,0,0,0,0,0,0,0,0,0,5,0,VSHB
Gardena,07/26/2026,X0022OMMHT,B002C38R8A,LG1061,"Gardena 2907-20 Tap Connector LG1061 - Universal 1/2""-3/4"" Tap Adapter, Brass, Leak-Proof",SELLABLE,1,0,0,0,0,0,0,0,0,0,0,0,1,0,CCX2
Gardena,07/26/2026,X0022OMMHT,B002C38R8A,LG1061,"Gardena 2907-20 Tap Connector LG1061 - Universal 1/2""-3/4"" Tap Adapter, Brass, Leak-Proof",SELLABLE,8,0,0,0,0,0,0,0,0,0,0,0,8,0,VSHB
Gardena,07/26/2026,X0022OMMI3,B09J92F9F5,LG1070,"Gardena 8264-20 Regulating & Shut-Off Box LG1070-3/4"" Outer Thread",SELLABLE,1,0,0,0,0,0,0,0,0,0,0,0,1,0,HYD3
Gardena,07/26/2026,X0022OMMI3,B09J92F9F5,LG1070,"Gardena 8264-20 Regulating & Shut-Off Box LG1070-3/4"" Outer Thread",SELLABLE,5,0,0,0,0,0,0,0,0,0,0,0,5,0,VSHB
Gardena,07/26/2026,X0022OMMIN,B08KGKH3KF,LG1049,"GARDENA Planting and Soil Glove L 11512-20 – Waterproof, Flexible, Breathable, and Smartphone Compatible",SELLABLE,5,0,0,0,0,0,0,0,0,0,0,0,5,0,VSHB
Gardena,07/26/2026,X0022OMMIX,B0BNLJXKLQ,LG1048,"Gardena Tool Rack Plus 3509-20 – Heavy-Duty Garden Tool Storage Solution, Space-Saving Aluminum Rack",SELLABLE,3,0,0,0,0,0,0,0,0,0,0,0,3,0,VSHB
Gardena,07/26/2026,X0022OMMJ7,B000NUY3J6,LG1069,"Gardena 2773-20 U-L Piece LG1069-1"" Connector, Gray, Durable Sprinkler Fit",SELLABLE,1,0,0,0,0,0,0,0,0,0,0,0,1,0,BOM5
Gardena,07/26/2026,X0022OMMJ7,B000NUY3J6,LG1069,"Gardena 2773-20 U-L Piece LG1069-1"" Connector, Gray, Durable Sprinkler Fit",SELLABLE,1,0,0,0,0,0,0,0,0,0,0,0,1,0,PNQ3
Gardena,07/26/2026,X0022OMMJ7,B000NUY3J6,LG1069,"Gardena 2773-20 U-L Piece LG1069-1"" Connector, Gray, Durable Sprinkler Fit",SELLABLE,3,0,0,0,0,0,0,0,0,0,0,0,3,0,VSHB
Gardena,07/26/2026,X0022OMMJH,B09J97RYWH,LG1047,"Gardena AquaCount water meter: For tracked water consumption, four operating modes, rotatable display, battery-operated, UV-resistant and frost-proof (18350-20)",SELLABLE,1,0,0,0,0,0,0,0,0,0,0,0,1,0,BLR8
Gardena,07/26/2026,X0022OMMJH,B09J97RYWH,LG1047,"Gardena AquaCount water meter: For tracked water consumption, four operating modes, rotatable display, battery-operated, UV-resistant and frost-proof (18350-20)",SELLABLE,2,0,0,0,0,0,0,0,0,0,0,0,2,0,VSHB
Gardena,07/26/2026,X0022OMMJR,B00WCDGLLU,LG1058,Amboss: Gardena 00297-20 Combi-System Anvil Branch Pruner,SELLABLE,2,0,0,0,0,0,0,0,0,0,0,0,2,0,MAA4
Gardena,07/26/2026,X0022OMMK1,B0001E3W46,LG1057,GARDENA 3192-20 CombiSystem Draw Hoe LG1057 for Weeding & Soil Loosening,SELLABLE,1,0,0,0,0,0,0,0,0,0,0,0,1,0,AMD2
Gardena,07/26/2026,X0022OMMK1,B0001E3W46,LG1057,GARDENA 3192-20 CombiSystem Draw Hoe LG1057 for Weeding & Soil Loosening,SELLABLE,1,0,0,0,0,0,0,0,0,0,0,0,1,0,BLR8
Gardena,07/26/2026,X0022OMMK1,B0001E3W46,LG1057,GARDENA 3192-20 CombiSystem Draw Hoe LG1057 for Weeding & Soil Loosening,SELLABLE,1,0,0,0,0,0,0,0,0,0,0,0,1,0,CCX2
Gardena,07/26/2026,X0022OMMK1,B0001E3W46,LG1057,GARDENA 3192-20 CombiSystem Draw Hoe LG1057 for Weeding & Soil Loosening,SELLABLE,1,0,0,0,0,0,0,0,0,0,0,0,1,0,CJB1
Gardena,07/26/2026,X0022OMMK1,B0001E3W46,LG1057,GARDENA 3192-20 CombiSystem Draw Hoe LG1057 for Weeding & Soil Loosening,SELLABLE,1,0,0,0,0,0,0,0,0,0,0,0,1,0,HYD3
Gardena,07/26/2026,X0022OMMK1,B0001E3W46,LG1057,GARDENA 3192-20 CombiSystem Draw Hoe LG1057 for Weeding & Soil Loosening,SELLABLE,1,0,0,0,0,0,0,0,0,0,0,0,1,0,IDX2
Gardena,07/26/2026,X0022OMMK1,B0001E3W46,LG1057,GARDENA 3192-20 CombiSystem Draw Hoe LG1057 for Weeding & Soil Loosening,SELLABLE,1,0,0,0,0,0,0,0,0,0,0,0,1,0,LKO1
Gardena,07/26/2026,X0022OMMK1,B0001E3W46,LG1057,GARDENA 3192-20 CombiSystem Draw Hoe LG1057 for Weeding & Soil Loosening,SELLABLE,1,0,0,0,0,0,0,0,0,0,0,0,1,0,PNQ3
Gardena,07/26/2026,X0022OMMK1,B0001E3W46,LG1057,GARDENA 3192-20 CombiSystem Draw Hoe LG1057 for Weeding & Soil Loosening,SELLABLE,5,0,0,0,0,0,0,0,0,0,0,0,5,0,VSHB
Gardena,07/26/2026,X0022OMMKB,B000OY2KSW,LG1068,"Gardena 2763-20 Sprinkler System Connector LG1068-25mm x 1"" Male Thread, Adaptable Fit",SELLABLE,2,0,0,0,0,0,0,0,0,0,0,0,2,0,BOM5
Gardena,07/26/2026,X0022OMMKB,B000OY2KSW,LG1068,"Gardena 2763-20 Sprinkler System Connector LG1068-25mm x 1"" Male Thread, Adaptable Fit",SELLABLE,5,0,0,0,0,0,0,0,0,0,0,0,5,0,VSHB
Gardena,07/26/2026,X0022OMMKL,B0001E3VFQ,LG1056,"Gardena 3101-20 CombiSystem Lawn Rake LG1056 - 17"", Plastic, Easy Cleanup",SELLABLE,2,0,0,0,0,0,0,0,0,0,0,0,2,0,BOM5
Gardena,07/26/2026,X0022OMMKL,B0001E3VFQ,LG1056,"Gardena 3101-20 CombiSystem Lawn Rake LG1056 - 17"", Plastic, Easy Cleanup",SELLABLE,1,0,0,0,0,0,0,0,0,0,0,0,1,0,VSHB
Gardena,07/26/2026,X0022OMMKV,B08KGMGRGR,LG1067,"Gardena 2758 Sprinkler Connector LG1067 - for Valve Boxes, Secure Water Supply, Black",SELLABLE,2,0,0,0,0,0,0,0,0,0,0,0,2,0,BLR8
Gardena,07/26/2026,X0022OMMKV,B08KGMGRGR,LG1067,"Gardena 2758 Sprinkler Connector LG1067 - for Valve Boxes, Secure Water Supply, Black",SELLABLE,2,0,0,0,0,0,0,0,0,0,0,0,2,0,CJB1
Gardena,07/26/2026,X0022OMMKV,B08KGMGRGR,LG1067,"Gardena 2758 Sprinkler Connector LG1067 - for Valve Boxes, Secure Water Supply, Black",SELLABLE,5,0,0,0,0,0,0,0,0,0,0,0,5,0,VSHB
Gardena,07/26/2026,X0022VF38H,B000NUWZ7S,LG1066,"Gardena 2787-20 T-Piece LG1066-25mm x 3/4"" Male Thread, Quick Connect",SELLABLE,2,0,0,0,0,0,0,0,0,0,0,0,2,0,BLR4
Gardena,07/26/2026,X0022VF38H,B000NUWZ7S,LG1066,"Gardena 2787-20 T-Piece LG1066-25mm x 3/4"" Male Thread, Quick Connect",SELLABLE,1,0,0,0,0,0,0,0,0,0,0,0,1,0,BOM5
Gardena,07/26/2026,X0022VF38H,B000NUWZ7S,LG1066,"Gardena 2787-20 T-Piece LG1066-25mm x 3/4"" Male Thread, Quick Connect",SELLABLE,1,0,0,0,0,0,0,0,0,0,0,0,1,0,BOM7
Gardena,07/26/2026,X0022VF38H,B000NUWZ7S,LG1066,"Gardena 2787-20 T-Piece LG1066-25mm x 3/4"" Male Thread, Quick Connect",SELLABLE,1,0,0,0,0,0,0,0,0,0,0,0,1,0,MAA4
Gardena,07/26/2026,X0022VF38H,B000NUWZ7S,LG1066,"Gardena 2787-20 T-Piece LG1066-25mm x 3/4"" Male Thread, Quick Connect",SELLABLE,5,0,0,0,0,0,0,0,0,0,0,0,5,0,VSHB
Gardena,07/26/2026,X0022VF38R,B01M9JRZUJ,LG1054,GARDENA 8915-20 CombiSystem Hand Hoe LG1054 for Weeding Small Beds,SELLABLE,1,0,0,0,0,0,0,0,0,0,0,0,1,0,BLR7
Gardena,07/26/2026,X0022VF38R,B01M9JRZUJ,LG1054,GARDENA 8915-20 CombiSystem Hand Hoe LG1054 for Weeding Small Beds,SELLABLE,2,0,0,0,0,0,0,0,0,0,0,0,2,0,VSHB
Gardena,07/26/2026,X0022VF391,B00368CU10,LG1051,Gardena 8201-29 Turbo Driven Pop-Up Sprinkler LG1051 - Efficient for Small Lawns,SELLABLE,1,0,0,0,0,0,0,0,0,0,0,0,1,0,AMD2
Gardena,07/26/2026,X0022VF391,B00368CU10,LG1051,Gardena 8201-29 Turbo Driven Pop-Up Sprinkler LG1051 - Efficient for Small Lawns,SELLABLE,1,0,0,0,0,0,0,0,0,0,0,0,1,0,BLR7
Gardena,07/26/2026,X0022VF391,B00368CU10,LG1051,Gardena 8201-29 Turbo Driven Pop-Up Sprinkler LG1051 - Efficient for Small Lawns,SELLABLE,2,0,0,0,0,0,0,0,0,0,0,0,2,0,BLR8
Gardena,07/26/2026,X0022VF391,B00368CU10,LG1051,Gardena 8201-29 Turbo Driven Pop-Up Sprinkler LG1051 - Efficient for Small Lawns,SELLABLE,2,0,0,0,0,0,0,0,0,0,0,0,2,0,BOM5
Gardena,07/26/2026,X0022VF391,B00368CU10,LG1051,Gardena 8201-29 Turbo Driven Pop-Up Sprinkler LG1051 - Efficient for Small Lawns,SELLABLE,1,0,0,0,0,0,0,0,0,0,0,0,1,0,BOM7
Gardena,07/26/2026,X0022VF391,B00368CU10,LG1051,Gardena 8201-29 Turbo Driven Pop-Up Sprinkler LG1051 - Efficient for Small Lawns,SELLABLE,3,0,0,0,0,0,0,0,0,0,0,0,3,0,CCX1
Gardena,07/26/2026,X0022VF391,B00368CU10,LG1051,Gardena 8201-29 Turbo Driven Pop-Up Sprinkler LG1051 - Efficient for Small Lawns,SELLABLE,1,0,0,0,0,0,0,0,0,0,0,0,1,0,CCX2
Gardena,07/26/2026,X0022VF391,B00368CU10,LG1051,Gardena 8201-29 Turbo Driven Pop-Up Sprinkler LG1051 - Efficient for Small Lawns,SELLABLE,2,0,0,0,0,0,0,0,0,0,0,0,2,0,CJB1
Gardena,07/26/2026,X0022VF391,B00368CU10,LG1051,Gardena 8201-29 Turbo Driven Pop-Up Sprinkler LG1051 - Efficient for Small Lawns,SELLABLE,3,0,0,0,0,0,0,0,0,0,0,0,3,0,HYD8
Gardena,07/26/2026,X0022VF391,B00368CU10,LG1051,Gardena 8201-29 Turbo Driven Pop-Up Sprinkler LG1051 - Efficient for Small Lawns,SELLABLE,1,0,0,0,0,0,0,0,0,0,0,0,1,0,IDX2
Gardena,07/26/2026,X0022VF391,B00368CU10,LG1051,Gardena 8201-29 Turbo Driven Pop-Up Sprinkler LG1051 - Efficient for Small Lawns,SELLABLE,1,0,0,0,0,0,0,0,0,0,0,0,1,0,LKO1
Gardena,07/26/2026,X0022VF391,B00368CU10,LG1051,Gardena 8201-29 Turbo Driven Pop-Up Sprinkler LG1051 - Efficient for Small Lawns,SELLABLE,2,0,0,0,0,0,0,0,0,0,0,0,2,0,MAA4
Gardena,07/26/2026,X0022VF391,B00368CU10,LG1051,Gardena 8201-29 Turbo Driven Pop-Up Sprinkler LG1051 - Efficient for Small Lawns,SELLABLE,17,0,0,0,0,0,0,0,0,0,0,0,17,0,VSHB
Gorilla,07/26/2026,X00233EAS3,B07GRJ8L55,HM0627 1,"Gorilla All Weather Outdoor Waterproof Duct Tape, UV and Temperature Resistant, 1.88"" x 25 yd, Black (Pack of 1), Limited Edition",SELLABLE,4,0,0,0,0,0,0,0,0,0,0,0,4,0,BLR7
Gorilla,07/26/2026,X00233EAS3,B07GRJ8L55,HM0627 1,"Gorilla All Weather Outdoor Waterproof Duct Tape, UV and Temperature Resistant, 1.88"" x 25 yd, Black (Pack of 1), Limited Edition",SELLABLE,2,0,0,0,0,0,0,0,0,0,0,0,2,0,CCX2
Gorilla,07/26/2026,X00233EAS3,B07GRJ8L55,HM0627 1,"Gorilla All Weather Outdoor Waterproof Duct Tape, UV and Temperature Resistant, 1.88"" x 25 yd, Black (Pack of 1), Limited Edition",SELLABLE,1,0,0,0,0,0,0,0,0,0,0,0,1,0,LKO1
Gorilla,07/26/2026,X00233EAS3,B07GRJ8L55,HM0627 1,"Gorilla All Weather Outdoor Waterproof Duct Tape, UV and Temperature Resistant, 1.88"" x 25 yd, Black (Pack of 1), Limited Edition",SELLABLE,1,0,0,0,0,0,0,0,0,0,0,0,1,0,MAA4
Gorilla,07/26/2026,X00233EAS3,B07GRJ8L55,HM0627 1,"Gorilla All Weather Outdoor Waterproof Duct Tape, UV and Temperature Resistant, 1.88"" x 25 yd, Black (Pack of 1), Limited Edition",WAREHOUSE_DAMAGED,1,0,0,0,0,0,0,0,0,0,0,0,1,0,BLR8
Gardena,07/26/2026,X0023APGGB,B07YSTGP17,LG0740 1,"Gardena 18708-20 ZoomMaxx Sprinkler LG0740 - Oscillating, Weighted Base, Wide Coverage",SELLABLE,10,0,0,0,0,0,0,0,0,0,0,0,10,0,VSHB
Gorilla,07/26/2026,X0024Y4W6L,B01NCSN5AS,HM0633,"10 Oz. : Gorilla 8060002 White 100Percentsilicone Sealant, 10 Oz, White",SELLABLE,1,0,0,0,0,0,0,0,0,0,0,0,1,0,VSHB
BKR,07/26/2026,X00252IDSF,B0DGD8FVVJ,LG0692,"BKR® 18-Inch Electric Lawn Mower | 1800W Powerful Motor | Adjustable Cutting Height | 55L Grass Collection Box | Lightweight & Eco-Friendly, 6 Months Manufacture Warranty | Made in India",SELLABLE,5,0,0,0,0,0,0,0,0,0,0,0,5,0,VSHB
Gardena,07/26/2026,X00252IDSP,B09J94GGYC,LG1041,"Gardena 18220-20 Tap Connector LG1041-21mm (1/2""), Easy Installation",SELLABLE,2,0,0,0,0,0,0,0,0,0,0,0,2,0,BLR8
Gardena,07/26/2026,X00252IDSP,B09J94GGYC,LG1041,"Gardena 18220-20 Tap Connector LG1041-21mm (1/2""), Easy Installation",SELLABLE,2,0,0,0,0,0,0,0,0,0,0,0,2,0,CCX2
Gardena,07/26/2026,X00252IDSP,B09J94GGYC,LG1041,"Gardena 18220-20 Tap Connector LG1041-21mm (1/2""), Easy Installation",SELLABLE,5,0,0,0,0,0,0,0,0,0,0,0,5,0,VSHB
BKR,07/26/2026,X00252IDSZ,B0DFCG66K2,LG0556 1,"BKR® PPS35-S Portable Power Pressure Sprayer with 4-Stroke Engine – Versatile, High-Performance Sprayer for Garden and Agricultural Use comes with 6 months manufacturer warranty",SELLABLE,1,0,0,0,0,0,0,0,0,0,0,0,1,0,VSHB
Gorilla,07/26/2026,X00252IDTJ,B07GVXRZZX,HM0745,"Gorilla Clear Glue Minis, Four 3 Gram Tubes, Clear",SELLABLE,1,0,0,0,0,0,0,0,0,0,0,0,1,0,AMD2
Gorilla,07/26/2026,X00252IDTJ,B07GVXRZZX,HM0745,"Gorilla Clear Glue Minis, Four 3 Gram Tubes, Clear",SELLABLE,1,0,0,0,0,0,0,0,0,0,0,0,1,0,BLR8
Gorilla,07/26/2026,X00252IDTJ,B07GVXRZZX,HM0745,"Gorilla Clear Glue Minis, Four 3 Gram Tubes, Clear",SELLABLE,4,0,0,0,0,0,0,0,0,0,0,0,4,0,BOM5
Gorilla,07/26/2026,X00252IDTJ,B07GVXRZZX,HM0745,"Gorilla Clear Glue Minis, Four 3 Gram Tubes, Clear",SELLABLE,1,0,0,0,0,0,0,0,0,0,0,0,1,0,CCX2
Gorilla,07/26/2026,X00252IDTJ,B07GVXRZZX,HM0745,"Gorilla Clear Glue Minis, Four 3 Gram Tubes, Clear",SELLABLE,1,0,0,0,0,0,0,0,0,0,0,0,1,0,HYD3
Gorilla,07/26/2026,X00252IDTJ,B07GVXRZZX,HM0745,"Gorilla Clear Glue Minis, Four 3 Gram Tubes, Clear",SELLABLE,1,0,0,0,0,0,0,0,0,0,0,0,1,0,IDX2
Gorilla,07/26/2026,X00252IDTJ,B07GVXRZZX,HM0745,"Gorilla Clear Glue Minis, Four 3 Gram Tubes, Clear",SELLABLE,1,0,0,0,0,0,0,0,0,0,0,0,1,0,LKO1
Gorilla,07/26/2026,X00252IDTJ,B07GVXRZZX,HM0745,"Gorilla Clear Glue Minis, Four 3 Gram Tubes, Clear",SELLABLE,1,0,0,0,0,0,0,0,0,0,0,0,1,0,PNQ3
Gorilla,07/26/2026,X00252IDTJ,B07GVXRZZX,HM0745,"Gorilla Clear Glue Minis, Four 3 Gram Tubes, Clear",SELLABLE,8,0,0,0,0,0,0,0,0,0,0,0,8,0,VSHB
Gardena,07/26/2026,X00252J79T,B019WCGFXC,LG0979,GARDENA 5311-20 Sprayer Filter Nipple in Silve/Blue/Black,SELLABLE,1,0,0,0,0,0,0,0,0,0,0,0,1,0,AMD2
Gardena,07/26/2026,X00252J79T,B019WCGFXC,LG0979,GARDENA 5311-20 Sprayer Filter Nipple in Silve/Blue/Black,SELLABLE,9,0,0,0,0,0,0,0,0,0,0,0,9,0,BOM5
Gardena,07/26/2026,X00252J79T,B019WCGFXC,LG0979,GARDENA 5311-20 Sprayer Filter Nipple in Silve/Blue/Black,SELLABLE,7,0,0,0,0,0,0,0,0,0,0,0,7,0,LKO1
Gardena,07/26/2026,X00252J79T,B019WCGFXC,LG0979,GARDENA 5311-20 Sprayer Filter Nipple in Silve/Blue/Black,SELLABLE,10,0,0,0,0,0,0,0,0,0,0,0,10,0,PNQ3
Gardena,07/26/2026,X00252J79T,B019WCGFXC,LG0979,GARDENA 5311-20 Sprayer Filter Nipple in Silve/Blue/Black,SELLABLE,5,0,0,0,0,0,0,0,0,0,0,0,5,0,VSHB
Gardena,07/26/2026,X00252J7A3,B018E0KWEQ,LG0932,GARDENA 1328-20 Pipe Pegs LG0932 – Reliable Ground Fixing for Supply Pipes,SELLABLE,1,0,0,0,0,0,0,0,0,0,0,0,1,0,MAA4
Gardena,07/26/2026,X00252J7A3,B018E0KWEQ,LG0932,GARDENA 1328-20 Pipe Pegs LG0932 – Reliable Ground Fixing for Supply Pipes,SELLABLE,10,0,0,0,0,0,0,0,0,0,0,0,10,0,VSHB
BKR,07/26/2026,X00252J7AD,B0DCG8JJ2J,LG0568,BKR® Heavy Duty Power Tiller - 2 Stroke 68 CC 3.5 HP Engine for Efficient Soil Cultivation | Simple Control & Fuel efficient Operation | 6 Months Manufacture Warranty,SELLABLE,7,0,0,0,0,0,0,0,0,0,0,0,7,0,VSHB
BKR,07/26/2026,X00252J7AN,B07ZJ4ZCQV,LG0546,BKR® Heavy-Duty Thermal Fogging Machine with Self Start | 15L Pesticide Tank | 12V Rechargeable Battery | 2L Fuel Tank | 80–120 L/h Spray Rate | Lead-Free Gasoline | 6 months manufacturer warranty,SELLABLE,1,0,0,0,0,0,0,0,0,0,0,0,1,0,KWZ2
BKR,07/26/2026,X00252J7BH,B07ZM2SKHB,LG0566,"BKR ® Simplify Farming Garden Mini Hand Push Tiller/Cultivator 52cc with 2 Stroke and 2.4 HP Power, Maximum Power of 1.45kw at 7000 RPM",SELLABLE,17,0,0,0,0,0,0,0,0,0,0,0,17,0,VSHB
BKR,07/26/2026,X00252J7BR,B0CW3FMLK6,LG0573,"BKR® BC-1400 1400W Electric Brush Cutter with Bike Handle, 380mm Cutting Width, Heavy-Duty Copper Winding Motor, 1ft Wire Length, 6-Month Manufacturer Warranty",SELLABLE,3,0,0,0,0,0,0,0,0,0,0,0,3,0,VSHB
BKR,07/26/2026,X00255BKRD,B0DJ14HWN6,LG1071,"BKR Easy 350 Cylindrical Lawn Mower | 14-Inch Cutting Width, 6 Heavy-Duty Blades, Adjustable Height (12-45mm) & 40L Grass Collector | Ideal for Gardens up to 200 Sqm",SELLABLE,1,0,0,0,0,0,0,0,0,0,0,0,1,0,VSHB
BKR,07/26/2026,X002583M0X,B08RWVRM58,HM0634,"BKR Round Firepit with Skewers for Barbecuing Outdoor 58 x 58 x 33 cm, 18.5kg Weight Without Wheel High- Temperature Powder Coated and Rust Free Material with 5years Warranty",SELLABLE,2,0,0,0,0,0,0,0,0,0,0,0,2,0,KWZ2
BKR,07/26/2026,X002583M17,B08RWT168B,HM0637,"BKR® Round Firepit with Skewers for Barbecuing Outdoor 58 x 58 x 33 cm, 18kg Weight with Wheel | High-Temperature Coating Rust-Resistant Metal with 5 Years Warranty",SELLABLE,2,0,0,0,0,0,0,0,0,0,0,0,2,0,KWZ2
BKR,07/26/2026,X0025FLJPL,B0DJ51Q4WF,CA0159,"BKR® Premium 10-Liter Metal Jerry Can | Heavy-Duty Fuel Storage Container for Generators, Jeeps & Vehicles | Leak-Proof Design with Secure Closure | 2.7 kg | Colour May Vary",SELLABLE,1,0,0,0,0,0,0,0,0,0,0,0,1,0,VSHB
Gardena,07/26/2026,X0025NK4NL,B018E0KWDW,LG0767,"Gardena 8868-20 Electric Telescopic Pruner LG0767 - Powerful, Reachable Cuts",SELLABLE,1,0,0,0,0,0,0,0,0,0,0,0,1,0,VSHB
Gardena,07/26/2026,X0025NLUX9,B018E0L0VK,LG0766,"Gardena 8883-20 Electric Hedge Trimmer LG0766 - Efficient, Telescopic Trimming",SELLABLE,1,0,0,0,0,0,0,0,0,0,0,0,1,0,VSHB
Gardena,07/26/2026,X0025NLYKN,B0001E3WDM,LG0796,"Gardena 3715-20, 59"" Aluminum Handle LG0796 - Sturdy Tool Extension",SELLABLE,5,0,0,0,0,0,0,0,0,0,0,0,5,0,VSHB
Gardena,07/26/2026,X0025NM0D3,B0001E3WEQ,LG1059,"Gardena 3728-20, 180cm Ashwood Handle LG1059 - Premium, Low-Vibration Grip",SELLABLE,1,0,0,0,0,0,0,0,0,0,0,0,1,0,VSHB
Gardena,07/26/2026,X0025NN4RJ,B00WCDGQ1U,LG1060,"Gardena 3721-20 Telescopic Handle LG1060 - Adjustable Length, Easy Reach",SELLABLE,5,0,0,0,0,0,0,0,0,0,0,0,5,0,VSHB
Gardena,07/26/2026,X0025NN6RR,B00FXYD99C,LG1055,"GARDENA combisystem Extension Handle 8900-20 for Hand Tools, Ergonomic and Durable",SELLABLE,2,0,0,0,0,0,0,0,0,0,0,0,2,0,KWZ2
Gardena,07/26/2026,X0025NNGSL,B0001E3WEG,LG0795,"Gardena 3725-20, 150cm Wooden Handle LG0795 - Classic, Durable Design",SELLABLE,5,0,0,0,0,0,0,0,0,0,0,0,5,0,VSHB
BKR,07/26/2026,X0025QPSCF,B0DKBY4TMT,LG1076,"BKR® KB-200 Mini Fogger | Diesel Fogger Machine for Pest Control, 2.8L chemical tank with 0.5L/h fuel consumption – Ideal for Domestic & Commercial Use comes with 6 months manufacturing warranty",SELLABLE,2,0,0,0,0,0,0,0,0,0,0,0,2,0,PNQ3
Gardena,07/26/2026,X0026LN1WN,B0BNLKWCN4,LG1084,"Gardena 14633-20 Lawnmower LG1084-1200W, 32cm Cut, Adjustable Height, Easy Maneuver",SELLABLE,5,0,0,0,0,0,0,0,0,0,0,0,5,0,VSHB
Gardena,07/26/2026,X0026OXPML,B0BNLLZ8GK,LG1101,"Gardena 13203-20 Connector LG1101-13mm, Micro-Drip, Pipe Extension, Anthracite",SELLABLE,1,0,0,0,0,0,0,0,0,0,0,0,1,0,CJB1
Gardena,07/26/2026,X0026OXPML,B0BNLLZ8GK,LG1101,"Gardena 13203-20 Connector LG1101-13mm, Micro-Drip, Pipe Extension, Anthracite",SELLABLE,1,0,0,0,0,0,0,0,0,0,0,0,1,0,MAA4
Gardena,07/26/2026,X0026OXPML,B0BNLLZ8GK,LG1101,"Gardena 13203-20 Connector LG1101-13mm, Micro-Drip, Pipe Extension, Anthracite",SELLABLE,9,0,0,0,0,0,0,0,0,0,0,0,9,0,VSHB
Gardena,07/26/2026,X0026OXPMV,B0001E3U2U,LG1098,"Gardena 3-Way Y Coupling 2934-20 | Durable Garden Hose Connector - Fits 19mm (3/4"") & 13mm (1/2"") Hoses | Frost/UV Resistant German-Made Irrigation Tool",SELLABLE,9,0,0,0,0,0,0,0,0,0,0,0,9,0,BOM5
Gardena,07/26/2026,X0026OXPMV,B0001E3U2U,LG1098,"Gardena 3-Way Y Coupling 2934-20 | Durable Garden Hose Connector - Fits 19mm (3/4"") & 13mm (1/2"") Hoses | Frost/UV Resistant German-Made Irrigation Tool",SELLABLE,5,0,0,0,0,0,0,0,0,0,0,0,5,0,VSHB
Gardena,07/26/2026,X0026OXPN5,B09J925R8Y,LG1095,"Gardena 13208-20 Pipe Clip LG1095-10pcs, Secures 13mm Pipes, Efficient Irrigation",SELLABLE,1,0,0,0,0,0,0,0,0,0,0,0,1,0,BOM5
Gardena,07/26/2026,X0026OXPN5,B09J925R8Y,LG1095,"Gardena 13208-20 Pipe Clip LG1095-10pcs, Secures 13mm Pipes, Efficient Irrigation",SELLABLE,1,0,0,0,0,0,0,0,0,0,0,0,1,0,MAA4
Gardena,07/26/2026,X0026OXPN5,B09J925R8Y,LG1095,"Gardena 13208-20 Pipe Clip LG1095-10pcs, Secures 13mm Pipes, Efficient Irrigation",SELLABLE,5,0,0,0,0,0,0,0,0,0,0,0,5,0,VSHB
Gardena,07/26/2026,X0026OXRQZ,B0CNPXHRB4,LG1078,"Gardena 18828-20 CleanSystem Wash Set LG1078 - Hard Bristle Brush, Effective Cleaning",SELLABLE,2,0,0,0,0,0,0,0,0,0,0,0,2,0,VSHB
Gardena,07/26/2026,X0026OXRR9,B018E0L0PG,LG1091,"Gardena 9805-20 Turbotrimmer LG1091-300W, 230mm Cutting Width, Lightweight",SELLABLE,1,0,0,0,0,0,0,0,0,0,0,0,1,0,BLR8
Gardena,07/26/2026,X0026OXRR9,B018E0L0PG,LG1091,"Gardena 9805-20 Turbotrimmer LG1091-300W, 230mm Cutting Width, Lightweight",SELLABLE,1,0,0,0,0,0,0,0,0,0,0,0,1,0,HYD3
Gardena,07/26/2026,X0026OXRR9,B018E0L0PG,LG1091,"Gardena 9805-20 Turbotrimmer LG1091-300W, 230mm Cutting Width, Lightweight",SELLABLE,10,0,0,0,0,0,0,0,0,0,0,0,10,0,VSHB
Gardena,07/26/2026,X0026OXRRJ,B000NUTNOG,LG1102,Gardena 4647-20 U-Spiral Hose Set LG1102-10m Auto-Coil Hose with Nozzle,SELLABLE,1,0,0,0,0,0,0,0,0,0,0,0,1,0,AMD2
Gardena,07/26/2026,X0026OXRRJ,B000NUTNOG,LG1102,Gardena 4647-20 U-Spiral Hose Set LG1102-10m Auto-Coil Hose with Nozzle,SELLABLE,1,0,0,0,0,0,0,0,0,0,0,0,1,0,BLR8
Gardena,07/26/2026,X0026OXRRJ,B000NUTNOG,LG1102,Gardena 4647-20 U-Spiral Hose Set LG1102-10m Auto-Coil Hose with Nozzle,SELLABLE,1,0,0,0,0,0,0,0,0,0,0,0,1,0,CJB1
Gardena,07/26/2026,X0026OXRRJ,B000NUTNOG,LG1102,Gardena 4647-20 U-Spiral Hose Set LG1102-10m Auto-Coil Hose with Nozzle,SELLABLE,4,0,0,0,0,0,0,0,0,0,0,0,4,0,VSHB
Gardena,07/26/2026,X0026OYWMX,B0CNKM5TNG,LG1082,"Gardena 11715-20 Garden Waste Bag LG1082-127L, Pop-Up, Eco-Friendly, Durable",SELLABLE,1,0,0,0,0,0,0,0,0,0,0,0,1,0,CCX2
Gardena,07/26/2026,X0026OYWMX,B0CNKM5TNG,LG1082,"Gardena 11715-20 Garden Waste Bag LG1082-127L, Pop-Up, Eco-Friendly, Durable",SELLABLE,1,0,0,0,0,0,0,0,0,0,0,0,1,0,HYD3
Gardena,07/26/2026,X0026OYWMX,B0CNKM5TNG,LG1082,"Gardena 11715-20 Garden Waste Bag LG1082-127L, Pop-Up, Eco-Friendly, Durable",SELLABLE,1,0,0,0,0,0,0,0,0,0,0,0,1,0,PNQ3
Gardena,07/26/2026,X0026OYWMX,B0CNKM5TNG,LG1082,"Gardena 11715-20 Garden Waste Bag LG1082-127L, Pop-Up, Eco-Friendly, Durable",SELLABLE,5,0,0,0,0,0,0,0,0,0,0,0,5,0,VSHB
Gardena,07/26/2026,X0026OYWN7,B001J5P9JM,LG1097,"Gardena 8141-20 Comfort Pulse Sprinkler LG1097 - Covers 75-490m, Adjustable Range up to 12.5m",SELLABLE,2,0,0,0,0,0,0,0,0,0,0,0,2,0,CJB1
Gardena,07/26/2026,X0026OYWN7,B001J5P9JM,LG1097,"Gardena 8141-20 Comfort Pulse Sprinkler LG1097 - Covers 75-490m, Adjustable Range up to 12.5m",SELLABLE,15,0,0,0,0,0,0,0,0,0,0,0,15,0,VSHB
Gardena,07/26/2026,X0026P305H,B076XRYZ7C,LG1085,"Gardena 5042-20 Powermax 1800W Electric Lawn Mower LG1085-42cm Cut, 45L Grass Box, Large Lawns",SELLABLE,3,0,0,0,0,0,0,0,0,0,0,0,3,0,VSHB
Gardena,07/26/2026,X0026P5P2D,B0001E3T1C,LG1100,Gardena (1731-20) Pump Pre-Filter | 3000 l/h Water Flow Capacity | Durable Sand & Dirt Filtration for Garden Pumps & Domestic Water Systems,SELLABLE,1,0,0,0,0,0,0,0,0,0,0,0,1,0,VSHB
Gardena,07/26/2026,X0026P5P2N,B006MWDJS0,LG1090,"Gardena 9332-20 ErgoJet 3000 LG1090-3000W, 170 L/s Suction, 310 km/h Blow Speed",SELLABLE,1,0,0,0,0,0,0,0,0,0,0,0,1,0,BLR8
Gardena,07/26/2026,X0026P5P2N,B006MWDJS0,LG1090,"Gardena 9332-20 ErgoJet 3000 LG1090-3000W, 170 L/s Suction, 310 km/h Blow Speed",SELLABLE,1,0,0,0,0,0,0,0,0,0,0,0,1,0,HYD3
Gardena,07/26/2026,X0026P5P2N,B006MWDJS0,LG1090,"Gardena 9332-20 ErgoJet 3000 LG1090-3000W, 170 L/s Suction, 310 km/h Blow Speed",SELLABLE,3,0,0,0,0,0,0,0,0,0,0,0,3,0,VSHB
Gardena,07/26/2026,X0026P5RY9,B004X5X7PS,LG1099,"Gardena 2931-20 Hose Coupling LG1099 - Secure Connection, 13mm (1/2"")",SELLABLE,2,0,0,0,0,0,0,0,0,0,0,0,2,0,KWZ2
Gardena,07/26/2026,X0026P5RYJ,B01M9JSEI9,LG1096,"Gardena 12001-20 Telescopic Lopper LG1096-6.5m Reach, 200° Cutting Angle",SELLABLE,5,0,0,0,0,0,0,0,0,0,0,0,5,0,VSHB
Gardena,07/26/2026,X0026P5W7B,B08KGMS5XR,LG1083,Gardena 3608-20 Combisystem 3-in-1 Patio Weeding & Cleaning Brush Tool | Chemical-Free Weed Removal,SELLABLE,2,0,0,0,0,0,0,0,0,0,0,0,2,0,AMD2
Gardena,07/26/2026,X0026P5W7B,B08KGMS5XR,LG1083,Gardena 3608-20 Combisystem 3-in-1 Patio Weeding & Cleaning Brush Tool | Chemical-Free Weed Removal,SELLABLE,2,0,0,0,0,0,0,0,0,0,0,0,2,0,BLR8
Gardena,07/26/2026,X0026P5W7B,B08KGMS5XR,LG1083,Gardena 3608-20 Combisystem 3-in-1 Patio Weeding & Cleaning Brush Tool | Chemical-Free Weed Removal,SELLABLE,1,0,0,0,0,0,0,0,0,0,0,0,1,0,CCX2
Gardena,07/26/2026,X0026P5W7B,B08KGMS5XR,LG1083,Gardena 3608-20 Combisystem 3-in-1 Patio Weeding & Cleaning Brush Tool | Chemical-Free Weed Removal,SELLABLE,2,0,0,0,0,0,0,0,0,0,0,0,2,0,CJB1
Gardena,07/26/2026,X0026P5W7B,B08KGMS5XR,LG1083,Gardena 3608-20 Combisystem 3-in-1 Patio Weeding & Cleaning Brush Tool | Chemical-Free Weed Removal,SELLABLE,2,0,0,0,0,0,0,0,0,0,0,0,2,0,HYD3
Gardena,07/26/2026,X0026P5W7B,B08KGMS5XR,LG1083,Gardena 3608-20 Combisystem 3-in-1 Patio Weeding & Cleaning Brush Tool | Chemical-Free Weed Removal,SELLABLE,2,0,0,0,0,0,0,0,0,0,0,0,2,0,PNQ3
Gardena,07/26/2026,X0026P5W7B,B08KGMS5XR,LG1083,Gardena 3608-20 Combisystem 3-in-1 Patio Weeding & Cleaning Brush Tool | Chemical-Free Weed Removal,SELLABLE,10,0,0,0,0,0,0,0,0,0,0,0,10,0,VSHB
Gardena,07/26/2026,X0026P69XR,B0CNPX6THQ,LG1081,"Gardena 18812-20 CleanSystem Handle Brush LG1081 - Soft Bristles, Swivelling Head, Gentle Cleaning",SELLABLE,1,0,0,0,0,0,0,0,0,0,0,0,1,0,VSHB
Gardena,07/26/2026,X0026P69XR,B0CNPX6THQ,LG1081,"Gardena 18812-20 CleanSystem Handle Brush LG1081 - Soft Bristles, Swivelling Head, Gentle Cleaning",WAREHOUSE_DAMAGED,1,0,0,0,0,0,0,0,0,0,0,0,1,0,CJB1
Gardena,07/26/2026,X002763Z0P,B0013HS0WE,LG1093,"Gardena 2999-20 Elbow Joint LG1093-1"" x 3/4"", Angled Tap Connector, Anti-Kink",SELLABLE,1,0,0,0,0,0,0,0,0,0,0,0,1,0,BLR8
Gardena,07/26/2026,X002763Z0P,B0013HS0WE,LG1093,"Gardena 2999-20 Elbow Joint LG1093-1"" x 3/4"", Angled Tap Connector, Anti-Kink",SELLABLE,1,0,0,0,0,0,0,0,0,0,0,0,1,0,CCX2
Gardena,07/26/2026,X002763Z0P,B0013HS0WE,LG1093,"Gardena 2999-20 Elbow Joint LG1093-1"" x 3/4"", Angled Tap Connector, Anti-Kink",SELLABLE,1,0,0,0,0,0,0,0,0,0,0,0,1,0,CJB1
Gardena,07/26/2026,X002763Z0P,B0013HS0WE,LG1093,"Gardena 2999-20 Elbow Joint LG1093-1"" x 3/4"", Angled Tap Connector, Anti-Kink",SELLABLE,2,0,0,0,0,0,0,0,0,0,0,0,2,0,HYD3
Gardena,07/26/2026,X002763Z0P,B0013HS0WE,LG1093,"Gardena 2999-20 Elbow Joint LG1093-1"" x 3/4"", Angled Tap Connector, Anti-Kink",SELLABLE,1,0,0,0,0,0,0,0,0,0,0,0,1,0,IDX2
Gardena,07/26/2026,X002763Z0P,B0013HS0WE,LG1093,"Gardena 2999-20 Elbow Joint LG1093-1"" x 3/4"", Angled Tap Connector, Anti-Kink",SELLABLE,1,0,0,0,0,0,0,0,0,0,0,0,1,0,LKO1
Gardena,07/26/2026,X002763Z0P,B0013HS0WE,LG1093,"Gardena 2999-20 Elbow Joint LG1093-1"" x 3/4"", Angled Tap Connector, Anti-Kink",SELLABLE,1,0,0,0,0,0,0,0,0,0,0,0,1,0,PNQ3
Gardena,07/26/2026,X002763Z0P,B0013HS0WE,LG1093,"Gardena 2999-20 Elbow Joint LG1093-1"" x 3/4"", Angled Tap Connector, Anti-Kink",SELLABLE,10,0,0,0,0,0,0,0,0,0,0,0,10,0,VSHB
BKR,07/26/2026,X0027CXBWL,B0DRK5PG3X,LG0810 2,"BKR® Heavy Duty Cylindrical Manual Lawn Mower, 12-Inch Cutting Width, Eco-Friendly Cylindrical Side Wheel Design – Durable Cast Iron Frame",SELLABLE,100,0,0,0,0,0,0,0,0,0,0,0,100,0,VSHB
BKR,07/26/2026,X00286CPZP,B0BRKZVMSK,LG0810x1,"BKR® Heavy Duty Manual Lawn Mower with Side Wheel, 12-Inch Blade, Adjustable Cutting Height (5-30mm), Mowing Area 400 Sq. Ft, 15L Grass Collection Box, 6-Month Manufacturer Warranty",SELLABLE,2,0,0,0,0,0,0,0,0,0,0,0,2,0,VSHB
Gardena,07/26/2026,X0028R52W7,B076WT9JC9,LG1114,"Gardena Escoba de exteriores combisystem Estándar, 33x25.5x2.5 cm",SELLABLE,2,0,0,0,0,0,0,0,0,0,0,0,2,0,VSHB
Gardena,07/26/2026,X0028R52WH,B01MQDF1A8,LG1122,GARDENA 08919-20 Hand Rake LG1122 for Loosening & Levelling in Beds,SELLABLE,5,0,0,0,0,0,0,0,0,0,0,0,5,0,VSHB
Gardena,07/26/2026,X0028R52WR,B08KGGXBP3,LG1112,"Gardena Device Glove Size 8/M: Gloves for All Working with Devices, Optimal Grip, Shock-Absorbing Pads, Mesh Fabric, Mobile Touch for Smartphone Use (11520-20) M (Pack of 1)",SELLABLE,1,0,0,0,0,0,0,0,0,0,0,0,1,0,BLR8
Gardena,07/26/2026,X0028R52WR,B08KGGXBP3,LG1112,"Gardena Device Glove Size 8/M: Gloves for All Working with Devices, Optimal Grip, Shock-Absorbing Pads, Mesh Fabric, Mobile Touch for Smartphone Use (11520-20) M (Pack of 1)",SELLABLE,3,0,0,0,0,0,0,0,0,0,0,0,3,0,VSHB
Gardena,07/26/2026,X0028R86ON,B076X8ZH89,LG1115,"Gardena 03651-20 Combisystem Gutter Cleaner LG1115 - Safe, Efficient Cleaning",SELLABLE,1,0,0,0,0,0,0,0,0,0,0,0,1,0,VSHB
Gardena,07/26/2026,X0028R91J7,B09J91LSGL,LG1107,Gardena 8262-20 Connecting Point LG1107 - Easy Connection System,SELLABLE,10,0,0,0,0,0,0,0,0,0,0,0,10,0,VSHB
Gardena,07/26/2026,X0028R91JH,B07YSTLS8P,LG1108,GARDENA 08223-20 Pop-Up Sprinkler OS 140 LG1108 for Lawns 140m² Area,SELLABLE,1,0,0,0,0,0,0,0,0,0,0,0,1,0,BLR8
Gardena,07/26/2026,X0028R91JH,B07YSTLS8P,LG1108,GARDENA 08223-20 Pop-Up Sprinkler OS 140 LG1108 for Lawns 140m² Area,SELLABLE,2,0,0,0,0,0,0,0,0,0,0,0,2,0,VSHB
Gardena,07/26/2026,X0028R9F3T,B000OY4PVC,LG1125,"GARDENA 2762-U Connector 25mm x 1"" - Sprinkler System Pro",SELLABLE,5,0,0,0,0,0,0,0,0,0,0,0,5,0,VSHB
Gardena,07/26/2026,X0028R9G5L,B08KGNYKZR,LG1109,"GARDENA 11112-20 Misting Spray, 360° Function That Can Be Sprayed Angled Even When Sprayed, Brass Nozzle, Switchable Spray Type, German Gardening Brand, Gardening Gardening",SELLABLE,2,0,0,0,0,0,0,0,0,0,0,0,2,0,BLR8
Gardena,07/26/2026,X0028R9G5L,B08KGNYKZR,LG1109,"GARDENA 11112-20 Misting Spray, 360° Function That Can Be Sprayed Angled Even When Sprayed, Brass Nozzle, Switchable Spray Type, German Gardening Brand, Gardening Gardening",SELLABLE,2,0,0,0,0,0,0,0,0,0,0,0,2,0,CCX2
Gardena,07/26/2026,X0028R9G5L,B08KGNYKZR,LG1109,"GARDENA 11112-20 Misting Spray, 360° Function That Can Be Sprayed Angled Even When Sprayed, Brass Nozzle, Switchable Spray Type, German Gardening Brand, Gardening Gardening",SELLABLE,4,0,0,0,0,0,0,0,0,0,0,0,4,0,HYD3
Gardena,07/26/2026,X0028R9G5L,B08KGNYKZR,LG1109,"GARDENA 11112-20 Misting Spray, 360° Function That Can Be Sprayed Angled Even When Sprayed, Brass Nozzle, Switchable Spray Type, German Gardening Brand, Gardening Gardening",SELLABLE,2,0,0,0,0,0,0,0,0,0,0,0,2,0,MAA4
Gardena,07/26/2026,X0028R9G5L,B08KGNYKZR,LG1109,"GARDENA 11112-20 Misting Spray, 360° Function That Can Be Sprayed Angled Even When Sprayed, Brass Nozzle, Switchable Spray Type, German Gardening Brand, Gardening Gardening",SELLABLE,4,0,0,0,0,0,0,0,0,0,0,0,4,0,PNQ3
Gardena,07/26/2026,X0028R9G5L,B08KGNYKZR,LG1109,"GARDENA 11112-20 Misting Spray, 360° Function That Can Be Sprayed Angled Even When Sprayed, Brass Nozzle, Switchable Spray Type, German Gardening Brand, Gardening Gardening",SELLABLE,18,0,0,0,0,0,0,0,0,0,0,0,18,0,VSHB
Gardena,07/26/2026,X0028UYUP9,B0BNLNFMMV,LG1120,"Gardena 13202-20, L-Joint LG1120-13mm (1/2""), Durable Connection",SELLABLE,1,0,0,0,0,0,0,0,0,0,0,0,1,0,BLR8
Gardena,07/26/2026,X0028UYUP9,B0BNLNFMMV,LG1120,"Gardena 13202-20, L-Joint LG1120-13mm (1/2""), Durable Connection",SELLABLE,4,0,0,0,0,0,0,0,0,0,0,0,4,0,VSHB
Gardena,07/26/2026,X0028UZ76Z,B0DY7ZX5KL,LG1130,Gardena 1490-20 Electric Drill Pump LG1130 - Transfer Water & Oil with Ease,SELLABLE,2,0,0,0,0,0,0,0,0,0,0,0,2,0,AMD2
Gardena,07/26/2026,X0028UZ76Z,B0DY7ZX5KL,LG1130,Gardena 1490-20 Electric Drill Pump LG1130 - Transfer Water & Oil with Ease,SELLABLE,4,0,0,0,0,0,0,0,0,0,0,0,4,0,BLR7
Gardena,07/26/2026,X0028UZ76Z,B0DY7ZX5KL,LG1130,Gardena 1490-20 Electric Drill Pump LG1130 - Transfer Water & Oil with Ease,SELLABLE,2,0,0,0,0,0,0,0,0,0,0,0,2,0,CCX2
Gardena,07/26/2026,X0028UZ76Z,B0DY7ZX5KL,LG1130,Gardena 1490-20 Electric Drill Pump LG1130 - Transfer Water & Oil with Ease,SELLABLE,2,0,0,0,0,0,0,0,0,0,0,0,2,0,HYD3
Gardena,07/26/2026,X0028UZ76Z,B0DY7ZX5KL,LG1130,Gardena 1490-20 Electric Drill Pump LG1130 - Transfer Water & Oil with Ease,SELLABLE,2,0,0,0,0,0,0,0,0,0,0,0,2,0,IDX2
Gardena,07/26/2026,X0028UZ76Z,B0DY7ZX5KL,LG1130,Gardena 1490-20 Electric Drill Pump LG1130 - Transfer Water & Oil with Ease,SELLABLE,2,0,0,0,0,0,0,0,0,0,0,0,2,0,LKO1
Gardena,07/26/2026,X0028UZ76Z,B0DY7ZX5KL,LG1130,Gardena 1490-20 Electric Drill Pump LG1130 - Transfer Water & Oil with Ease,SELLABLE,2,0,0,0,0,0,0,0,0,0,0,0,2,0,PNQ3
Gardena,07/26/2026,X0028UZ76Z,B0DY7ZX5KL,LG1130,Gardena 1490-20 Electric Drill Pump LG1130 - Transfer Water & Oil with Ease,SELLABLE,50,0,0,0,0,0,0,0,0,0,0,0,50,0,VSHB
Gardena,07/26/2026,X0028UZ96D,B0CNKM1PSP,LG1129,GARDENA Gripper 4-in-1,SELLABLE,5,0,0,0,0,0,0,0,0,0,0,0,5,0,VSHB
Gardena,07/26/2026,X0028UZ96N,B0BNLQ3BY2,LG1123,"GARDENA 08243-20 Pop-up Sprinkler SD80 360°, 80 sq m, Adjustable Range",SELLABLE,55,0,0,0,0,0,0,0,0,0,0,0,55,0,VSHB
Gardena,07/26/2026,X0028V0VAB,B0BNLNHYBR,LG1118,"Gardena 13324-20, 6-in-1 Nozzle LG1118 - Versatile Watering Options",SELLABLE,6,0,0,0,0,0,0,0,0,0,0,0,6,0,BLR8
Gardena,07/26/2026,X0028V0VAB,B0BNLNHYBR,LG1118,"Gardena 13324-20, 6-in-1 Nozzle LG1118 - Versatile Watering Options",SELLABLE,11,0,0,0,0,0,0,0,0,0,0,0,11,0,CJB1
Gardena,07/26/2026,X0028V0VAB,B0BNLNHYBR,LG1118,"Gardena 13324-20, 6-in-1 Nozzle LG1118 - Versatile Watering Options",SELLABLE,4,0,0,0,0,0,0,0,0,0,0,0,4,0,HYD3
Gardena,07/26/2026,X0028V0VAB,B0BNLNHYBR,LG1118,"Gardena 13324-20, 6-in-1 Nozzle LG1118 - Versatile Watering Options",SELLABLE,2,0,0,0,0,0,0,0,0,0,0,0,2,0,VSHB
Gardena,07/26/2026,X0028V0XMR,B0CNPXS86R,LG11127,Gardena Cleansystem Handle Flex,SELLABLE,3,0,0,0,0,0,0,0,0,0,0,0,3,0,VSHB
Gardena,07/26/2026,X0028V12BN,B0BNLLR9NQ,LG1119,"Gardena 13222-20 Tap Fitting LG1119-13mm/1/2"", Easy Connection",SELLABLE,1,0,0,0,0,0,0,0,0,0,0,0,1,0,BLR8
Gardena,07/26/2026,X0028V12BN,B0BNLLR9NQ,LG1119,"Gardena 13222-20 Tap Fitting LG1119-13mm/1/2"", Easy Connection",SELLABLE,13,0,0,0,0,0,0,0,0,0,0,0,13,0,VSHB
Gardena,07/26/2026,X0028V6H3L,B0BNLL8Q76,LG1128,"Gardena T-Joint for Spray Nozzles - Connector - 13206-20 - Quick & Easy Connection with Audible Feedback, Reusable & Eco-Friendly Design",SELLABLE,1,0,0,0,0,0,0,0,0,0,0,0,1,0,BLR8
Gardena,07/26/2026,X0028V6H3L,B0BNLL8Q76,LG1128,"Gardena T-Joint for Spray Nozzles - Connector - 13206-20 - Quick & Easy Connection with Audible Feedback, Reusable & Eco-Friendly Design",SELLABLE,8,0,0,0,0,0,0,0,0,0,0,0,8,0,VSHB
BKR,07/26/2026,X0028Y2HGT,B0DYV77WQZ,LG0637-1,"BKR® HTE-600 550W Power, Electric Hedge Trimmer with 20-Inch (51cm) Blade, Corded Design for Precision Cutting, Ergonomic Handle",SELLABLE,1,0,0,0,0,0,0,0,0,0,0,0,1,0,VSHB
Gardena,07/26/2026,X00292Z18V,B0BNLLLZC3,LG1131,"Gardena 08241-20 Pop-Up Sprinkler LG1131 - SD30, Adjustable Spray, 30m Coverage",SELLABLE,7,0,0,0,0,0,0,0,0,0,0,0,7,0,AMD2
Gardena,07/26/2026,X00292Z18V,B0BNLLLZC3,LG1131,"Gardena 08241-20 Pop-Up Sprinkler LG1131 - SD30, Adjustable Spray, 30m Coverage",SELLABLE,9,0,0,0,0,0,0,0,0,0,0,0,9,0,BLR8
Gardena,07/26/2026,X00292Z18V,B0BNLLLZC3,LG1131,"Gardena 08241-20 Pop-Up Sprinkler LG1131 - SD30, Adjustable Spray, 30m Coverage",SELLABLE,6,0,0,0,0,0,0,0,0,0,0,0,6,0,CCX2
Gardena,07/26/2026,X00292Z18V,B0BNLLLZC3,LG1131,"Gardena 08241-20 Pop-Up Sprinkler LG1131 - SD30, Adjustable Spray, 30m Coverage",SELLABLE,2,0,0,0,0,0,0,0,0,0,0,0,2,0,CJB1
Gardena,07/26/2026,X00292Z18V,B0BNLLLZC3,LG1131,"Gardena 08241-20 Pop-Up Sprinkler LG1131 - SD30, Adjustable Spray, 30m Coverage",SELLABLE,5,0,0,0,0,0,0,0,0,0,0,0,5,0,HYD3
Gardena,07/26/2026,X00292Z18V,B0BNLLLZC3,LG1131,"Gardena 08241-20 Pop-Up Sprinkler LG1131 - SD30, Adjustable Spray, 30m Coverage",SELLABLE,5,0,0,0,0,0,0,0,0,0,0,0,5,0,IDX2
Gardena,07/26/2026,X00292Z18V,B0BNLLLZC3,LG1131,"Gardena 08241-20 Pop-Up Sprinkler LG1131 - SD30, Adjustable Spray, 30m Coverage",SELLABLE,5,0,0,0,0,0,0,0,0,0,0,0,5,0,LKO1
Gardena,07/26/2026,X00292Z18V,B0BNLLLZC3,LG1131,"Gardena 08241-20 Pop-Up Sprinkler LG1131 - SD30, Adjustable Spray, 30m Coverage",SELLABLE,3,0,0,0,0,0,0,0,0,0,0,0,3,0,PNQ3
Gardena,07/26/2026,X00292Z18V,B0BNLLLZC3,LG1131,"Gardena 08241-20 Pop-Up Sprinkler LG1131 - SD30, Adjustable Spray, 30m Coverage",SELLABLE,33,0,0,0,0,0,0,0,0,0,0,0,33,0,VSHB
Gardena,07/26/2026,X00299AMN3,B00B9V1ZLW,LG1113,"Gardena 02998-20 Elbow Joint LG1113-1/2"", Robust Connection",SELLABLE,1,0,0,0,0,0,0,0,0,0,0,0,1,0,CCX2
Gardena,07/26/2026,X00299AMN3,B00B9V1ZLW,LG1113,"Gardena 02998-20 Elbow Joint LG1113-1/2"", Robust Connection",SELLABLE,6,0,0,0,0,0,0,0,0,0,0,0,6,0,VSHB
BKR,07/26/2026,X00299DP19,B0DZXVKLMD,LG1105-1,"BKR Electric 2-in-1 Leaf Blower & Vacuum BKR-BLE-3000 – 3000W High-Power Motor, 270 km/h Airspeed, 10:1 Mulching, Lightweight & Efficient Garden Cleaner with 1 Year Manufacturer Warranty",SELLABLE,5,0,0,0,0,0,0,0,0,0,0,0,5,0,VSHB
BKR,07/26/2026,X0029JP585,B0F13118HK,LG0634-1,"BKR 3-in-1 Leaf Blower, Mulcher & Vacuum",SELLABLE,1,0,0,0,0,0,0,0,0,0,0,0,1,0,VSHB
BKR,07/26/2026,X0029WK9ZB,B08D3PBTWF,LG0712,"BKR Rover 18-Inches, 159CC- 4 Stroke Petrol Lawn Mower with 7 Adjustable Cutting Heights | 45L Grass Tank Comes with 6 Months Manufacture Warranty",SELLABLE,10,0,0,0,0,0,0,0,0,0,0,0,10,0,KWZ2
Gardena,07/26/2026,X002B8GBV9,B0BNLN8WLM,LG1138,"Gardena 12215-20 MultiCut Scissors LG1138 - All-Purpose, Bypass Cut",SELLABLE,10,0,0,0,0,0,0,0,0,0,0,0,10,0,VSHB
Gardena,07/26/2026,X002B8GBVJ,B0BNLP2V3L,LG1145,"Gardena 13305-20 Adj. Endline Dripper, Anthracite, Turquoise",SELLABLE,4,0,0,0,0,0,0,0,0,0,0,0,4,0,AMD2
Gardena,07/26/2026,X002B8GBVJ,B0BNLP2V3L,LG1145,"Gardena 13305-20 Adj. Endline Dripper, Anthracite, Turquoise",SELLABLE,4,0,0,0,0,0,0,0,0,0,0,0,4,0,BLR8
Gardena,07/26/2026,X002B8GBVJ,B0BNLP2V3L,LG1145,"Gardena 13305-20 Adj. Endline Dripper, Anthracite, Turquoise",SELLABLE,4,0,0,0,0,0,0,0,0,0,0,0,4,0,CCX2
Gardena,07/26/2026,X002B8GBVJ,B0BNLP2V3L,LG1145,"Gardena 13305-20 Adj. Endline Dripper, Anthracite, Turquoise",SELLABLE,4,0,0,0,0,0,0,0,0,0,0,0,4,0,CJB1
Gardena,07/26/2026,X002B8GBVJ,B0BNLP2V3L,LG1145,"Gardena 13305-20 Adj. Endline Dripper, Anthracite, Turquoise",SELLABLE,4,0,0,0,0,0,0,0,0,0,0,0,4,0,HYD3
Gardena,07/26/2026,X002B8GBVJ,B0BNLP2V3L,LG1145,"Gardena 13305-20 Adj. Endline Dripper, Anthracite, Turquoise",SELLABLE,4,0,0,0,0,0,0,0,0,0,0,0,4,0,IDX2
Gardena,07/26/2026,X002B8GBVJ,B0BNLP2V3L,LG1145,"Gardena 13305-20 Adj. Endline Dripper, Anthracite, Turquoise",SELLABLE,4,0,0,0,0,0,0,0,0,0,0,0,4,0,LKO1
Gardena,07/26/2026,X002B8GBVJ,B0BNLP2V3L,LG1145,"Gardena 13305-20 Adj. Endline Dripper, Anthracite, Turquoise",SELLABLE,3,0,0,0,0,0,0,0,0,0,0,0,3,0,PNQ3
Gardena,07/26/2026,X002B8GBVJ,B0BNLP2V3L,LG1145,"Gardena 13305-20 Adj. Endline Dripper, Anthracite, Turquoise",SELLABLE,9,0,0,0,0,0,0,0,0,0,0,0,9,0,VSHB
Gardena,07/26/2026,X002B8HI07,B0BNLLDVKV,LG1147,"Gardena 13220-20 Micro-Drip-System Universal Connector 13 mm (1/2 inch): Adapter for Standard Connecting Pipes and Irrigation Lines, Simple Assembly, Reusable",SELLABLE,10,0,0,0,0,0,0,0,0,0,0,0,10,0,VSHB
Gardena,07/26/2026,X002B8HI0H,B0BNLMVGXY,LG1148,"Gardena Plug, 4.6 mm (3/16""), 10-Pack, Micro-Drip Irrigation System Seals, Watertight Pipe Connector",SELLABLE,8,0,0,0,0,0,0,0,0,0,0,0,8,0,VSHB
Gardena,07/26/2026,X002B8HI0R,B0CNPWPPG9,LG1141,"Gardena 18846-20 Cleansystem Hand Brush LG1141 - Effective, Ergonomic Design",SELLABLE,3,0,0,0,0,0,0,0,0,0,0,0,3,0,VSHB
Gardena,07/26/2026,X002B8IUPT,B0DMDYJFW3,LG1137,"Gardena 12242-20 Secateurs LG1137 - PremiumCut Flex, 24mm Cutting Diameter",SELLABLE,5,0,0,0,0,0,0,0,0,0,0,0,5,0,VSHB
Gardena,07/26/2026,X002B8IUQ3,B000NUTO04,LG1132,"Gardena 2780-20, L-Piece LG1132-25mm x 1/2"" Male Thread",SELLABLE,1,0,0,0,0,0,0,0,0,0,0,0,1,0,BLR7
Gardena,07/26/2026,X002B8IUQ3,B000NUTO04,LG1132,"Gardena 2780-20, L-Piece LG1132-25mm x 1/2"" Male Thread",SELLABLE,3,0,0,0,0,0,0,0,0,0,0,0,3,0,BLR8
Gardena,07/26/2026,X002B8IUQ3,B000NUTO04,LG1132,"Gardena 2780-20, L-Piece LG1132-25mm x 1/2"" Male Thread",SELLABLE,4,0,0,0,0,0,0,0,0,0,0,0,4,0,HYD3
Gardena,07/26/2026,X002B8IUQ3,B000NUTO04,LG1132,"Gardena 2780-20, L-Piece LG1132-25mm x 1/2"" Male Thread",SELLABLE,5,0,0,0,0,0,0,0,0,0,0,0,5,0,VSHB
Gardena,07/26/2026,X002B8IYWX,B0CNPZ4K5Z,LG1142,"Gardena 18848-20 Bike Brush LG1142 - Water-Connected Cleaning, Fits All Bikes",SELLABLE,1,0,0,0,0,0,0,0,0,0,0,0,1,0,AMD2
Gardena,07/26/2026,X002B8IYWX,B0CNPZ4K5Z,LG1142,"Gardena 18848-20 Bike Brush LG1142 - Water-Connected Cleaning, Fits All Bikes",SELLABLE,1,0,0,0,0,0,0,0,0,0,0,0,1,0,BLR8
Gardena,07/26/2026,X002B8IYWX,B0CNPZ4K5Z,LG1142,"Gardena 18848-20 Bike Brush LG1142 - Water-Connected Cleaning, Fits All Bikes",SELLABLE,1,0,0,0,0,0,0,0,0,0,0,0,1,0,CCX2
Gardena,07/26/2026,X002B8IYWX,B0CNPZ4K5Z,LG1142,"Gardena 18848-20 Bike Brush LG1142 - Water-Connected Cleaning, Fits All Bikes",SELLABLE,1,0,0,0,0,0,0,0,0,0,0,0,1,0,CJB1
Gardena,07/26/2026,X002B8IYWX,B0CNPZ4K5Z,LG1142,"Gardena 18848-20 Bike Brush LG1142 - Water-Connected Cleaning, Fits All Bikes",SELLABLE,1,0,0,0,0,0,0,0,0,0,0,0,1,0,HYD3
Gardena,07/26/2026,X002B8IYWX,B0CNPZ4K5Z,LG1142,"Gardena 18848-20 Bike Brush LG1142 - Water-Connected Cleaning, Fits All Bikes",SELLABLE,1,0,0,0,0,0,0,0,0,0,0,0,1,0,PNQ3
Gardena,07/26/2026,X002B8KC19,B0035X1RVU,LG1134,"Gardena Angle Piece, 25 mm x 1/2"" Male Thread, Corner Connector for Sprinklersystem, Underground Irrigation Fitting",SELLABLE,1,0,0,0,0,0,0,0,0,0,0,0,1,0,BLR7
Gardena,07/26/2026,X002B8KC19,B0035X1RVU,LG1134,"Gardena Angle Piece, 25 mm x 1/2"" Male Thread, Corner Connector for Sprinklersystem, Underground Irrigation Fitting",SELLABLE,10,0,0,0,0,0,0,0,0,0,0,0,10,0,VSHB
Gardena,07/26/2026,X002B8MMXP,B0DMFC6DSQ,LG1135,"Gardena 18650-20 Undercover Hose Box LG1135-20m Hose, Roll-Up Design",SELLABLE,5,0,0,0,0,0,0,0,0,0,0,0,5,0,VSHB
Gardena,07/26/2026,X002B8MMXZ,B0DMDXTSRG,LG1146,"Gardena 12251-20 Secateurs LG1146 - PremiumCut Pro, 24mm Bypass Cut",SELLABLE,1,0,0,0,0,0,0,0,0,0,0,0,1,0,BLR7
Gardena,07/26/2026,X002B8MMXZ,B0DMDXTSRG,LG1146,"Gardena 12251-20 Secateurs LG1146 - PremiumCut Pro, 24mm Bypass Cut",SELLABLE,1,0,0,0,0,0,0,0,0,0,0,0,1,0,BOM7
Gardena,07/26/2026,X002B8MMXZ,B0DMDXTSRG,LG1146,"Gardena 12251-20 Secateurs LG1146 - PremiumCut Pro, 24mm Bypass Cut",SELLABLE,3,0,0,0,0,0,0,0,0,0,0,0,3,0,MAA4
BKR,07/26/2026,X002D6O0OT,B0FJXSDXCX,LG1012,"BKR® 3.2 HP, 2 Stroke- 58 CC with 7500 RPM Petrol Chainsaw 18 Inch Heavy-Duty Bar | Powerful Wood Cutter Machine MT-CS-5800 | Anti-Vibration Design | Recoil Start",SELLABLE,1,0,0,0,0,0,0,0,0,0,0,0,1,0,VSHB
BKR,07/26/2026,X002DR5Z6Z,B0DFHKVLLF,LG0726 1,"BKR® Heavy Duty 19"" Manual Push Lawn Mower with Honda GXV 160 Honda Engine, 5 HP 4-Stroke, 73L Grass Tank, 30-80mm Cutting Height | Tough Aluminium Deck Comes with 12 Months Manufacture Warranty",SELLABLE,5,0,0,0,0,0,0,0,0,0,0,0,5,0,KWZ2
BKR,07/26/2026,X002DR5Z79,B08N6B93WZ,LG0682,BKR® Earth Auger Post Hole Digger 68cc with 12 Inch Drill Bit,SELLABLE,5,0,0,0,0,0,0,0,0,0,0,0,5,0,KWZ2
BKR,07/26/2026,X002DR6271,B0DCGGJNMY,LG0683,BKR® Earth Auger Post Hole Digger 82cc with 8 Inch Bits LG0683 - Powerful and Versatile for Planting,SELLABLE,1,0,0,0,0,0,0,0,0,0,0,0,1,0,KWZ2
BKR,07/26/2026,X002DR627B,B0DCP5FPPT,WS0523 1,BKR® 25 LTR Portable Air Compressor with 2.5 HP Induction Motor- WS0523,SELLABLE,1,0,0,0,0,0,0,0,0,0,0,0,1,0,KWZ2
BKR,07/26/2026,X002DR627L,B091T7J6X3,LG0574,BKR ® Power Tiller Inter-Cultivator with 4 Stroke 7.0 HP Engine with PTO Shaft BKR-SC-1000 Comes with 6 Months Manufacture Warranty,SELLABLE,5,0,0,0,0,0,0,0,0,0,0,0,5,0,KWZ2
BKR,07/26/2026,X002DR6E83,B0DFCMSYPL,LG0642 1,BKR® Heavy Duty Rotary Lawn Mower 21 Inches with 5 HP Honda GXV 160 Engine – Self-Propelled Petrol Mower | 73L Grass Tank | 30-80mm Cutting Height Comes with 1 Year Manufacture Warranty,SELLABLE,100,0,0,0,0,0,0,0,0,0,0,0,100,0,KWZ2
BKR,07/26/2026,X002DR6GIB,B084G31Q8Y,WS0525,"BKR® Iron Portable Air Compressor with Induction Motor (with Motor, 30 LTR)- WS0525",SELLABLE,1,0,0,0,0,0,0,0,0,0,0,0,1,0,KWZ2
BKR,07/26/2026,X002DR6GIL,B084G3L38Q,WS0526,"BKR® Iron Portable Air Compressor with Induction Motor (with Motor, 100 LTR)- WS0526",SELLABLE,5,0,0,0,0,0,0,0,0,0,0,0,5,0,KWZ2
BKR,07/26/2026,X002DR94CL,B082STVWTF,LG0591,bkr ® Inter-Cultivator with 4 Stroke 7.0 HP Engine SC90-111,SELLABLE,5,0,0,0,0,0,0,0,0,0,0,0,5,0,KWZ2
BKR,07/26/2026,X002DR9A2F,B0FKB9CQKY,LG1153,"BKR Hand Push Petrol Brush Cutter 3in1 | 1.3 Hp Power 35cc, 4 Stroke Petrol Engine with Tiller Attachment, 500ml/hr Fuel Consumption | Weeding Support Comes with 6 Months Manufacture Warranty",SELLABLE,1,0,0,0,0,0,0,0,0,0,0,0,1,0,KWZ2
Gardena,07/26/2026,X002DUDF7D,B076WT5XGD,LG0917,"Gardena 18517-20 CleverRoll M Hose Trolley LG0917 - Easy Set, Compact Design",SELLABLE,2,0,0,0,0,0,0,0,0,0,0,0,2,0,KWZ2
Gardena,07/26/2026,X002DUDHGR,B0001E3VF6,LG0986,Gardena 3067-20 Gripper LG0986 - Handy Tool,SELLABLE,10,0,0,0,0,0,0,0,0,0,0,0,10,0,KWZ2
BKR,07/26/2026,X002DUHRSV,B0CXMBFC5N,LG0530-2,"BKR Hand Push Petrol Brush Cutter 3in1 52cc 2 Stroke Petrol Engine with Tiller Attachment, 500ml/hr Fuel Consumption | Weeding Support Comes with 6 Months Manufacture Warranty",SELLABLE,2,0,0,0,0,0,0,0,0,0,0,0,2,0,VSHB
,07/26/2026,X002DUJOQT,B07SK37RQ6,HM0040,Honda EU30IS Invertor Generator 3KVA,SELLABLE,1,0,0,0,0,0,0,0,0,0,0,0,1,0,KWZ2
BKR,07/26/2026,X002DUJQX5,B0DCNJTC2G,CA0156,"BKR® Heavy-Duty 9mm Snow Tire Chains for Trucks, 335/90R20 - Enhanced Traction & Control, CA0156",SELLABLE,5,0,0,0,0,0,0,0,0,0,0,0,5,0,KWZ2
Gardena,07/26/2026,X002DUL1ZL,B076WVB12F,LG0742,"GARDENA AquaRoll L Easy: Hose Trolley with up to 100 m Capacity, Especially Stable, Convenient, Robust Metal Hose Guide, antidrip Device, toolfree Assembly (1852020)",SELLABLE,1,0,0,0,0,0,0,0,0,0,0,0,1,0,KWZ2
Velcro,07/26/2026,X002EXUJDR,B0000516K4,HM0672,Velcro(R) brand Sticky-Back(R) Squares Black 7/8 Inch,SELLABLE,1,0,0,0,0,0,0,0,0,0,0,0,1,0,CCX2
Velcro,07/26/2026,X002EXUJDR,B0000516K4,HM0672,Velcro(R) brand Sticky-Back(R) Squares Black 7/8 Inch,SELLABLE,1,0,0,0,0,0,0,0,0,0,0,0,1,0,PNQ3
Velcro,07/26/2026,X002EXUJDR,B0000516K4,HM0672,Velcro(R) brand Sticky-Back(R) Squares Black 7/8 Inch,SELLABLE,3,0,0,0,0,0,0,0,0,0,0,0,3,0,VSHB
Velcro,07/26/2026,X002F0CUOP,B001R1LWOY,HM0671,"VELCRO 90070 Brand Sticky Back Fasteners, 5/8"" Diameter, White",SELLABLE,2,0,0,0,0,0,0,0,0,0,0,0,2,0,AMD2
Velcro,07/26/2026,X002F0CUOP,B001R1LWOY,HM0671,"VELCRO 90070 Brand Sticky Back Fasteners, 5/8"" Diameter, White",SELLABLE,2,0,0,0,0,0,0,0,0,0,0,0,2,0,CCX2
Velcro,07/26/2026,X002F0CUOP,B001R1LWOY,HM0671,"VELCRO 90070 Brand Sticky Back Fasteners, 5/8"" Diameter, White",SELLABLE,1,0,0,0,0,0,0,0,0,0,0,0,1,0,CJB1
Velcro,07/26/2026,X002F0CUOP,B001R1LWOY,HM0671,"VELCRO 90070 Brand Sticky Back Fasteners, 5/8"" Diameter, White",SELLABLE,2,0,0,0,0,0,0,0,0,0,0,0,2,0,HYD3
Velcro,07/26/2026,X002F0CUOP,B001R1LWOY,HM0671,"VELCRO 90070 Brand Sticky Back Fasteners, 5/8"" Diameter, White",SELLABLE,2,0,0,0,0,0,0,0,0,0,0,0,2,0,IDX2
Velcro,07/26/2026,X002F0CUOP,B001R1LWOY,HM0671,"VELCRO 90070 Brand Sticky Back Fasteners, 5/8"" Diameter, White",SELLABLE,2,0,0,0,0,0,0,0,0,0,0,0,2,0,LKO1
Velcro,07/26/2026,X002F0CUOP,B001R1LWOY,HM0671,"VELCRO 90070 Brand Sticky Back Fasteners, 5/8"" Diameter, White",SELLABLE,2,0,0,0,0,0,0,0,0,0,0,0,2,0,PNQ3
Velcro,07/26/2026,X002F0CUOP,B001R1LWOY,HM0671,"VELCRO 90070 Brand Sticky Back Fasteners, 5/8"" Diameter, White",SELLABLE,8,0,0,0,0,0,0,0,0,0,0,0,8,0,VSHB
Velcro,07/26/2026,X002F0CZBN,B0B2KBC11X,HM0767,"VELCRO Brand Workbench Foam Mounting Tape with Snap Locking | Garage Organization Indoor or Outdoor | 10ft Total, 5ft Closure, 1/2"" Wide, Black",SELLABLE,1,0,0,0,0,0,0,0,0,0,0,0,1,0,CJB1
Velcro,07/26/2026,X002F0CZBN,B0B2KBC11X,HM0767,"VELCRO Brand Workbench Foam Mounting Tape with Snap Locking | Garage Organization Indoor or Outdoor | 10ft Total, 5ft Closure, 1/2"" Wide, Black",SELLABLE,4,0,0,0,0,0,0,0,0,0,0,0,4,0,PNQ3
Velcro,07/26/2026,X002F0CZBN,B0B2KBC11X,HM0767,"VELCRO Brand Workbench Foam Mounting Tape with Snap Locking | Garage Organization Indoor or Outdoor | 10ft Total, 5ft Closure, 1/2"" Wide, Black",SELLABLE,1,0,0,0,0,0,0,0,0,0,0,0,1,0,VSHB
Velcro,07/26/2026,X002F0CZBX,B00575600W,HM0756,"VELCRO Brand - All Purpose Straps - 36"" x 2"" All Purpose Strap, 2 Ct. - Black",SELLABLE,2,0,0,0,0,0,0,0,0,0,0,0,2,0,AMD2
Velcro,07/26/2026,X002F0CZBX,B00575600W,HM0756,"VELCRO Brand - All Purpose Straps - 36"" x 2"" All Purpose Strap, 2 Ct. - Black",SELLABLE,2,0,0,0,0,0,0,0,0,0,0,0,2,0,BLR8
Velcro,07/26/2026,X002F0CZBX,B00575600W,HM0756,"VELCRO Brand - All Purpose Straps - 36"" x 2"" All Purpose Strap, 2 Ct. - Black",SELLABLE,2,0,0,0,0,0,0,0,0,0,0,0,2,0,CCX2
Velcro,07/26/2026,X002F0CZBX,B00575600W,HM0756,"VELCRO Brand - All Purpose Straps - 36"" x 2"" All Purpose Strap, 2 Ct. - Black",SELLABLE,2,0,0,0,0,0,0,0,0,0,0,0,2,0,CJB1
Velcro,07/26/2026,X002F0CZBX,B00575600W,HM0756,"VELCRO Brand - All Purpose Straps - 36"" x 2"" All Purpose Strap, 2 Ct. - Black",SELLABLE,2,0,0,0,0,0,0,0,0,0,0,0,2,0,HYD3
Velcro,07/26/2026,X002F0CZBX,B00575600W,HM0756,"VELCRO Brand - All Purpose Straps - 36"" x 2"" All Purpose Strap, 2 Ct. - Black",SELLABLE,2,0,0,0,0,0,0,0,0,0,0,0,2,0,IDX2
Velcro,07/26/2026,X002F0CZBX,B00575600W,HM0756,"VELCRO Brand - All Purpose Straps - 36"" x 2"" All Purpose Strap, 2 Ct. - Black",SELLABLE,2,0,0,0,0,0,0,0,0,0,0,0,2,0,LKO1
Velcro,07/26/2026,X002F0CZBX,B00575600W,HM0756,"VELCRO Brand - All Purpose Straps - 36"" x 2"" All Purpose Strap, 2 Ct. - Black",SELLABLE,2,0,0,0,0,0,0,0,0,0,0,0,2,0,PNQ3
Velcro,07/26/2026,X002F0CZBX,B00575600W,HM0756,"VELCRO Brand - All Purpose Straps - 36"" x 2"" All Purpose Strap, 2 Ct. - Black",SELLABLE,10,0,0,0,0,0,0,0,0,0,0,0,10,0,VSHB
Velcro,07/26/2026,X002F0CZC7,B000TGSPV6,HM0772,"Velcro(r) Brand Fasteners VELCRO Brand - Industrial Strength | Indoor & Outdoor Use | Superior Holding Power on Smooth Surfaces | Size 4ft x 2in | Tape, White - Pack of 1",SELLABLE,216,0,0,0,0,0,0,0,0,0,0,0,216,0,VSHB
Velcro,07/26/2026,X002F0NP0N,B001O6T2ZS,HM0751,"VELCRO Brand - Extreme Outdoor - Extreme - 4"" x 1"" Strips, 10 Sets - Titanium",SELLABLE,72,0,0,0,0,0,0,0,0,0,0,0,72,0,VSHB
Velcro,07/26/2026,X002F0NP0X,B09YLY1F3X,HM0768,"VELCRO Brand Portable Cord Organizer Ties | Organize Headphone Wires, Charging Cables, Power Cords on The Go | 3 Sizes and Colors, 6 pcs, 6pk Cord Ties",SELLABLE,1,0,0,0,0,0,0,0,0,0,0,0,1,0,BOM7
Velcro,07/26/2026,X002F0NP0X,B09YLY1F3X,HM0768,"VELCRO Brand Portable Cord Organizer Ties | Organize Headphone Wires, Charging Cables, Power Cords on The Go | 3 Sizes and Colors, 6 pcs, 6pk Cord Ties",SELLABLE,10,0,0,0,0,0,0,0,0,0,0,0,10,0,VSHB
Velcro,07/26/2026,X002F0NP17,B00JJPPMO6,HM0754,"VELCRO Brand - Industrial Strength - Extreme - 4"" x 1"" Strips, 10 Sets - Black",SELLABLE,1,0,0,0,0,0,0,0,0,0,0,0,1,0,BLR8
Velcro,07/26/2026,X002F0NP17,B00JJPPMO6,HM0754,"VELCRO Brand - Industrial Strength - Extreme - 4"" x 1"" Strips, 10 Sets - Black",SELLABLE,2,0,0,0,0,0,0,0,0,0,0,0,2,0,CCX2
Velcro,07/26/2026,X002F0NP17,B00JJPPMO6,HM0754,"VELCRO Brand - Industrial Strength - Extreme - 4"" x 1"" Strips, 10 Sets - Black",SELLABLE,2,0,0,0,0,0,0,0,0,0,0,0,2,0,CJB1
Velcro,07/26/2026,X002F0NP17,B00JJPPMO6,HM0754,"VELCRO Brand - Industrial Strength - Extreme - 4"" x 1"" Strips, 10 Sets - Black",SELLABLE,1,0,0,0,0,0,0,0,0,0,0,0,1,0,HYD8
Velcro,07/26/2026,X002F0NP17,B00JJPPMO6,HM0754,"VELCRO Brand - Industrial Strength - Extreme - 4"" x 1"" Strips, 10 Sets - Black",SELLABLE,2,0,0,0,0,0,0,0,0,0,0,0,2,0,LKO1
Velcro,07/26/2026,X002F0NP17,B00JJPPMO6,HM0754,"VELCRO Brand - Industrial Strength - Extreme - 4"" x 1"" Strips, 10 Sets - Black",SELLABLE,2,0,0,0,0,0,0,0,0,0,0,0,2,0,PNQ3
Velcro,07/26/2026,X002F0NP17,B00JJPPMO6,HM0754,"VELCRO Brand - Industrial Strength - Extreme - 4"" x 1"" Strips, 10 Sets - Black",SELLABLE,2,0,0,0,0,0,0,0,0,0,0,0,2,0,VSHB
Velcro,07/26/2026,X002F0NWIX,B000TGUOCO,HM0746,"Velcro 90069 Sticky-Back Hook and Loop Dot Fasteners on Strips, 5/8 Dia, Black, 15 Sets/Pack",SELLABLE,216,0,0,0,0,0,0,0,0,0,0,0,216,0,VSHB
Velcro,07/26/2026,X002F0NWJ7,B07KGPMMS5,HM0697,"VELCRO Brand Easy Hang Strap | Heavy Duty Outdoor Storage Extension Cords, Cables, Tools, Bikes | Organization for Garden, Shed, RV |, Medium - up to 200 lbs, Black, 1 Count (Pack of 1)",SELLABLE,2,0,0,0,0,0,0,0,0,0,0,0,2,0,VSHB
Velcro,07/26/2026,X002F0O0IT,B0009JCV2C,HM0755,"VELCRO Brand - Industrial Strength - 1 7/8"" Coins, 4 Sets - Black",SELLABLE,72,0,0,0,0,0,0,0,0,0,0,0,72,0,VSHB
Velcro,07/26/2026,X002F0O0JD,B00JWU77N2,HM0764,"VELCRO Brand - ONE-WRAP Roll, Double-Sided, Self Gripping Multi-Purpose Hook and Loop Tape, Reusable, 45' x 1 1/2"" Roll - Black",SELLABLE,4,0,0,0,0,0,0,0,0,0,0,0,4,0,BLR8
Velcro,07/26/2026,X002F0O0JD,B00JWU77N2,HM0764,"VELCRO Brand - ONE-WRAP Roll, Double-Sided, Self Gripping Multi-Purpose Hook and Loop Tape, Reusable, 45' x 1 1/2"" Roll - Black",SELLABLE,1,0,0,0,0,0,0,0,0,0,0,0,1,0,CCX2
Velcro,07/26/2026,X002F0O0JD,B00JWU77N2,HM0764,"VELCRO Brand - ONE-WRAP Roll, Double-Sided, Self Gripping Multi-Purpose Hook and Loop Tape, Reusable, 45' x 1 1/2"" Roll - Black",SELLABLE,1,0,0,0,0,0,0,0,0,0,0,0,1,0,CJB1
Velcro,07/26/2026,X002F0O0JD,B00JWU77N2,HM0764,"VELCRO Brand - ONE-WRAP Roll, Double-Sided, Self Gripping Multi-Purpose Hook and Loop Tape, Reusable, 45' x 1 1/2"" Roll - Black",SELLABLE,1,0,0,0,0,0,0,0,0,0,0,0,1,0,HYD3
Velcro,07/26/2026,X002F0O0JD,B00JWU77N2,HM0764,"VELCRO Brand - ONE-WRAP Roll, Double-Sided, Self Gripping Multi-Purpose Hook and Loop Tape, Reusable, 45' x 1 1/2"" Roll - Black",SELLABLE,5,0,0,0,0,0,0,0,0,0,0,0,5,0,VSHB
Velcro,07/26/2026,X002F0O0K7,B00GUZK2ZM,HM0758,"VELCRO Brand Dots with Adhesive Black | 200 Pk | 3/4"" Circles | Sticky Back Round Hook and Loop Closures for Organizing, Arts and Crafts, School Projects",SELLABLE,1,0,0,0,0,0,0,0,0,0,0,0,1,0,BLR8
Velcro,07/26/2026,X002F0O0K7,B00GUZK2ZM,HM0758,"VELCRO Brand Dots with Adhesive Black | 200 Pk | 3/4"" Circles | Sticky Back Round Hook and Loop Closures for Organizing, Arts and Crafts, School Projects",SELLABLE,1,0,0,0,0,0,0,0,0,0,0,0,1,0,CCX2
Velcro,07/26/2026,X002F0O0K7,B00GUZK2ZM,HM0758,"VELCRO Brand Dots with Adhesive Black | 200 Pk | 3/4"" Circles | Sticky Back Round Hook and Loop Closures for Organizing, Arts and Crafts, School Projects",SELLABLE,1,0,0,0,0,0,0,0,0,0,0,0,1,0,CJB1
Velcro,07/26/2026,X002F0O0K7,B00GUZK2ZM,HM0758,"VELCRO Brand Dots with Adhesive Black | 200 Pk | 3/4"" Circles | Sticky Back Round Hook and Loop Closures for Organizing, Arts and Crafts, School Projects",SELLABLE,1,0,0,0,0,0,0,0,0,0,0,0,1,0,HYD3
Velcro,07/26/2026,X002F0O0K7,B00GUZK2ZM,HM0758,"VELCRO Brand Dots with Adhesive Black | 200 Pk | 3/4"" Circles | Sticky Back Round Hook and Loop Closures for Organizing, Arts and Crafts, School Projects",SELLABLE,1,0,0,0,0,0,0,0,0,0,0,0,1,0,PNQ3
Velcro,07/26/2026,X002F0O0K7,B00GUZK2ZM,HM0758,"VELCRO Brand Dots with Adhesive Black | 200 Pk | 3/4"" Circles | Sticky Back Round Hook and Loop Closures for Organizing, Arts and Crafts, School Projects",SELLABLE,9,0,0,0,0,0,0,0,0,0,0,0,9,0,VSHB
Velcro,07/26/2026,X002F0OVP1,B001682EOK,HM0763,"VELCRO USA CONSUMER PDTS Sticky Back, 7/8"" Squares, 12 Sets, Clear (91330)",SELLABLE,3,0,0,0,0,0,0,0,0,0,0,0,3,0,BLR8
Velcro,07/26/2026,X002F0OVP1,B001682EOK,HM0763,"VELCRO USA CONSUMER PDTS Sticky Back, 7/8"" Squares, 12 Sets, Clear (91330)",SELLABLE,3,0,0,0,0,0,0,0,0,0,0,0,3,0,CCX2
Velcro,07/26/2026,X002F0OVP1,B001682EOK,HM0763,"VELCRO USA CONSUMER PDTS Sticky Back, 7/8"" Squares, 12 Sets, Clear (91330)",SELLABLE,1,0,0,0,0,0,0,0,0,0,0,0,1,0,CJB1
Velcro,07/26/2026,X002F0OVP1,B001682EOK,HM0763,"VELCRO USA CONSUMER PDTS Sticky Back, 7/8"" Squares, 12 Sets, Clear (91330)",SELLABLE,3,0,0,0,0,0,0,0,0,0,0,0,3,0,HYD3
Velcro,07/26/2026,X002F0OVP1,B001682EOK,HM0763,"VELCRO USA CONSUMER PDTS Sticky Back, 7/8"" Squares, 12 Sets, Clear (91330)",SELLABLE,8,0,0,0,0,0,0,0,0,0,0,0,8,0,VSHB
Velcro,07/26/2026,X002F0RAQ3,B09VLM7XH8,HM0765,"VELCRO 18 in. x 2 in. Easy Hang Extension Cord Strap, Bundling Strap with Grommet Hook and Loop (2-Pack) VEL-30749-USA",SELLABLE,4,0,0,0,0,0,0,0,0,0,0,0,4,0,BLR8
Velcro,07/26/2026,X002F0RAQ3,B09VLM7XH8,HM0765,"VELCRO 18 in. x 2 in. Easy Hang Extension Cord Strap, Bundling Strap with Grommet Hook and Loop (2-Pack) VEL-30749-USA",SELLABLE,5,0,0,0,0,0,0,0,0,0,0,0,5,0,PNQ3
Velcro,07/26/2026,X002F0RAQ3,B09VLM7XH8,HM0765,"VELCRO 18 in. x 2 in. Easy Hang Extension Cord Strap, Bundling Strap with Grommet Hook and Loop (2-Pack) VEL-30749-USA",SELLABLE,4,0,0,0,0,0,0,0,0,0,0,0,4,0,VSHB
Velcro,07/26/2026,X002F0RJLT,B082VH421C,HM0700,"Velcro Brand ONE-WRAP Garden Ties | Plant Supports for Effective Growing | Strong Grips are Reusable and Adjustable | Cut-to-Length, 50 ft x 1/2 in, Green-Recycled Plastic",SELLABLE,48,0,0,0,0,0,0,0,0,0,0,0,48,0,VSHB
Velcro,07/26/2026,X002F0RJM3,B0001UZZ72,HM0675,"VELCRO Brand - Industrial Strength - 2"" x 4"" Strips, 2 Sets - White",SELLABLE,216,0,0,0,0,0,0,0,0,0,0,0,216,0,VSHB
Velcro,07/26/2026,X002F0RJMD,B07RMTD9RR,HM0752,"VELCRO Brand - Industrial Strength - Extreme - 1"" Wide Tape, 10' - Black",SELLABLE,24,0,0,0,0,0,0,0,0,0,0,0,24,0,VSHB
Velcro,07/26/2026,X002F0RVPX,B0888NSZY3,HM0771,"VELCRO Brand Sleek and Thin for Fabrics | 6ft x 3/4in Tape, White | Soft on Skin Ultra Light with Sewing Lane Technology, VEL-30186-USA",SELLABLE,1,0,0,0,0,0,0,0,0,0,0,0,1,0,BLR8
Velcro,07/26/2026,X002F0RVPX,B0888NSZY3,HM0771,"VELCRO Brand Sleek and Thin for Fabrics | 6ft x 3/4in Tape, White | Soft on Skin Ultra Light with Sewing Lane Technology, VEL-30186-USA",SELLABLE,2,0,0,0,0,0,0,0,0,0,0,0,2,0,CCX2
Velcro,07/26/2026,X002F0RVPX,B0888NSZY3,HM0771,"VELCRO Brand Sleek and Thin for Fabrics | 6ft x 3/4in Tape, White | Soft on Skin Ultra Light with Sewing Lane Technology, VEL-30186-USA",SELLABLE,2,0,0,0,0,0,0,0,0,0,0,0,2,0,CJB1
Velcro,07/26/2026,X002F0RVPX,B0888NSZY3,HM0771,"VELCRO Brand Sleek and Thin for Fabrics | 6ft x 3/4in Tape, White | Soft on Skin Ultra Light with Sewing Lane Technology, VEL-30186-USA",SELLABLE,2,0,0,0,0,0,0,0,0,0,0,0,2,0,HYD3
Velcro,07/26/2026,X002F0RVPX,B0888NSZY3,HM0771,"VELCRO Brand Sleek and Thin for Fabrics | 6ft x 3/4in Tape, White | Soft on Skin Ultra Light with Sewing Lane Technology, VEL-30186-USA",SELLABLE,3,0,0,0,0,0,0,0,0,0,0,0,3,0,PNQ3
Velcro,07/26/2026,X002F0RVPX,B0888NSZY3,HM0771,"VELCRO Brand Sleek and Thin for Fabrics | 6ft x 3/4in Tape, White | Soft on Skin Ultra Light with Sewing Lane Technology, VEL-30186-USA",SELLABLE,5,0,0,0,0,0,0,0,0,0,0,0,5,0,VSHB
Velcro,07/26/2026,X002F0S4N1,B01KLXCHEW,HM0762,VELCRO Brand - Removable Mounting Squares - 8 ct,SELLABLE,1,0,0,0,0,0,0,0,0,0,0,0,1,0,CCX2
Velcro,07/26/2026,X002F0S4N1,B01KLXCHEW,HM0762,VELCRO Brand - Removable Mounting Squares - 8 ct,SELLABLE,9,0,0,0,0,0,0,0,0,0,0,0,9,0,VSHB
Velcro,07/26/2026,X002F0S4NB,B00NCEEANO,HM0748,"VELCRO Brand - Sticky Back - 7/8"" Squares, 32 Sets - White",SELLABLE,2,0,0,0,0,0,0,0,0,0,0,0,2,0,AMD2
Velcro,07/26/2026,X002F0S4NB,B00NCEEANO,HM0748,"VELCRO Brand - Sticky Back - 7/8"" Squares, 32 Sets - White",SELLABLE,2,0,0,0,0,0,0,0,0,0,0,0,2,0,BLR8
Velcro,07/26/2026,X002F0S4NB,B00NCEEANO,HM0748,"VELCRO Brand - Sticky Back - 7/8"" Squares, 32 Sets - White",SELLABLE,1,0,0,0,0,0,0,0,0,0,0,0,1,0,BOM5
Velcro,07/26/2026,X002F0S4NB,B00NCEEANO,HM0748,"VELCRO Brand - Sticky Back - 7/8"" Squares, 32 Sets - White",SELLABLE,2,0,0,0,0,0,0,0,0,0,0,0,2,0,CCX2
Velcro,07/26/2026,X002F0S4NB,B00NCEEANO,HM0748,"VELCRO Brand - Sticky Back - 7/8"" Squares, 32 Sets - White",SELLABLE,2,0,0,0,0,0,0,0,0,0,0,0,2,0,CJB1
Velcro,07/26/2026,X002F0S4NB,B00NCEEANO,HM0748,"VELCRO Brand - Sticky Back - 7/8"" Squares, 32 Sets - White",SELLABLE,2,0,0,0,0,0,0,0,0,0,0,0,2,0,HYD3
Velcro,07/26/2026,X002F0S4NB,B00NCEEANO,HM0748,"VELCRO Brand - Sticky Back - 7/8"" Squares, 32 Sets - White",SELLABLE,2,0,0,0,0,0,0,0,0,0,0,0,2,0,IDX2
Velcro,07/26/2026,X002F0S4NB,B00NCEEANO,HM0748,"VELCRO Brand - Sticky Back - 7/8"" Squares, 32 Sets - White",SELLABLE,2,0,0,0,0,0,0,0,0,0,0,0,2,0,LKO1
Velcro,07/26/2026,X002F0S4NB,B00NCEEANO,HM0748,"VELCRO Brand - Sticky Back - 7/8"" Squares, 32 Sets - White",SELLABLE,1,0,0,0,0,0,0,0,0,0,0,0,1,0,PNQ3
Velcro,07/26/2026,X002F0S4NB,B00NCEEANO,HM0748,"VELCRO Brand - Sticky Back - 7/8"" Squares, 32 Sets - White",SELLABLE,10,0,0,0,0,0,0,0,0,0,0,0,10,0,VSHB
Velcro,07/26/2026,X002F0XMPL,B01KLXCHJM,HM0761,VELCRO Brand - Removable Mounting Strips - 4 ct,SELLABLE,1,0,0,0,0,0,0,0,0,0,0,0,1,0,AMD2
Velcro,07/26/2026,X002F0XMPL,B01KLXCHJM,HM0761,VELCRO Brand - Removable Mounting Strips - 4 ct,SELLABLE,5,0,0,0,0,0,0,0,0,0,0,0,5,0,PNQ3
Velcro,07/26/2026,X002F0XMPL,B01KLXCHJM,HM0761,VELCRO Brand - Removable Mounting Strips - 4 ct,SELLABLE,10,0,0,0,0,0,0,0,0,0,0,0,10,0,VSHB
Velcro,07/26/2026,X002F0XMPV,B000GAU540,HM0757,"VELCRO Brand - Sticky Back - 2"" x 1"" Strips, 6 Sets - Black",SELLABLE,2,0,0,0,0,0,0,0,0,0,0,0,2,0,AMD2
Velcro,07/26/2026,X002F0XMPV,B000GAU540,HM0757,"VELCRO Brand - Sticky Back - 2"" x 1"" Strips, 6 Sets - Black",SELLABLE,2,0,0,0,0,0,0,0,0,0,0,0,2,0,BLR8
Velcro,07/26/2026,X002F0XMPV,B000GAU540,HM0757,"VELCRO Brand - Sticky Back - 2"" x 1"" Strips, 6 Sets - Black",SELLABLE,2,0,0,0,0,0,0,0,0,0,0,0,2,0,CCX2
Velcro,07/26/2026,X002F0XMPV,B000GAU540,HM0757,"VELCRO Brand - Sticky Back - 2"" x 1"" Strips, 6 Sets - Black",SELLABLE,2,0,0,0,0,0,0,0,0,0,0,0,2,0,CJB1
Velcro,07/26/2026,X002F0XMPV,B000GAU540,HM0757,"VELCRO Brand - Sticky Back - 2"" x 1"" Strips, 6 Sets - Black",SELLABLE,2,0,0,0,0,0,0,0,0,0,0,0,2,0,HYD3
Velcro,07/26/2026,X002F0XMPV,B000GAU540,HM0757,"VELCRO Brand - Sticky Back - 2"" x 1"" Strips, 6 Sets - Black",SELLABLE,2,0,0,0,0,0,0,0,0,0,0,0,2,0,IDX2
Velcro,07/26/2026,X002F0XMPV,B000GAU540,HM0757,"VELCRO Brand - Sticky Back - 2"" x 1"" Strips, 6 Sets - Black",SELLABLE,2,0,0,0,0,0,0,0,0,0,0,0,2,0,LKO1
Velcro,07/26/2026,X002F0XMPV,B000GAU540,HM0757,"VELCRO Brand - Sticky Back - 2"" x 1"" Strips, 6 Sets - Black",SELLABLE,2,0,0,0,0,0,0,0,0,0,0,0,2,0,PNQ3
Velcro,07/26/2026,X002F0XMPV,B000GAU540,HM0757,"VELCRO Brand - Sticky Back - 2"" x 1"" Strips, 6 Sets - Black",SELLABLE,10,0,0,0,0,0,0,0,0,0,0,0,10,0,VSHB
Velcro,07/26/2026,X002F0XMQ5,B0013AIAQ2,HM0060,"VELCRO - Sticky Back - 15' x 3/4"" Tape - Clear",SELLABLE,1,0,0,0,0,0,0,0,0,0,0,0,1,0,BOM5
Velcro,07/26/2026,X002F0XMQ5,B0013AIAQ2,HM0060,"VELCRO - Sticky Back - 15' x 3/4"" Tape - Clear",SELLABLE,1,0,0,0,0,0,0,0,0,0,0,0,1,0,CJB1
Velcro,07/26/2026,X002F0XMQ5,B0013AIAQ2,HM0060,"VELCRO - Sticky Back - 15' x 3/4"" Tape - Clear",SELLABLE,9,0,0,0,0,0,0,0,0,0,0,0,9,0,VSHB
Gorilla,07/26/2026,X002FYVWLX,B09WB48965,HM0737 1,Gorilla Standard Duct Tape: 1.88 in. x 30 ft. (Black),SELLABLE,2,0,0,0,0,0,0,0,0,0,0,0,2,0,VSHB
Gorilla,07/26/2026,X002GHXRFX,B0C86CH7KD,HM0739,Gorilla Duct Tape 1.88 In. x 10 Yd Silver,SELLABLE,3,0,0,0,0,0,0,0,0,0,0,0,3,0,AMD2
Gorilla,07/26/2026,X002GHXRFX,B0C86CH7KD,HM0739,Gorilla Duct Tape 1.88 In. x 10 Yd Silver,SELLABLE,2,0,0,0,0,0,0,0,0,0,0,0,2,0,BLR7
Gorilla,07/26/2026,X002GHXRFX,B0C86CH7KD,HM0739,Gorilla Duct Tape 1.88 In. x 10 Yd Silver,SELLABLE,1,0,0,0,0,0,0,0,0,0,0,0,1,0,BOM5
Gorilla,07/26/2026,X002GHXRFX,B0C86CH7KD,HM0739,Gorilla Duct Tape 1.88 In. x 10 Yd Silver,SELLABLE,3,0,0,0,0,0,0,0,0,0,0,0,3,0,CCX2
Gorilla,07/26/2026,X002GHXRFX,B0C86CH7KD,HM0739,Gorilla Duct Tape 1.88 In. x 10 Yd Silver,SELLABLE,3,0,0,0,0,0,0,0,0,0,0,0,3,0,CJB1
Gorilla,07/26/2026,X002GHXRFX,B0C86CH7KD,HM0739,Gorilla Duct Tape 1.88 In. x 10 Yd Silver,SELLABLE,2,0,0,0,0,0,0,0,0,0,0,0,2,0,HYD3
Gorilla,07/26/2026,X002GHXRFX,B0C86CH7KD,HM0739,Gorilla Duct Tape 1.88 In. x 10 Yd Silver,SELLABLE,3,0,0,0,0,0,0,0,0,0,0,0,3,0,IDX2
Gorilla,07/26/2026,X002GHXRFX,B0C86CH7KD,HM0739,Gorilla Duct Tape 1.88 In. x 10 Yd Silver,SELLABLE,3,0,0,0,0,0,0,0,0,0,0,0,3,0,LKO1
Gorilla,07/26/2026,X002GHXRFX,B0C86CH7KD,HM0739,Gorilla Duct Tape 1.88 In. x 10 Yd Silver,SELLABLE,3,0,0,0,0,0,0,0,0,0,0,0,3,0,PNQ3
Gorilla,07/26/2026,X002GHXRFX,B0C86CH7KD,HM0739,Gorilla Duct Tape 1.88 In. x 10 Yd Silver,SELLABLE,20,0,0,0,0,0,0,0,0,0,0,0,20,0,VSHB
Gardena,07/26/2026,X002H5KVEJ,B07XKV3XV7,LG1162,"Gardena 1727-20 Suction Filter LG1162-1"", Backflow Preventer, Efficient Filtration",SELLABLE,5,0,0,0,0,0,0,0,0,0,0,0,5,0,VSHB
Gardena,07/26/2026,X002H5KVET,B09J9278QH,LG1163,"Gardena 8266-20 Sprinkler System Water Plug with 3/4 inch External Thread: Water Intake of The Pipeline System, Integrated Stop Valve, Removable Dirt Filter, Underground Installation",SELLABLE,1,0,0,0,0,0,0,0,0,0,0,0,1,0,CJB1
Gardena,07/26/2026,X002H5KVET,B09J9278QH,LG1163,"Gardena 8266-20 Sprinkler System Water Plug with 3/4 inch External Thread: Water Intake of The Pipeline System, Integrated Stop Valve, Removable Dirt Filter, Underground Installation",SELLABLE,2,0,0,0,0,0,0,0,0,0,0,0,2,0,VSHB
Gardena,07/26/2026,X002H5L07V,B0DMDZN6P5,LG1164,"Gardena 12250-20 Premium Cut Pro LG1164 - Anvil Cut, 24mm, Dry Wood Cutting",SELLABLE,1,0,0,0,0,0,0,0,0,0,0,0,1,0,BLR8
Gardena,07/26/2026,X002H5L07V,B0DMDZN6P5,LG1164,"Gardena 12250-20 Premium Cut Pro LG1164 - Anvil Cut, 24mm, Dry Wood Cutting",SELLABLE,10,0,0,0,0,0,0,0,0,0,0,0,10,0,VSHB
Gardena,07/26/2026,X002H5L085,B0G1X8R8HX,LG1159,"Gardena 18226-20 Tap Connector LG1159-3/4"", Frost Protection, Made in Germany",SELLABLE,50,0,0,0,0,0,0,0,0,0,0,0,50,0,VSHB
Gardena,07/26/2026,X002H5LUNP,B0DMF4H4Z8,LG1160,"Gardena 12230-20 Garden Shears LG1160 - EasyCut, 20mm Cut, Ergonomic Grip",SELLABLE,1,0,0,0,0,0,0,0,0,0,0,0,1,0,BLR8
Gardena,07/26/2026,X002H5LUNP,B0DMF4H4Z8,LG1160,"Gardena 12230-20 Garden Shears LG1160 - EasyCut, 20mm Cut, Ergonomic Grip",SELLABLE,20,0,0,0,0,0,0,0,0,0,0,0,20,0,VSHB
Gardena,07/26/2026,X002H5NGUP,B09J92SNPG,LG1161,Gardena 05349-20 End Cap Subsurface Drip Line Piece for Underground Drip 4pcs High Quality Durable Plastic Fittings for Garden Irrigation System,SELLABLE,10,0,0,0,0,0,0,0,0,0,0,0,10,0,VSHB
,07/26/2026,X002H6SI7P,B0C5RYW6RL,LG1117,Escoba acodada combisystem El ángulo de Trabajo Puede ajustarse al Gusto del usuario Gracias al sistema de liberación rápid,SELLABLE,1,0,0,0,0,0,0,0,0,0,0,0,1,0,BLR7
,07/26/2026,X002H6SI7P,B0C5RYW6RL,LG1117,Escoba acodada combisystem El ángulo de Trabajo Puede ajustarse al Gusto del usuario Gracias al sistema de liberación rápid,SELLABLE,2,0,0,0,0,0,0,0,0,0,0,0,2,0,VSHB
BKR,07/26/2026,X002H8RM5R,B0BPXSBVNS,LG0938,"BKR® Premium Round Metal Firepit for Outdoor Ambiance, Rust Free and Durable | 95 x 95 x70 cm (39in) Size, 18Kgs | with Protected Screen Cover | Sand Blasted Metal with 5 Years Warranty | LG0938",SELLABLE,1,0,0,0,0,0,0,0,0,0,0,0,1,0,KWZ2
BKR,07/26/2026,X002H8RXJ7,B0844VKFK3,AC-0ONV-585A,"BKR® 5.5HP139cc Petrol Power Rotary Lawn Mower – 18-Inch Heavy-Duty Cutter with Self-Propelled Drive, Dual Rear & Side Discharge, Large 60L Grass Collection Box with 6 Months Manufacturer Warranty",SELLABLE,10,0,0,0,0,0,0,0,0,0,0,0,10,0,KWZ2
,07/26/2026,X002H8U1GJ,B0D5MN7SPZ,LG1106,STIHL FS 3001 Petrol BRUSHCUTTER: EFFICIENT Mowing of Larger Green Areas,SELLABLE,2,0,0,0,0,0,0,0,0,0,0,0,2,0,KWZ2
BKR,07/26/2026,X002I36KXB,B0G64MM3FG,LG1158 1,BKR Round Shape Firepit | 55x55x38 Size| with Foldable Legs High Temperature Sand Blasting Coated with 5 Year Warranty,SELLABLE,1,0,0,0,0,0,0,0,0,0,0,0,1,0,VSHB
Gardena,07/26/2026,X002I7E0GB,B0CNPY2MQ6,LG1156 1,"Gardena 18804-20 Telescopic Handle LG1156-155-260cm, Aluminium, for Cleaning",SELLABLE,1,0,0,0,0,0,0,0,0,0,0,0,1,0,VSHB
BKR,07/26/2026,X002I7H7D9,B0G5G1S47V,LG1157 1,"BKR Square Shape Metal Firepit for Outdoor Ambiance, Rust Free and Durable | 50x50x38 cm Size, 10.8Kgs | High Temperature - Sand Blasted Metal with 5 Years Warranty",SELLABLE,1,0,0,0,0,0,0,0,0,0,0,0,1,0,VSHB
BKR,07/26/2026,X002I7HGXZ,B0GG4HNX7J,LG1165 1,BKR® Heavy Duty Earth Auger Machine Post Hole Digger 52cc Versatile for Planting with 6 Inch Bits | 2 Stroke 2.4 hp Air Cooled Petrol Powered Engine | Single Person Operation,SELLABLE,10,0,0,0,0,0,0,0,0,0,0,0,10,0,VSHB
,07/26/2026,X002IEM8YP,B0BXCSLG3Y,LG1166,"ROVER RCS-4620 2-Stroke Petrol Chainsaw, Single Cylinder, 20"" Bar, 46 CC, 1.8 KW(2.4 HP), Oregon Chain, 4.9 kg, 520 ml Fuel Tank Capacity, Oilomatic Saw Chain, Easy Starter, Fuel Primer & Anti-Freeze",SELLABLE,1,0,0,0,0,0,0,0,0,0,0,0,1,0,VSHB
Gardena,07/26/2026,X002IOLEQX,B0BNLLDVKV,LG1147 1,"Gardena 13220-20 Micro-Drip-System Universal Connector 13 mm (1/2 inch): Adapter for Standard Connecting Pipes and Irrigation Lines, Simple Assembly, Reusable",SELLABLE,15,0,0,0,0,0,0,0,0,0,0,0,15,0,VSHB
Gardena,07/26/2026,X002IOWMFZ,B0CNPXS86R,LG1127,Gardena Cleansystem Handle Flex,SELLABLE,10,0,0,0,0,0,0,0,0,0,0,0,10,0,VSHB
Gardena,07/26/2026,X002IOY7F3,B0001E3QFQ,LG1140,"Gardena 232-20 Mobile Garden Cart LG1140 - Multipurpose Trolley, Garden Waste & Tool Carrier",SELLABLE,1,0,0,0,0,0,0,0,0,0,0,0,1,0,CCX2
Gardena,07/26/2026,X002IOY7F3,B0001E3QFQ,LG1140,"Gardena 232-20 Mobile Garden Cart LG1140 - Multipurpose Trolley, Garden Waste & Tool Carrier",SELLABLE,1,0,0,0,0,0,0,0,0,0,0,0,1,0,CJB1
Gardena,07/26/2026,X002IOY7F3,B0001E3QFQ,LG1140,"Gardena 232-20 Mobile Garden Cart LG1140 - Multipurpose Trolley, Garden Waste & Tool Carrier",SELLABLE,1,0,0,0,0,0,0,0,0,0,0,0,1,0,HYD3
Gardena,07/26/2026,X002IOY7F3,B0001E3QFQ,LG1140,"Gardena 232-20 Mobile Garden Cart LG1140 - Multipurpose Trolley, Garden Waste & Tool Carrier",SELLABLE,1,0,0,0,0,0,0,0,0,0,0,0,1,0,IDX2
Gardena,07/26/2026,X002IOY7F3,B0001E3QFQ,LG1140,"Gardena 232-20 Mobile Garden Cart LG1140 - Multipurpose Trolley, Garden Waste & Tool Carrier",SELLABLE,10,0,0,0,0,0,0,0,0,0,0,0,10,0,VSHB
Gardena,07/26/2026,X002IOYHWV,B0BNLQ9HLK,LG1036,"Gardena 12214-20 Herb Scissors LG1036 - HerbCut, Sharp, Easy Harvest",SELLABLE,3,0,0,0,0,0,0,0,0,0,0,0,3,0,BLR8
Gardena,07/26/2026,X002IOYHWV,B0BNLQ9HLK,LG1036,"Gardena 12214-20 Herb Scissors LG1036 - HerbCut, Sharp, Easy Harvest",SELLABLE,5,0,0,0,0,0,0,0,0,0,0,0,5,0,VSHB
Gardena,07/26/2026,X002IP0UP3,B07JXH9FP1,LG1139,"Gardena 8712-20 Knife and Shear axle: Grinder for Sharpening Knife and axis Blades, Ergonomic Handle, Stainless Steel Insert",SELLABLE,9,0,0,0,0,0,0,0,0,0,0,0,9,0,VSHB
Gardena,07/26/2026,X002IP7SAD,B0001E3S54,LG0831 1,"GARDENA 1346-20 Micro-Drip-System Connecting Pipe 13 mm (1/2"") 15 Meter",SELLABLE,3,0,0,0,0,0,0,0,0,0,0,0,3,0,VSHB
BKR,07/26/2026,X002JH6CI9,B0GT4PJX2L,HM0566-S,"BKR ® Simplify Farming Garden Mini Hand Push Tiller/Cultivator 52cc with 2 Stroke and 2.4 HP Power, Maximum Power of 1.45kw at 7000 RPM",SELLABLE,5,0,0,0,0,0,0,0,0,0,0,0,5,0,VSHB
BKR,07/26/2026,X002JOVWJB,B08R9M9N3W,LG0680,"BKR® 6 Amp Outdoor Extension Cord for Lawnmower Chainsaw Drill Machine and More Electric Equipment | Orange, 25-Mtr",SELLABLE,39,0,0,0,0,0,0,0,0,0,0,0,39,0,VSHB
Gorilla,07/26/2026,X002K9C48X,B00MR6KQKE,HM0543,"Gorilla Packaging Tape Tough & Wide with Dispenser, 2.83"" x 20 yd., Clear",SELLABLE,1,0,0,0,0,0,0,0,0,0,0,0,1,0,BLR7
Gorilla,07/26/2026,X002K9C48X,B00MR6KQKE,HM0543,"Gorilla Packaging Tape Tough & Wide with Dispenser, 2.83"" x 20 yd., Clear",SELLABLE,1,0,0,0,0,0,0,0,0,0,0,0,1,0,BLR8
Gorilla,07/26/2026,X002K9C48X,B00MR6KQKE,HM0543,"Gorilla Packaging Tape Tough & Wide with Dispenser, 2.83"" x 20 yd., Clear",SELLABLE,3,0,0,0,0,0,0,0,0,0,0,0,3,0,HYD3
Gorilla,07/26/2026,X002K9C48X,B00MR6KQKE,HM0543,"Gorilla Packaging Tape Tough & Wide with Dispenser, 2.83"" x 20 yd., Clear",SELLABLE,3,0,0,0,0,0,0,0,0,0,0,0,3,0,PNQ3
Gorilla,07/26/2026,X002K9C48X,B00MR6KQKE,HM0543,"Gorilla Packaging Tape Tough & Wide with Dispenser, 2.83"" x 20 yd., Clear",SELLABLE,4,0,0,0,0,0,0,0,0,0,0,0,4,0,VSHB
BKR,07/26/2026,X002KNHAAV,B0DFHKVLLF,LG0726-S,"BKR® Heavy Duty 19"" Manual Push Lawn Mower with Honda GXV 160 Honda Engine, 5 HP 4-Stroke, 73L Grass Tank, 30-80mm Cutting Height | Tough Aluminium Deck Comes with 12 Months Manufacture Warranty",SELLABLE,11,0,0,0,0,0,0,0,0,0,0,0,11,0,KWZ2
BKR,07/26/2026,X002KNJN3X,B08RWVRM58,HM0634-S,"BKR Round Firepit with Skewers for Barbecuing Outdoor 58 x 58 x 33 cm, 18.5kg Weight Without Wheel High- Temperature Powder Coated and Rust Free Material with 5years Warranty",SELLABLE,1,0,0,0,0,0,0,0,0,0,0,0,1,0,KWZ2
BKR,07/26/2026,X002KNJZF9,B091T7J6X3,LG0574-S,BKR ® Power Tiller Inter-Cultivator with 4 Stroke 7.0 HP Engine with PTO Shaft BKR-SC-1000 Comes with 6 Months Manufacture Warranty,SELLABLE,1,0,0,0,0,0,0,0,0,0,0,0,1,0,KWZ2
,07/26/2026,X002KOLT61,B0D5MN7SPZ,LG1106-S,STIHL FS 3001 Petrol BRUSHCUTTER: EFFICIENT Mowing of Larger Green Areas,SELLABLE,1,0,0,0,0,0,0,0,0,0,0,0,1,0,KWZ2
BKR,07/26/2026,X002KONY4V,B0FJMJ5NGP,LG1152-S,"BKR® Petrol Lawn Mower | 20"" Rotary with 196cc 7HP Engine | Manual Push | 75L Grass Collector | 8-Level Height Adjustment | Circular Blade | Foldable Design | 6-Month Manufacturer Warranty",SELLABLE,6,0,0,0,0,0,0,0,0,0,0,0,6,0,KWZ2
BKR,07/26/2026,X002KORQ09,B082STVWTF,LG0591-S,bkr ® Inter-Cultivator with 4 Stroke 7.0 HP Engine SC90-111,SELLABLE,1,0,0,0,0,0,0,0,0,0,0,0,1,0,KWZ2
Gardena,07/26/2026,X002LZ7IR3,B0BNLL69MK,LG1144,"Gardena 13201-20 T-Joint LG1144-13mm (1/2""), 2-Pack, Micro-Drip System",SELLABLE,2,0,0,0,0,0,0,0,0,0,0,0,2,0,AMD2
Gardena,07/26/2026,X002LZ7IR3,B0BNLL69MK,LG1144,"Gardena 13201-20 T-Joint LG1144-13mm (1/2""), 2-Pack, Micro-Drip System",SELLABLE,3,0,0,0,0,0,0,0,0,0,0,0,3,0,BLR8
Gardena,07/26/2026,X002LZ7IR3,B0BNLL69MK,LG1144,"Gardena 13201-20 T-Joint LG1144-13mm (1/2""), 2-Pack, Micro-Drip System",SELLABLE,2,0,0,0,0,0,0,0,0,0,0,0,2,0,CCX2
Gardena,07/26/2026,X002LZ7IR3,B0BNLL69MK,LG1144,"Gardena 13201-20 T-Joint LG1144-13mm (1/2""), 2-Pack, Micro-Drip System",SELLABLE,2,0,0,0,0,0,0,0,0,0,0,0,2,0,CJB1
Gardena,07/26/2026,X002LZ7IR3,B0BNLL69MK,LG1144,"Gardena 13201-20 T-Joint LG1144-13mm (1/2""), 2-Pack, Micro-Drip System",SELLABLE,2,0,0,0,0,0,0,0,0,0,0,0,2,0,HYD3
Gardena,07/26/2026,X002LZ7IR3,B0BNLL69MK,LG1144,"Gardena 13201-20 T-Joint LG1144-13mm (1/2""), 2-Pack, Micro-Drip System",SELLABLE,2,0,0,0,0,0,0,0,0,0,0,0,2,0,IDX2
Gardena,07/26/2026,X002LZ7IR3,B0BNLL69MK,LG1144,"Gardena 13201-20 T-Joint LG1144-13mm (1/2""), 2-Pack, Micro-Drip System",SELLABLE,2,0,0,0,0,0,0,0,0,0,0,0,2,0,LKO1
Gardena,07/26/2026,X002LZ7IR3,B0BNLL69MK,LG1144,"Gardena 13201-20 T-Joint LG1144-13mm (1/2""), 2-Pack, Micro-Drip System",SELLABLE,3,0,0,0,0,0,0,0,0,0,0,0,3,0,PNQ3
Gardena,07/26/2026,X002LZ7IR3,B0BNLL69MK,LG1144,"Gardena 13201-20 T-Joint LG1144-13mm (1/2""), 2-Pack, Micro-Drip System",SELLABLE,9,0,0,0,0,0,0,0,0,0,0,0,9,0,VSHB
BKR,07/26/2026,X002MVL4L7,B0GY191D9Q,LG1170,"BKR Super 2000 Portable Thermal Fogging Machine, 2L Tank, Butane Powered, for Mosquito and Pest Control",SELLABLE,48,0,0,0,0,0,0,0,0,0,0,0,48,0,VSHB
Gardena,07/26/2026,X002N16EMZ,B0H8HYYTBD,LG1180,"GARDENA 18366 Watering Sprayer with Water Stop | Garden Hose Spray Gun for Soft Watering of Flowers, Mushroom Farm, Vegetable Seedlings & Indoor/Outdoor Plants | Lockable Trigger",SELLABLE,49,0,0,0,0,0,0,0,0,0,0,0,49,0,VSHB
Gardena,07/26/2026,X002N1YD91,B0FGJ7DW5M,LG1176,"Gardena 5565-20 Cleaning Fleece, Washer Sleeve, Cloth for Window Cleaning, Microfibre, Washable at 60°",SELLABLE,10,0,0,0,0,0,0,0,0,0,0,0,10,0,VSHB
Gardena,07/26/2026,X002N2TQNX,B076WRK3WL,LG1179,"GARDENA 13135-20 Cooling Mist Set, Gray, 32.8 ft (10 m)",SELLABLE,5,0,0,0,0,0,0,0,0,0,0,0,5,0,VSHB
Gardena,07/26/2026,X002N303VL,B004XCDALC,LG1178,"GARDENA 2917-26 Threaded Hose Connector 26.5mm (G 3/4"")",SELLABLE,20,0,0,0,0,0,0,0,0,0,0,0,20,0,VSHB
Gardena,07/26/2026,X002N30X39,B0G1ZB3NMS,LG1177,"Gardena Portable Hose Box MoveMatic Hose Storage: Neat and Portable, Retractable Garden Hose, Space-Saving Storage, Made for Close Watering tasks, Ready to use (18690-20)",SELLABLE,10,0,0,0,0,0,0,0,0,0,0,0,10,0,VSHB
Gardena,07/26/2026,X002N6BKBF,B0G211SG28,LG1174,"Gardena Leaf and Lawn Collector for Lawns and Patios Garden Helpers: Suitable for both lawns and patios, Easy change of brushes, Effective grass collection, Ergonomically designed (3566-20)",SELLABLE,2,0,0,0,0,0,0,0,0,0,0,0,2,0,VSHB
Gardena,07/26/2026,X002N6D3NN,B001PCNCSO,LG0762,"Gardena 5307-20 Replacement Spool LG0762-16mm Nylon Cutting Line, 61m",SELLABLE,10,0,0,0,0,0,0,0,0,0,0,0,10,0,VSHB
Velcro,07/26/2026,X002NAZ9IL,B000YZ8UF8,HM1173,"VELCRO Brand 90320 For Fabrics Sew On Soft and Flexible Tape for Alterations and Hemming | No Ironing or Gluing | Comfort Designed, Drapes With Fabric 30 x 5/8 inch 1 Cut-to-Length Roll",SELLABLE,72,0,0,0,0,0,0,0,0,0,0,0,72,0,VSHB
Velcro,07/26/2026,X002NB4PC1,B00N0W89Z8,HM1170,"VELCRO Brand - Sticky Back for Fabrics: No Sewing Needed - 24"" x 3/4"" Tape - Black",SELLABLE,48,0,0,0,0,0,0,0,0,0,0,0,48,0,VSHB
Velcro,07/26/2026,X002NB71UJ,B0DYVPVYCZ,HM1172,"VELCRO Brand Cord Organizer for Desk Cable Management, Nightstand Organization, Unique Dual Function Cable Sleeve Cord Keepers Combo, Holds Wires for Easy Access, Route to Hide, Medium 2pk Black",SELLABLE,24,0,0,0,0,0,0,0,0,0,0,0,24,0,VSHB
Velcro,07/26/2026,X002NB7A23,B09VMJM5RD,HM1171,"VELCRO Brand Easy Hang Extension Cord Holder Organizer Variety Pack | Holds 60-100lbs, Heavy Duty Straps Fit Easily on Hooks or Nails | Perfect for Garage Organization | 3-pk 10"", 14"" and 18"", Black",SELLABLE,24,0,0,0,0,0,0,0,0,0,0,0,24,0,VSHB
Velcro,07/26/2026,X002NB7KA5,B00006IC2T,HM1174,"Velcro 90593 3 Pack 4ft. x 2in. Industrial Strength Tape, Black",SELLABLE,36,0,0,0,0,0,0,0,0,0,0,0,36,0,VSHB
Velcro,07/26/2026,X002NB8JHN,B0BK9QX686,HM1169,"VELCRO Brand Cord Organizer | Charging Cord Organizer, Cord Holder for Nightstand, Desk | Removable Adhesive Back | Soft Nylon Cable Clips | 5 Pack (White)",SELLABLE,72,0,0,0,0,0,0,0,0,0,0,0,72,0,VSHB
Velcro,07/26/2026,X002NBE01R,B0BK9PZ3BG,HM1175,Velcro Brand Cord Keeper 30 Pack Soft Nylon Cable Clips Removable Adhesive Backing Wire Organization Stick on Appliance Cord or Indoor Christmas Light Clips,SELLABLE,24,0,0,0,0,0,0,0,0,0,0,0,24,0,VSHB
Gorilla,07/26/2026,X001PYRDCV,B001IY82FM,HM0513,"Gorilla Super Glue (Clear, 15 Grams)",SELLABLE,5,0,0,0,0,0,0,0,0,0,0,0,5,0,AMD2
Gorilla,07/26/2026,X001PYRDCV,B001IY82FM,HM0513,"Gorilla Super Glue (Clear, 15 Grams)",SELLABLE,4,0,0,0,0,0,0,0,0,0,0,0,4,0,BLR8
Gorilla,07/26/2026,X001PYRDCV,B001IY82FM,HM0513,"Gorilla Super Glue (Clear, 15 Grams)",SELLABLE,4,0,0,0,0,0,0,0,0,0,0,0,4,0,CCX2
Gorilla,07/26/2026,X001PYRDCV,B001IY82FM,HM0513,"Gorilla Super Glue (Clear, 15 Grams)",SELLABLE,4,0,0,0,0,0,0,0,0,0,0,0,4,0,CJB1
Gorilla,07/26/2026,X001PYRDCV,B001IY82FM,HM0513,"Gorilla Super Glue (Clear, 15 Grams)",SELLABLE,4,0,0,0,0,0,0,0,0,0,0,0,4,0,HYD3
Gorilla,07/26/2026,X001PYRDCV,B001IY82FM,HM0513,"Gorilla Super Glue (Clear, 15 Grams)",SELLABLE,4,0,0,0,0,0,0,0,0,0,0,0,4,0,IDX2
Gorilla,07/26/2026,X001PYRDCV,B001IY82FM,HM0513,"Gorilla Super Glue (Clear, 15 Grams)",SELLABLE,4,0,0,0,0,0,0,0,0,0,0,0,4,0,LKO1
Gorilla,07/26/2026,X001PYRDCV,B001IY82FM,HM0513,"Gorilla Super Glue (Clear, 15 Grams)",SELLABLE,4,0,0,0,0,0,0,0,0,0,0,0,4,0,PNQ3
Gorilla,07/26/2026,X001PYRDCV,B001IY82FM,HM0513,"Gorilla Super Glue (Clear, 15 Grams)",SELLABLE,36,0,0,0,0,0,0,0,0,0,0,0,36,0,VSHB
Gorilla,07/26/2026,X001PYRDD5,B082XGL21J,HM0719,"Gorilla 102433 XL Super Glue Gel, 1-Pack, Clear",SELLABLE,1,0,0,0,0,0,0,0,0,0,0,0,1,0,BLR8
Gorilla,07/26/2026,X001PYRDD5,B082XGL21J,HM0719,"Gorilla 102433 XL Super Glue Gel, 1-Pack, Clear",SELLABLE,16,0,0,0,0,0,0,0,0,0,0,0,16,0,VSHB
Gardena,07/26/2026,X001PYRDDZ,B01NACKE05,LG0737,"Gardena 18312-20 Spray Gun LG0737 - Classic, Soft Flow, For Delicate Plants",SELLABLE,88,0,0,0,0,0,0,0,0,0,0,0,88,0,VSHB
Gardena,07/26/2026,X001PYRDH1,B01MD2E8I9,LG0760,"Gardena 4027-20 Classic 330 Lawnmower LG0760 - Manual, 330mm Cut",SELLABLE,1,0,0,0,0,0,0,0,0,0,0,0,1,0,VSHB
Gorilla,07/26/2026,X001PYRG7D,B01M05MUWF,HM0345,"Gorilla Original Gorilla Glue, Waterproof Polyurethane Glue, 2 ounce Bottle, Brown",SELLABLE,2,0,0,0,0,0,0,0,0,0,0,0,2,0,VSHB
Gardena,07/26/2026,X001PYRG7X,B00CRF2QD0,LG0740,"Gardena 18708-20 ZoomMaxx Sprinkler LG0740 - Oscillating, Weighted Base",SELLABLE,20,0,0,0,0,0,0,0,0,0,0,0,20,0,VSHB
Gorilla,07/26/2026,X001PYS6TF,B082P44MVS,HM0660,"Gorilla Double-Sided Tape, 1.41"" x 8yd, Gray, (Pack of 1)",SELLABLE,47,0,0,0,0,0,0,0,0,0,0,0,47,0,VSHB
Gorilla,07/26/2026,X001PYS6TZ,B01JIRH6LG,HM0539,"Gorilla Glue 6010002 Gorilla Tape, 2 Inches X 10 Yards, White",SELLABLE,16,0,0,0,0,0,0,0,0,0,0,0,16,0,VSHB
BKR,07/26/2026,X001PYS6UJ,B08J7XCTLP,HM0601,"BKR® Iron Suitcase Charcoal Barbeque (BBQ) Grill with 8pcs Skewers Set for Home, Garden or Outdoor Places (Stellar Black) | High Temperature Sand Blasting Metal Finish",SELLABLE,1,0,0,0,0,0,0,0,0,0,0,0,1,0,PNQ3
BKR,07/26/2026,X001PYS6UJ,B08J7XCTLP,HM0601,"BKR® Iron Suitcase Charcoal Barbeque (BBQ) Grill with 8pcs Skewers Set for Home, Garden or Outdoor Places (Stellar Black) | High Temperature Sand Blasting Metal Finish",SELLABLE,5,0,0,0,0,0,0,0,0,0,0,0,5,0,VSHB
Gorilla,07/26/2026,X001PYS6UT,B06W2NBCW5,HM0548,"Gorilla Hot Glue Sticks, Mini Size, 4"" Long x .27"" Diameter, 75 Count, Clear, (Pack of 1)",SELLABLE,7,0,0,0,0,0,0,0,0,0,0,0,7,0,BLR8
Gorilla,07/26/2026,X001PYS6UT,B06W2NBCW5,HM0548,"Gorilla Hot Glue Sticks, Mini Size, 4"" Long x .27"" Diameter, 75 Count, Clear, (Pack of 1)",SELLABLE,3,0,0,0,0,0,0,0,0,0,0,0,3,0,BOM5
Gorilla,07/26/2026,X001PYS6UT,B06W2NBCW5,HM0548,"Gorilla Hot Glue Sticks, Mini Size, 4"" Long x .27"" Diameter, 75 Count, Clear, (Pack of 1)",SELLABLE,5,0,0,0,0,0,0,0,0,0,0,0,5,0,VSHB
Gorilla,07/26/2026,X001PYTIX3,B07HSKRYQW,HM0628,"Gorilla Waterproof Patch & Seal Tape 4"" x 10' Black, (Pack of 1) ?10.16 x 10.16 x 8.89 cm",SELLABLE,2,0,0,0,0,0,0,0,0,0,0,0,2,0,VSHB
Gorilla,07/26/2026,X001PYULM5,B001E5ZWT4,HM0484,"Gorilla 3044401 Tape Handy Roll, 1 Pack, Black",SELLABLE,1,0,0,0,0,0,0,0,0,0,0,0,1,0,VSHB
Gorilla,07/26/2026,X001PYULMP,B010FYZJFQ,HM0537,"Gorilla Heavy Duty Construction Adhesive, 9 oz, White",SELLABLE,9,0,0,0,0,0,0,0,0,0,0,0,9,0,VSHB
Gorilla,07/26/2026,X001PYULMZ,B00CJ5EO2E,HM0492,"Gorilla Super Glue Gel (Clear, 15 Grams)",SELLABLE,38,0,0,0,0,0,0,0,0,0,0,0,38,0,VSHB
Gardena,07/26/2026,X001PYULO3,B07YST254M,LG0738,GARDENA 18700-34 Oscillating Sprinkler Aqua S,SELLABLE,2,0,0,0,0,0,0,0,0,0,0,0,2,0,AMD2
Gardena,07/26/2026,X001PYULO3,B07YST254M,LG0738,GARDENA 18700-34 Oscillating Sprinkler Aqua S,SELLABLE,2,0,0,-1,0,0,0,0,0,0,0,0,1,0,BLR8
Gardena,07/26/2026,X001PYULO3,B07YST254M,LG0738,GARDENA 18700-34 Oscillating Sprinkler Aqua S,SELLABLE,2,0,0,0,0,0,0,0,0,0,0,0,2,0,CCX2
Gardena,07/26/2026,X001PYULO3,B07YST254M,LG0738,GARDENA 18700-34 Oscillating Sprinkler Aqua S,SELLABLE,1,0,0,0,0,0,0,0,0,0,0,0,1,0,HYD3
Gardena,07/26/2026,X001PYULO3,B07YST254M,LG0738,GARDENA 18700-34 Oscillating Sprinkler Aqua S,SELLABLE,2,0,0,0,0,0,0,0,0,0,0,0,2,0,IDX2
Gardena,07/26/2026,X001PYULO3,B07YST254M,LG0738,GARDENA 18700-34 Oscillating Sprinkler Aqua S,SELLABLE,2,0,0,0,0,0,0,0,0,0,0,0,2,0,LKO1
Gardena,07/26/2026,X001PYULO3,B07YST254M,LG0738,GARDENA 18700-34 Oscillating Sprinkler Aqua S,SELLABLE,14,0,0,0,0,0,0,0,0,0,0,0,14,0,VSHB
Gardena,07/26/2026,X001PYULOD,B00PNUCG86,LG0735,Gardena 18301-20 Classic Cleaning Spray Gun LG0735 - Handy for Cleaning Tasks,SELLABLE,2,0,0,0,0,0,0,0,0,0,0,0,2,0,AMD2
Gardena,07/26/2026,X001PYULOD,B00PNUCG86,LG0735,Gardena 18301-20 Classic Cleaning Spray Gun LG0735 - Handy for Cleaning Tasks,SELLABLE,1,0,0,0,0,0,0,0,0,0,0,0,1,0,BOM5
Gardena,07/26/2026,X001PYULOD,B00PNUCG86,LG0735,Gardena 18301-20 Classic Cleaning Spray Gun LG0735 - Handy for Cleaning Tasks,SELLABLE,2,0,0,0,0,0,0,0,0,0,0,0,2,0,CCX2
Gardena,07/26/2026,X001PYULOD,B00PNUCG86,LG0735,Gardena 18301-20 Classic Cleaning Spray Gun LG0735 - Handy for Cleaning Tasks,SELLABLE,4,0,0,0,0,0,0,0,0,0,0,0,4,0,HYD3
Gardena,07/26/2026,X001PYULOD,B00PNUCG86,LG0735,Gardena 18301-20 Classic Cleaning Spray Gun LG0735 - Handy for Cleaning Tasks,SELLABLE,1,0,0,0,0,0,0,0,0,0,0,0,1,0,LKO1
Gardena,07/26/2026,X001PYULOD,B00PNUCG86,LG0735,Gardena 18301-20 Classic Cleaning Spray Gun LG0735 - Handy for Cleaning Tasks,SELLABLE,1,0,0,0,0,0,0,0,0,0,0,0,1,0,VSHB
Gorilla,07/26/2026,X001QIO5NV,B08V4DXTRZ,HM0732,"Gorilla Tough & Wide Duct Tape, 2.88"" x 25yd, Black, (Pack of 1)",SELLABLE,2,0,0,0,0,0,0,0,0,0,0,0,2,0,HYD3
Gorilla,07/26/2026,X001QIO5NV,B08V4DXTRZ,HM0732,"Gorilla Tough & Wide Duct Tape, 2.88"" x 25yd, Black, (Pack of 1)",SELLABLE,2,0,0,0,0,0,0,0,0,0,0,0,2,0,VSHB
Gorilla,07/26/2026,X001QIO5O5,B0783SG446,HM0629,"Gorilla 6060002 Crystal Clear Tape 18YD, 1-Pack",SELLABLE,10,0,0,0,0,0,0,0,0,0,0,0,10,0,VSHB
Gorilla,07/26/2026,X001QIP0IZ,B06WD6R96X,HM0502,"Gorilla 4500104 Clear Glue 1.75 Oz, Clear",SELLABLE,0,0,0,0,0,0,1,0,0,0,0,0,1,0,BLR8
Gorilla,07/26/2026,X001QIP0IZ,B06WD6R96X,HM0502,"Gorilla 4500104 Clear Glue 1.75 Oz, Clear",SELLABLE,4,0,0,0,0,0,0,0,0,0,0,0,4,0,MAA4
Gorilla,07/26/2026,X001QIP0IZ,B06WD6R96X,HM0502,"Gorilla 4500104 Clear Glue 1.75 Oz, Clear",SELLABLE,15,0,0,0,0,0,0,0,0,0,0,0,15,0,PNQ3
Gorilla,07/26/2026,X001QIP0IZ,B06WD6R96X,HM0502,"Gorilla 4500104 Clear Glue 1.75 Oz, Clear",SELLABLE,47,0,0,0,0,0,0,0,0,0,0,0,47,0,VSHB
Gorilla,07/26/2026,X001QIP2SD,B09NC3HMJZ,HM0733,"Gorilla Duct Tape, 1.88 In. x 30 Yd, Silver",SELLABLE,1,0,0,0,0,0,0,0,0,0,0,0,1,0,PNQ3
Gorilla,07/26/2026,X001QIP2SD,B09NC3HMJZ,HM0733,"Gorilla Duct Tape, 1.88 In. x 30 Yd, Silver",SELLABLE,2,0,0,0,0,0,0,0,0,0,0,0,2,0,VSHB
Gardena,07/26/2026,X001QISLFT,B00PNUC9C4,LG0790,GARDENA 18216-20 Standard Connector 19mm LG0790 Water Stop Option,SELLABLE,5,0,0,0,0,0,0,0,0,0,0,0,5,0,AMD2
Gardena,07/26/2026,X001QISLFT,B00PNUC9C4,LG0790,GARDENA 18216-20 Standard Connector 19mm LG0790 Water Stop Option,SELLABLE,5,0,0,0,0,0,0,0,0,0,0,0,5,0,BLR8
Gardena,07/26/2026,X001QISLFT,B00PNUC9C4,LG0790,GARDENA 18216-20 Standard Connector 19mm LG0790 Water Stop Option,SELLABLE,5,0,0,0,0,0,0,0,0,0,0,0,5,0,CCX2
Gardena,07/26/2026,X001QISLFT,B00PNUC9C4,LG0790,GARDENA 18216-20 Standard Connector 19mm LG0790 Water Stop Option,SELLABLE,5,0,0,0,0,0,0,0,0,0,0,0,5,0,CJB1
Gardena,07/26/2026,X001QISLFT,B00PNUC9C4,LG0790,GARDENA 18216-20 Standard Connector 19mm LG0790 Water Stop Option,SELLABLE,4,0,0,0,0,0,0,0,0,0,0,0,4,0,HYD3
Gardena,07/26/2026,X001QISLFT,B00PNUC9C4,LG0790,GARDENA 18216-20 Standard Connector 19mm LG0790 Water Stop Option,SELLABLE,5,0,0,0,0,0,0,0,0,0,0,0,5,0,IDX2
Gardena,07/26/2026,X001QISLFT,B00PNUC9C4,LG0790,GARDENA 18216-20 Standard Connector 19mm LG0790 Water Stop Option,SELLABLE,5,0,0,0,0,0,0,0,0,0,0,0,5,0,LKO1
Gardena,07/26/2026,X001QISLFT,B00PNUC9C4,LG0790,GARDENA 18216-20 Standard Connector 19mm LG0790 Water Stop Option,SELLABLE,5,0,0,0,0,0,0,0,0,0,0,0,5,0,PNQ3
Gardena,07/26/2026,X001QISLFT,B00PNUC9C4,LG0790,GARDENA 18216-20 Standard Connector 19mm LG0790 Water Stop Option,SELLABLE,28,0,0,0,0,0,0,0,0,0,0,0,28,0,VSHB
Gardena,07/26/2026,X001QISLG3,B001BPCJPC,LG0835,"Gardena 8754-20 Classic Bypass Pruner LG0835 - Reliable, Easy Pruning",SELLABLE,4,0,0,0,0,0,0,0,0,0,0,0,4,0,BLR8
Gardena,07/26/2026,X001QISLG3,B001BPCJPC,LG0835,"Gardena 8754-20 Classic Bypass Pruner LG0835 - Reliable, Easy Pruning",SELLABLE,9,0,0,0,0,0,0,0,0,0,0,0,9,0,VSHB
Gardena,07/26/2026,X001QISLGD,B001J5QX8S,LG0974,Gardena 8144-20 Comfort Turbo Drive Sprinkler LG0974 - Efficient Watering,SELLABLE,10,0,0,0,0,0,0,0,0,0,0,0,10,0,VSHB
Gardena,07/26/2026,X001QIV6V5,B0049PEPD0,LG0912,"Gardena 8007-20 Classic Hose Reel LG0912-50m Hose Capacity, Tidy Storage",SELLABLE,1,0,0,0,0,0,0,0,0,0,0,0,1,0,BLR8
Gardena,07/26/2026,X001QIV6V5,B0049PEPD0,LG0912,"Gardena 8007-20 Classic Hose Reel LG0912-50m Hose Capacity, Tidy Storage",SELLABLE,2,0,0,0,0,0,0,0,0,0,0,0,2,0,CCX2
Gardena,07/26/2026,X001QIV6V5,B0049PEPD0,LG0912,"Gardena 8007-20 Classic Hose Reel LG0912-50m Hose Capacity, Tidy Storage",SELLABLE,2,0,0,0,0,0,0,0,0,0,0,0,2,0,CJB1
Gardena,07/26/2026,X001QIV6V5,B0049PEPD0,LG0912,"Gardena 8007-20 Classic Hose Reel LG0912-50m Hose Capacity, Tidy Storage",SELLABLE,2,0,0,0,0,0,0,0,0,0,0,0,2,0,IDX2
Gardena,07/26/2026,X001QIV6V5,B0049PEPD0,LG0912,"Gardena 8007-20 Classic Hose Reel LG0912-50m Hose Capacity, Tidy Storage",SELLABLE,2,0,0,0,0,0,0,0,0,0,0,0,2,0,PNQ3
Gardena,07/26/2026,X001QIV6V5,B0049PEPD0,LG0912,"Gardena 8007-20 Classic Hose Reel LG0912-50m Hose Capacity, Tidy Storage",SELLABLE,38,0,0,0,0,0,0,0,0,0,0,0,38,0,VSHB
Gardena,07/26/2026,X001QIV6VP,B00PNUC9CY,LG0961,"Gardena 18214-20 Hose Connector LG0961-19mm (3/4"")",SELLABLE,1,0,0,0,0,0,0,0,0,0,0,0,1,0,CCX1
Gardena,07/26/2026,X001QIV6VP,B00PNUC9CY,LG0961,"Gardena 18214-20 Hose Connector LG0961-19mm (3/4"")",SELLABLE,1,0,0,0,0,0,0,0,0,0,0,0,1,0,CCX2
Gardena,07/26/2026,X001QIV6VP,B00PNUC9CY,LG0961,"Gardena 18214-20 Hose Connector LG0961-19mm (3/4"")",SELLABLE,2,0,0,0,0,0,0,0,0,0,0,0,2,0,CJB1
Gardena,07/26/2026,X001QIV6VP,B00PNUC9CY,LG0961,"Gardena 18214-20 Hose Connector LG0961-19mm (3/4"")",SELLABLE,2,0,0,0,0,0,0,0,0,0,0,0,2,0,HYD8
Gardena,07/26/2026,X001QIV6VP,B00PNUC9CY,LG0961,"Gardena 18214-20 Hose Connector LG0961-19mm (3/4"")",SELLABLE,2,0,0,0,0,0,0,0,0,0,0,0,2,0,IDX2
Gardena,07/26/2026,X001QIV6VP,B00PNUC9CY,LG0961,"Gardena 18214-20 Hose Connector LG0961-19mm (3/4"")",SELLABLE,2,0,0,0,0,0,0,0,0,0,0,0,2,0,LKO1
Gardena,07/26/2026,X001QIV6VP,B00PNUC9CY,LG0961,"Gardena 18214-20 Hose Connector LG0961-19mm (3/4"")",SELLABLE,1,0,0,0,0,0,0,0,0,0,0,0,1,0,MAA4
Gardena,07/26/2026,X001QIV6VP,B00PNUC9CY,LG0961,"Gardena 18214-20 Hose Connector LG0961-19mm (3/4"")",SELLABLE,5,0,0,0,0,0,0,0,0,0,0,0,5,0,VSHB
Gardena,07/26/2026,X001QIV6VZ,B00GHDJHIU,LG0770,"Gardena 8742-20 Folding Saw LG0770-135mm, Compact, Gardening Essential",SELLABLE,1,0,0,0,0,0,0,0,0,0,0,0,1,0,BLR8
Gardena,07/26/2026,X001QIV6VZ,B00GHDJHIU,LG0770,"Gardena 8742-20 Folding Saw LG0770-135mm, Compact, Gardening Essential",SELLABLE,1,0,0,0,0,0,0,0,0,0,0,0,1,0,HYD8
Gardena,07/26/2026,X001QIV6VZ,B00GHDJHIU,LG0770,"Gardena 8742-20 Folding Saw LG0770-135mm, Compact, Gardening Essential",SELLABLE,8,0,0,0,0,0,0,0,0,0,0,0,8,0,VSHB
Gardena,07/26/2026,X001QIVSFT,B00PNUC9K6,LG0789,"Gardena 18215-20 Hose Connector LG0789-1/2"" x 5/8"", Orange, Secure Fit",SELLABLE,4,0,0,0,0,0,0,0,0,0,0,0,4,0,VSHB
Gardena,07/26/2026,X001QIVSG3,B07JKZ9DNY,LG0984,"Gardena 12008-20 Pruning Lopper LG0984 - EnergyCut, 750mm, Powerful Cut",SELLABLE,2,0,0,0,0,0,0,0,0,0,0,0,2,0,BLR8
Gardena,07/26/2026,X001QIVSG3,B07JKZ9DNY,LG0984,"Gardena 12008-20 Pruning Lopper LG0984 - EnergyCut, 750mm, Powerful Cut",SELLABLE,4,0,0,0,0,0,0,0,0,0,0,0,4,0,VSHB
Gardena,07/26/2026,X001QIWYF7,B07JLV4LGK,LG0736,"Gardena 18304-20 Cleaning Spray Gun LG0736 - Comfort, Effective Cleaning",SELLABLE,4,0,0,0,0,0,0,0,0,0,0,0,4,0,CCX2
Gardena,07/26/2026,X001QIWYF7,B07JLV4LGK,LG0736,"Gardena 18304-20 Cleaning Spray Gun LG0736 - Comfort, Effective Cleaning",SELLABLE,8,0,0,0,0,0,0,0,0,0,0,0,8,0,CJB1
Gardena,07/26/2026,X001QIWYF7,B07JLV4LGK,LG0736,"Gardena 18304-20 Cleaning Spray Gun LG0736 - Comfort, Effective Cleaning",SELLABLE,2,0,0,0,0,0,0,0,0,0,0,0,2,0,HYD3
Gardena,07/26/2026,X001QIWYF7,B07JLV4LGK,LG0736,"Gardena 18304-20 Cleaning Spray Gun LG0736 - Comfort, Effective Cleaning",SELLABLE,2,0,0,0,0,0,0,0,0,0,0,0,2,0,HYD8
Gardena,07/26/2026,X001QIWYF7,B07JLV4LGK,LG0736,"Gardena 18304-20 Cleaning Spray Gun LG0736 - Comfort, Effective Cleaning",SELLABLE,5,0,0,0,0,0,0,0,0,0,0,0,5,0,PNQ3
Gardena,07/26/2026,X001QIWYF7,B07JLV4LGK,LG0736,"Gardena 18304-20 Cleaning Spray Gun LG0736 - Comfort, Effective Cleaning",SELLABLE,31,0,0,0,0,0,0,0,0,0,0,0,31,0,VSHB
Gardena,07/26/2026,X001QIWYF7,B07JLV4LGK,LG0736,"Gardena 18304-20 Cleaning Spray Gun LG0736 - Comfort, Effective Cleaning",WAREHOUSE_DAMAGED,1,0,0,0,0,0,0,0,0,0,0,0,1,0,CCX2
Gardena,07/26/2026,X001QIWYFH,B007C1OIUS,LG0900,Gardena 8205-29 Turbo Driven Pop-Up Sprinkler T-380 LG0900 - Covers Larger Areas,SELLABLE,1,0,0,0,0,0,0,0,0,0,0,0,1,0,BOM5
Gardena,07/26/2026,X001QIWYFH,B007C1OIUS,LG0900,Gardena 8205-29 Turbo Driven Pop-Up Sprinkler T-380 LG0900 - Covers Larger Areas,SELLABLE,6,0,0,0,0,0,0,0,0,0,0,0,6,0,IDX2
Gardena,07/26/2026,X001QIWYFH,B007C1OIUS,LG0900,Gardena 8205-29 Turbo Driven Pop-Up Sprinkler T-380 LG0900 - Covers Larger Areas,SELLABLE,12,0,0,0,0,0,0,0,0,0,0,0,12,0,VSHB
Gardena,07/26/2026,X001QIWYFR,B0035X0H6Q,LG0753,Gardena 8203-29 Turbo Pop-Up T200 Sprinkler LG0753 - Reliable Lawn Coverage,SELLABLE,20,0,0,0,0,0,0,0,0,0,0,0,20,0,VSHB
Gardena,07/26/2026,X001QIWYG1,B00PNUC99C,LG0960,"Gardena 18213-20 Hose Connector LG0960-13mm (1/2"")",SELLABLE,1,0,0,0,0,0,0,0,0,0,0,0,1,0,BLR7
Gardena,07/26/2026,X001QIWYG1,B00PNUC99C,LG0960,"Gardena 18213-20 Hose Connector LG0960-13mm (1/2"")",SELLABLE,1,0,0,0,0,0,0,0,0,0,0,0,1,0,BOM5
Gardena,07/26/2026,X001QIWYG1,B00PNUC99C,LG0960,"Gardena 18213-20 Hose Connector LG0960-13mm (1/2"")",SELLABLE,1,0,0,0,0,0,0,0,0,0,0,0,1,0,BOM7
Gardena,07/26/2026,X001QIWYG1,B00PNUC99C,LG0960,"Gardena 18213-20 Hose Connector LG0960-13mm (1/2"")",SELLABLE,3,0,0,0,0,0,0,0,0,0,0,0,3,0,CCX1
Gardena,07/26/2026,X001QIWYG1,B00PNUC99C,LG0960,"Gardena 18213-20 Hose Connector LG0960-13mm (1/2"")",SELLABLE,1,0,0,0,0,0,0,0,0,0,0,0,1,0,CCX2
Gardena,07/26/2026,X001QIWYG1,B00PNUC99C,LG0960,"Gardena 18213-20 Hose Connector LG0960-13mm (1/2"")",SELLABLE,2,0,0,0,0,0,0,0,0,0,0,0,2,0,CJB1
Gardena,07/26/2026,X001QIWYG1,B00PNUC99C,LG0960,"Gardena 18213-20 Hose Connector LG0960-13mm (1/2"")",SELLABLE,1,0,0,0,0,0,0,0,0,0,0,0,1,0,HYD8
Gardena,07/26/2026,X001QIWYG1,B00PNUC99C,LG0960,"Gardena 18213-20 Hose Connector LG0960-13mm (1/2"")",SELLABLE,42,0,0,0,0,0,0,0,0,0,0,0,42,0,VSHB
Gorilla,07/26/2026,X001RKHH83,B0001GAYRC,HM0522,"Gorilla Original Gorilla Glue, 4 oz, Brown",SELLABLE,2,0,0,0,0,0,0,0,0,0,0,0,2,0,AMD2
Gorilla,07/26/2026,X001RKHH83,B0001GAYRC,HM0522,"Gorilla Original Gorilla Glue, 4 oz, Brown",SELLABLE,5,0,0,0,0,0,0,0,0,0,0,0,5,0,BLR8
Gorilla,07/26/2026,X001RKHH83,B0001GAYRC,HM0522,"Gorilla Original Gorilla Glue, 4 oz, Brown",SELLABLE,2,0,0,0,0,0,0,0,0,0,0,0,2,0,CCX2
Gorilla,07/26/2026,X001RKHH83,B0001GAYRC,HM0522,"Gorilla Original Gorilla Glue, 4 oz, Brown",SELLABLE,2,0,0,0,0,0,0,0,0,0,0,0,2,0,CJB1
Gorilla,07/26/2026,X001RKHH83,B0001GAYRC,HM0522,"Gorilla Original Gorilla Glue, 4 oz, Brown",SELLABLE,3,0,0,0,0,0,0,0,0,0,0,0,3,0,HYD3
Gorilla,07/26/2026,X001RKHH83,B0001GAYRC,HM0522,"Gorilla Original Gorilla Glue, 4 oz, Brown",SELLABLE,2,0,0,0,0,0,0,0,0,0,0,0,2,0,IDX2
Gorilla,07/26/2026,X001RKHH83,B0001GAYRC,HM0522,"Gorilla Original Gorilla Glue, 4 oz, Brown",SELLABLE,2,0,0,0,0,0,0,0,0,0,0,0,2,0,LKO1
Gorilla,07/26/2026,X001RKHH83,B0001GAYRC,HM0522,"Gorilla Original Gorilla Glue, 4 oz, Brown",SELLABLE,7,0,0,0,0,0,0,0,0,0,0,0,7,0,PNQ3
Gorilla,07/26/2026,X001RKHH83,B0001GAYRC,HM0522,"Gorilla Original Gorilla Glue, 4 oz, Brown",SELLABLE,4,0,0,0,0,0,0,0,0,0,0,0,4,0,VSHB
Gorilla,07/26/2026,X001RKHH8X,B07GRJ8L55,HM0627,"Gorilla All Weather Outdoor Waterproof Duct Tape, UV and Temperature Resistant, 1.88"" x 25 yd, Black (Pack of 1), Limited Edition",SELLABLE,20,0,0,0,0,0,0,0,0,0,0,0,20,0,VSHB
Gorilla,07/26/2026,X001RKHIP5,B009M9F6JA,HM0521,"Gorilla Polyurethane Adhesive Glue Minis, 12 g",SELLABLE,2,0,0,0,0,0,0,0,0,0,0,0,2,0,BLR8
Gorilla,07/26/2026,X001RKHIP5,B009M9F6JA,HM0521,"Gorilla Polyurethane Adhesive Glue Minis, 12 g",SELLABLE,5,0,0,0,0,0,0,0,0,0,0,0,5,0,VSHB
Gorilla,07/26/2026,X001RKHIPF,B0000223UV,HM0523,"Gorilla ADHGG15, Glue, 8 oz.",SELLABLE,2,0,0,0,0,0,0,0,0,0,0,0,2,0,VSHB
Gorilla,07/26/2026,X001RKHIQ9,B01MQW8AEM,HM0626,"Gorilla Clear 100 Percent Silicone Sealant Caulk, Waterproof and Mold & Mildew Resistant, 10 Ounce Cartridge, Clear, (Pack of 1)",SELLABLE,2,0,0,0,0,0,0,0,0,0,0,0,2,0,AMD2
Gorilla,07/26/2026,X001RKHIQ9,B01MQW8AEM,HM0626,"Gorilla Clear 100 Percent Silicone Sealant Caulk, Waterproof and Mold & Mildew Resistant, 10 Ounce Cartridge, Clear, (Pack of 1)",SELLABLE,2,0,0,0,0,0,0,0,0,0,0,0,2,0,BLR8
Gorilla,07/26/2026,X001RKHIQ9,B01MQW8AEM,HM0626,"Gorilla Clear 100 Percent Silicone Sealant Caulk, Waterproof and Mold & Mildew Resistant, 10 Ounce Cartridge, Clear, (Pack of 1)",SELLABLE,2,0,0,0,0,0,0,0,0,0,0,0,2,0,CCX2
Gorilla,07/26/2026,X001RKHIQ9,B01MQW8AEM,HM0626,"Gorilla Clear 100 Percent Silicone Sealant Caulk, Waterproof and Mold & Mildew Resistant, 10 Ounce Cartridge, Clear, (Pack of 1)",SELLABLE,2,0,0,0,0,0,0,0,0,0,0,0,2,0,CJB1
Gorilla,07/26/2026,X001RKHIQ9,B01MQW8AEM,HM0626,"Gorilla Clear 100 Percent Silicone Sealant Caulk, Waterproof and Mold & Mildew Resistant, 10 Ounce Cartridge, Clear, (Pack of 1)",SELLABLE,2,0,0,0,0,0,0,0,0,0,0,0,2,0,HYD3
Gorilla,07/26/2026,X001RKHIQ9,B01MQW8AEM,HM0626,"Gorilla Clear 100 Percent Silicone Sealant Caulk, Waterproof and Mold & Mildew Resistant, 10 Ounce Cartridge, Clear, (Pack of 1)",SELLABLE,1,0,0,0,0,0,0,0,0,0,0,0,1,0,HYD8
Gorilla,07/26/2026,X001RKHIQ9,B01MQW8AEM,HM0626,"Gorilla Clear 100 Percent Silicone Sealant Caulk, Waterproof and Mold & Mildew Resistant, 10 Ounce Cartridge, Clear, (Pack of 1)",SELLABLE,2,0,0,0,0,0,0,0,0,0,0,0,2,0,IDX2
Gorilla,07/26/2026,X001RKHIQ9,B01MQW8AEM,HM0626,"Gorilla Clear 100 Percent Silicone Sealant Caulk, Waterproof and Mold & Mildew Resistant, 10 Ounce Cartridge, Clear, (Pack of 1)",SELLABLE,1,0,0,0,0,0,0,0,0,0,0,0,1,0,LKO1
Gorilla,07/26/2026,X001RKHIQ9,B01MQW8AEM,HM0626,"Gorilla Clear 100 Percent Silicone Sealant Caulk, Waterproof and Mold & Mildew Resistant, 10 Ounce Cartridge, Clear, (Pack of 1)",SELLABLE,1,0,0,0,0,0,0,0,0,0,0,0,1,0,PNQ3
Gorilla,07/26/2026,X001RKHIQ9,B01MQW8AEM,HM0626,"Gorilla Clear 100 Percent Silicone Sealant Caulk, Waterproof and Mold & Mildew Resistant, 10 Ounce Cartridge, Clear, (Pack of 1)",SELLABLE,5,0,0,0,0,0,0,0,0,0,0,0,5,0,VSHB
Gorilla,07/26/2026,X001RKHIRD,B08NTVCJGW,HM0725,"Gorilla Permanent Adhesive Dots, Double-Sided, 150 Pieces",SELLABLE,20,0,0,0,0,0,0,0,0,0,0,0,20,0,VSHB
,07/26/2026,X001RKN90N,B06X1CZWC5,HM0632,"Glue Sticks, Full Size, 4 inch Long x .43 inch Diameter, 45 Count, Clear, (Pack of 1)",SELLABLE,9,0,0,0,0,0,0,0,0,0,0,0,9,0,PNQ3
,07/26/2026,X001RKN90N,B06X1CZWC5,HM0632,"Glue Sticks, Full Size, 4 inch Long x .43 inch Diameter, 45 Count, Clear, (Pack of 1)",SELLABLE,5,0,0,0,0,0,0,0,0,0,0,0,5,0,VSHB
Gorilla,07/26/2026,X001RKN90X,B082T3NL5J,HM0655,"Gorilla Clear Glue Pen, 0.75 Ounce, (Pack of 1)",SELLABLE,1,0,0,0,0,0,0,0,0,0,0,0,1,0,BOM5
Gorilla,07/26/2026,X001RKN90X,B082T3NL5J,HM0655,"Gorilla Clear Glue Pen, 0.75 Ounce, (Pack of 1)",SELLABLE,17,0,0,0,0,0,0,0,0,0,0,0,17,0,VSHB
Gorilla,07/26/2026,X001RKN917,B01B5RBOA6,HM0625,"Gorilla 100% Silicone Sealant, 2.8 oz, Clear",SELLABLE,2,0,0,0,0,0,0,0,0,0,0,0,2,0,SIDA
Gorilla,07/26/2026,X001RKN92B,B07LFZF9KN,HM0728,"Gorilla 6025302 White Tough & Wide Duct Tape, 1-Pack",SELLABLE,1,0,0,0,0,0,0,0,0,0,0,0,1,0,VSHB
Gorilla,07/26/2026,X001RKNUUR,B00C78AERW,HM0540,"Gorilla Duct Tape, 1.88"" x 30 yd, White",SELLABLE,2,0,0,0,0,0,0,0,0,0,0,0,2,0,BLR7
Gorilla,07/26/2026,X001RKNUUR,B00C78AERW,HM0540,"Gorilla Duct Tape, 1.88"" x 30 yd, White",SELLABLE,8,0,0,0,0,0,0,0,0,0,0,0,8,0,CJB1
Gorilla,07/26/2026,X001RKNUUR,B00C78AERW,HM0540,"Gorilla Duct Tape, 1.88"" x 30 yd, White",SELLABLE,1,0,0,0,0,0,0,0,0,0,0,0,1,0,PNQ3
Gorilla,07/26/2026,X001RKNUUR,B00C78AERW,HM0540,"Gorilla Duct Tape, 1.88"" x 30 yd, White",SELLABLE,15,0,0,0,0,0,0,0,0,0,0,0,15,0,VSHB
Gorilla,07/26/2026,X001RKNUV1,B07LFRN1K8,HM0630,"Gorilla Tough & Clear Double Sided XL Mounting Tape, 1"" x 150"", Clear, (Pack of 1)",SELLABLE,10,0,0,0,0,0,0,0,0,0,0,0,10,0,VSHB
Gorilla,07/26/2026,X001RKNUVB,B07LFZ3Q5Q,HM0621,"Gorilla 7400202 XL Super Glue, 1 Pack, Clear",SELLABLE,10,0,0,0,0,0,0,0,0,0,0,0,10,0,VSHB
Gorilla,07/26/2026,X001RKNUVV,B08126M2R4,HM0659,"Gorilla 101895 Waterproof Patch & Seal Tape, 1-Pack, White, 10 Feet, 10.67 Cm",SELLABLE,1,0,0,0,0,0,0,0,0,0,0,0,1,0,CJB1
Gorilla,07/26/2026,X001RKNUVV,B08126M2R4,HM0659,"Gorilla 101895 Waterproof Patch & Seal Tape, 1-Pack, White, 10 Feet, 10.67 Cm",SELLABLE,1,0,0,0,0,0,0,0,0,0,0,0,1,0,PNQ3
Gorilla,07/26/2026,X001RKNUVV,B08126M2R4,HM0659,"Gorilla 101895 Waterproof Patch & Seal Tape, 1-Pack, White, 10 Feet, 10.67 Cm",SELLABLE,22,0,0,0,0,0,0,0,0,0,0,0,22,0,VSHB
Gorilla,07/26/2026,X001RKNUX9,B09Y2K5M8S,HM0726,Gorilla Super Glue Pen 5.5gm,SELLABLE,10,0,0,0,0,0,0,0,0,0,0,0,10,0,VSHB
Gardena,07/26/2026,X001RSF4L7,B007C15VBI,LG0987,"Gardena 2764-20 Angle Piece LG0987-25mm x 3/4"" Female Thread, Flexible Fit",SELLABLE,2,0,0,0,0,0,0,0,0,0,0,0,2,0,AMD2
Gardena,07/26/2026,X001RSF4L7,B007C15VBI,LG0987,"Gardena 2764-20 Angle Piece LG0987-25mm x 3/4"" Female Thread, Flexible Fit",SELLABLE,2,0,0,0,0,0,0,0,0,0,0,0,2,0,BLR8
Gardena,07/26/2026,X001RSF4L7,B007C15VBI,LG0987,"Gardena 2764-20 Angle Piece LG0987-25mm x 3/4"" Female Thread, Flexible Fit",SELLABLE,1,0,0,0,0,0,0,0,0,0,0,0,1,0,CCX2
Gardena,07/26/2026,X001RSF4L7,B007C15VBI,LG0987,"Gardena 2764-20 Angle Piece LG0987-25mm x 3/4"" Female Thread, Flexible Fit",SELLABLE,2,0,0,0,0,0,0,0,0,0,0,0,2,0,CJB1
Gardena,07/26/2026,X001RSF4L7,B007C15VBI,LG0987,"Gardena 2764-20 Angle Piece LG0987-25mm x 3/4"" Female Thread, Flexible Fit",SELLABLE,2,0,0,0,0,0,0,0,0,0,0,0,2,0,HYD3
Gardena,07/26/2026,X001RSF4L7,B007C15VBI,LG0987,"Gardena 2764-20 Angle Piece LG0987-25mm x 3/4"" Female Thread, Flexible Fit",SELLABLE,2,0,0,0,0,0,0,0,0,0,0,0,2,0,IDX2
Gardena,07/26/2026,X001RSF4L7,B007C15VBI,LG0987,"Gardena 2764-20 Angle Piece LG0987-25mm x 3/4"" Female Thread, Flexible Fit",SELLABLE,2,0,0,0,0,0,0,0,0,0,0,0,2,0,LKO1
Gardena,07/26/2026,X001RSF4L7,B007C15VBI,LG0987,"Gardena 2764-20 Angle Piece LG0987-25mm x 3/4"" Female Thread, Flexible Fit",SELLABLE,2,0,0,0,0,0,0,0,0,0,0,0,2,0,PNQ3
Gardena,07/26/2026,X001RSF4L7,B007C15VBI,LG0987,"Gardena 2764-20 Angle Piece LG0987-25mm x 3/4"" Female Thread, Flexible Fit",SELLABLE,20,0,0,0,0,0,0,0,0,0,0,0,20,0,VSHB
Gardena,07/26/2026,X001RSF4LR,B07JXJTCZD,LG0983,GARDENA 12009-20 Lopper TeleCut 650-900 B LG0983 for Tall Trees 42mm,SELLABLE,2,0,0,0,0,0,0,0,0,0,0,0,2,0,BLR8
Gardena,07/26/2026,X001RSF4LR,B07JXJTCZD,LG0983,GARDENA 12009-20 Lopper TeleCut 650-900 B LG0983 for Tall Trees 42mm,SELLABLE,25,0,0,0,0,0,0,0,0,0,0,0,25,0,VSHB
Gardena,07/26/2026,X001RSF4M1,B08KGLWCX7,LG0970,Gardena 3165-20 CombiSystem Grubber Rake LG0970 - Weeding Made Easy,SELLABLE,1,0,0,0,0,0,0,0,0,0,0,0,1,0,CCX1
Gardena,07/26/2026,X001RSF4M1,B08KGLWCX7,LG0970,Gardena 3165-20 CombiSystem Grubber Rake LG0970 - Weeding Made Easy,SELLABLE,3,0,0,0,0,0,0,0,0,0,0,0,3,0,VSHB
Gardena,07/26/2026,X001RSL5PB,B08KGPKD7W,LG0963,Gardena ClickUp Flower Bowl 11320-20,SELLABLE,1,0,0,0,0,0,0,0,0,0,0,0,1,0,BOM5
Gardena,07/26/2026,X001RSL5PB,B08KGPKD7W,LG0963,Gardena ClickUp Flower Bowl 11320-20,SELLABLE,5,0,0,0,0,0,0,0,0,0,0,0,5,0,VSHB
Gardena,07/26/2026,X001RSMR7B,B0001E3W7S,LG0966,Gardena 3391-20 CombiSystem Aerator Rake LG0966 - Lawn Care Made Easy,SELLABLE,5,0,0,0,0,0,0,0,0,0,0,0,5,0,VSHB
Gardena,07/26/2026,X001RSMTE7,B002NMOGYO,LG0965,"Gardena 3241-20 CombiSystem Snow Shovel LG0965 - KST 50, Winter Ready",SELLABLE,3,0,0,0,0,0,0,0,0,0,0,0,3,0,VSHB
Gardena,07/26/2026,X001RSMXD9,B076WS4K3X,LG0976,"Gardena 13157-20 Irrigation Set LG0976 - NatureUp, Corner Tap, Smart Watering",SELLABLE,1,0,0,0,0,0,0,0,0,0,0,0,1,0,BLR8
Gardena,07/26/2026,X001RSMXD9,B076WS4K3X,LG0976,"Gardena 13157-20 Irrigation Set LG0976 - NatureUp, Corner Tap, Smart Watering",SELLABLE,1,0,0,0,0,0,0,0,0,0,0,0,1,0,CJB1
Gardena,07/26/2026,X001RSMXD9,B076WS4K3X,LG0976,"Gardena 13157-20 Irrigation Set LG0976 - NatureUp, Corner Tap, Smart Watering",SELLABLE,1,0,0,0,0,0,0,0,0,0,0,0,1,0,HYD3
Gardena,07/26/2026,X001RSMXD9,B076WS4K3X,LG0976,"Gardena 13157-20 Irrigation Set LG0976 - NatureUp, Corner Tap, Smart Watering",SELLABLE,1,0,0,0,0,0,0,0,0,0,0,0,1,0,PNQ3
Gardena,07/26/2026,X001RSMXD9,B076WS4K3X,LG0976,"Gardena 13157-20 Irrigation Set LG0976 - NatureUp, Corner Tap, Smart Watering",SELLABLE,2,0,0,0,0,0,0,0,0,0,0,0,2,0,VSHB
Gardena,07/26/2026,X001RSMXDJ,B08KGP14X8,LG0973,GARDENA 11130-20 Pressure Sprayer 5L Comfort LG0973 with Shoulder Strap,SELLABLE,1,0,0,0,0,0,0,0,0,0,0,0,1,0,HYD8
Gardena,07/26/2026,X001RSMXDJ,B08KGP14X8,LG0973,GARDENA 11130-20 Pressure Sprayer 5L Comfort LG0973 with Shoulder Strap,SELLABLE,1,0,0,0,0,0,0,0,0,0,0,0,1,0,LKO1
Gardena,07/26/2026,X001RSMXDJ,B08KGP14X8,LG0973,GARDENA 11130-20 Pressure Sprayer 5L Comfort LG0973 with Shoulder Strap,SELLABLE,1,0,0,0,0,0,0,0,0,0,0,0,1,0,PNQ3
Gardena,07/26/2026,X001RSMXDJ,B08KGP14X8,LG0973,GARDENA 11130-20 Pressure Sprayer 5L Comfort LG0973 with Shoulder Strap,SELLABLE,11,0,0,0,0,0,0,0,0,0,0,0,11,0,VSHB
Gardena,07/26/2026,X001RSMXDT,B07JKZ8QT7,LG0982,GARDENA 12002-20 Lopper EasyCut 42mm LG0982 Bypass with Gear Assist,SELLABLE,2,0,0,0,0,0,0,0,0,0,0,0,2,0,BLR8
Gardena,07/26/2026,X001RSMXDT,B07JKZ8QT7,LG0982,GARDENA 12002-20 Lopper EasyCut 42mm LG0982 Bypass with Gear Assist,SELLABLE,3,0,0,0,0,0,0,0,0,0,0,0,3,0,VSHB
Gardena,07/26/2026,X001RSUSIB,B08KGGZXQY,LG0968,GARDENA 3607-20 combisystem 2in1 Patio Weeder,SELLABLE,2,0,0,0,0,0,0,0,0,0,0,0,2,0,VSHB
,07/26/2026,X001RSUSIL,B00CIRRDJO,LG0049,Stihl New MS 170 with heavy duty Light 04 Bar 16 Inch,SELLABLE,6,0,0,0,0,0,0,0,0,0,0,0,6,0,VSHB
Gardena,07/26/2026,X001RSUYOJ,B00GHDQRG0,LG0978,"Gardena 8737-32 CombiSystem Saw LG0978-300PP, Versatile Pruning",SELLABLE,2,0,0,0,0,0,0,0,0,0,0,0,2,0,VSHB
Gardena,07/26/2026,X001RSUYOT,B076X4HB4D,LG0975,"Gardena 13156-20 Irrigation Set LG0975 - NatureUp, Vertical Tap, Efficient Watering",SELLABLE,1,0,0,0,0,0,0,0,0,0,0,0,1,0,BOM5
Gardena,07/26/2026,X001RSUYOT,B076X4HB4D,LG0975,"Gardena 13156-20 Irrigation Set LG0975 - NatureUp, Vertical Tap, Efficient Watering",SELLABLE,1,0,0,0,0,0,0,0,0,0,0,0,1,0,CJB1
Gardena,07/26/2026,X001RSUYOT,B076X4HB4D,LG0975,"Gardena 13156-20 Irrigation Set LG0975 - NatureUp, Vertical Tap, Efficient Watering",SELLABLE,1,0,0,0,0,0,0,0,0,0,0,0,1,0,HYD3
Gardena,07/26/2026,X001RSUYOT,B076X4HB4D,LG0975,"Gardena 13156-20 Irrigation Set LG0975 - NatureUp, Vertical Tap, Efficient Watering",SELLABLE,1,0,0,0,0,0,0,0,0,0,0,0,1,0,PNQ3
Gardena,07/26/2026,X001RSUYOT,B076X4HB4D,LG0975,"Gardena 13156-20 Irrigation Set LG0975 - NatureUp, Vertical Tap, Efficient Watering",SELLABLE,1,0,0,0,0,0,0,0,0,0,0,0,1,0,VSHB
Gardena,07/26/2026,X001RSUYP3,B08XJQSH1F,LG0972,"Gardena G11140-20, Standard",SELLABLE,1,0,0,0,0,0,0,0,0,0,0,0,1,0,BLR8
Gardena,07/26/2026,X001RSUYP3,B08XJQSH1F,LG0972,"Gardena G11140-20, Standard",SELLABLE,1,0,0,0,0,0,0,0,0,0,0,0,1,0,PNQ3
Gardena,07/26/2026,X001RSUYP3,B08XJQSH1F,LG0972,"Gardena G11140-20, Standard",SELLABLE,2,0,0,0,0,0,0,0,0,0,0,0,2,0,VSHB
Gardena,07/26/2026,X001RSUYPD,B07JLJ54RC,LG0981,"Gardena 12006-20 Pruning Lopper LG0981 - EnergyCut, 600mm, Effortless Cutting",SELLABLE,1,0,0,0,0,0,0,0,0,0,0,0,1,0,BLR8
Gardena,07/26/2026,X001RSUYPD,B07JLJ54RC,LG0981,"Gardena 12006-20 Pruning Lopper LG0981 - EnergyCut, 600mm, Effortless Cutting",SELLABLE,5,0,0,0,0,0,0,0,0,0,0,0,5,0,VSHB
Gardena,07/26/2026,X001RSV0V5,B0001E3SJU,LG0985,"Gardena 1505-23 Profi Maxi-Flow Connector Set LG0985 - High Flow, Durable",SELLABLE,2,0,0,0,0,0,0,0,0,0,0,0,2,0,AMD2
Gardena,07/26/2026,X001RSV0V5,B0001E3SJU,LG0985,"Gardena 1505-23 Profi Maxi-Flow Connector Set LG0985 - High Flow, Durable",SELLABLE,2,0,0,0,0,0,0,0,0,0,0,0,2,0,BLR8
Gardena,07/26/2026,X001RSV0V5,B0001E3SJU,LG0985,"Gardena 1505-23 Profi Maxi-Flow Connector Set LG0985 - High Flow, Durable",SELLABLE,1,0,0,0,0,0,0,0,0,0,0,0,1,0,CCX2
Gardena,07/26/2026,X001RSV0V5,B0001E3SJU,LG0985,"Gardena 1505-23 Profi Maxi-Flow Connector Set LG0985 - High Flow, Durable",SELLABLE,2,0,0,0,0,0,0,0,0,0,0,0,2,0,CJB1
Gardena,07/26/2026,X001RSV0V5,B0001E3SJU,LG0985,"Gardena 1505-23 Profi Maxi-Flow Connector Set LG0985 - High Flow, Durable",SELLABLE,2,0,0,0,0,0,0,0,0,0,0,0,2,0,HYD3
Gardena,07/26/2026,X001RSV0V5,B0001E3SJU,LG0985,"Gardena 1505-23 Profi Maxi-Flow Connector Set LG0985 - High Flow, Durable",SELLABLE,2,0,0,0,0,0,0,0,0,0,0,0,2,0,IDX2
Gardena,07/26/2026,X001RSV0V5,B0001E3SJU,LG0985,"Gardena 1505-23 Profi Maxi-Flow Connector Set LG0985 - High Flow, Durable",SELLABLE,2,0,0,0,0,0,0,0,0,0,0,0,2,0,LKO1
Gardena,07/26/2026,X001RSV0V5,B0001E3SJU,LG0985,"Gardena 1505-23 Profi Maxi-Flow Connector Set LG0985 - High Flow, Durable",SELLABLE,2,0,0,0,0,0,0,0,0,0,0,0,2,0,PNQ3
Gardena,07/26/2026,X001RSV0V5,B0001E3SJU,LG0985,"Gardena 1505-23 Profi Maxi-Flow Connector Set LG0985 - High Flow, Durable",SELLABLE,6,0,0,0,0,0,0,0,0,0,0,0,6,0,VSHB
Gardena,07/26/2026,X001RSV0VF,B0001E3QP6,LG0971,"GARDENA Lawn Edge 20 cm high, Ideal Lawn Parting, Also for Bedding, 9 m, Prevents Spread of Roots, Plastic, Green, 540-20, Standard",SELLABLE,5,0,0,0,0,0,0,0,0,0,0,0,5,0,VSHB
Gardena,07/26/2026,X001RUZCHL,B000NUY3HI,LG0888,GARDENA 2771-U T-Piece Connector 25mm -Sprinkler System Pro,SELLABLE,1,0,0,0,0,0,0,0,0,0,0,0,1,0,BLR7
Gardena,07/26/2026,X001RUZCHL,B000NUY3HI,LG0888,GARDENA 2771-U T-Piece Connector 25mm -Sprinkler System Pro,SELLABLE,5,0,0,0,0,0,0,0,0,0,0,0,5,0,VSHB
Gardena,07/26/2026,X001RUZCI5,B000NUTNXC,LG0887,"Gardena 2790-20 T-Piece LG0887-25mm x 3/4"" Female Thread, Easy Split",SELLABLE,1,0,0,0,0,0,0,0,0,0,0,0,1,0,BLR7
Gardena,07/26/2026,X001RUZCI5,B000NUTNXC,LG0887,"Gardena 2790-20 T-Piece LG0887-25mm x 3/4"" Female Thread, Easy Split",SELLABLE,1,0,0,0,0,0,0,0,0,0,0,0,1,0,BOM7
Gardena,07/26/2026,X001RUZCI5,B000NUTNXC,LG0887,"Gardena 2790-20 T-Piece LG0887-25mm x 3/4"" Female Thread, Easy Split",SELLABLE,4,0,0,0,0,0,0,0,0,0,0,0,4,0,VSHB
Gardena,07/26/2026,X001RUZCIF,B0001E3W50,LG0776,Gardena 3196-20 CombiSystem Star Tiller LG0776 - Easy Soil Cultivation,SELLABLE,2,0,0,0,0,0,0,0,0,0,0,0,2,0,VSHB
Gardena,07/26/2026,X001RUZCJT,B000NUVMWM,LG0890,"Gardena 2778-20 End Piece LG0890-25mm, Secure Pipe Closure",SELLABLE,2,0,0,0,0,0,0,0,0,0,0,0,2,0,BOM5
Gardena,07/26/2026,X001RUZCJT,B000NUVMWM,LG0890,"Gardena 2778-20 End Piece LG0890-25mm, Secure Pipe Closure",SELLABLE,2,0,0,0,0,0,0,0,0,0,0,0,2,0,VSHB
Gardena,07/26/2026,X001RUZCKD,B0001E3S6I,LG0913,"Gardena 1355-20 Master Unit LG0913-1000, Efficient Water Distribution",SELLABLE,1,0,0,0,0,0,0,0,0,0,0,0,1,0,AMD2
Gardena,07/26/2026,X001RUZCKD,B0001E3S6I,LG0913,"Gardena 1355-20 Master Unit LG0913-1000, Efficient Water Distribution",SELLABLE,1,0,0,0,0,0,0,0,0,0,0,0,1,0,BLR8
Gardena,07/26/2026,X001RUZCKD,B0001E3S6I,LG0913,"Gardena 1355-20 Master Unit LG0913-1000, Efficient Water Distribution",SELLABLE,1,0,0,0,0,0,0,0,0,0,0,0,1,0,CCX2
Gardena,07/26/2026,X001RUZCKD,B0001E3S6I,LG0913,"Gardena 1355-20 Master Unit LG0913-1000, Efficient Water Distribution",SELLABLE,1,0,0,0,0,0,0,0,0,0,0,0,1,0,CJB1
Gardena,07/26/2026,X001RUZCKD,B0001E3S6I,LG0913,"Gardena 1355-20 Master Unit LG0913-1000, Efficient Water Distribution",SELLABLE,1,0,0,0,0,0,0,0,0,0,0,0,1,0,HYD3
Gardena,07/26/2026,X001RUZCKD,B0001E3S6I,LG0913,"Gardena 1355-20 Master Unit LG0913-1000, Efficient Water Distribution",SELLABLE,1,0,0,0,0,0,0,0,0,0,0,0,1,0,IDX2
Gardena,07/26/2026,X001RUZCKD,B0001E3S6I,LG0913,"Gardena 1355-20 Master Unit LG0913-1000, Efficient Water Distribution",SELLABLE,1,0,0,0,0,0,0,0,0,0,0,0,1,0,LKO1
Gardena,07/26/2026,X001RUZCKD,B0001E3S6I,LG0913,"Gardena 1355-20 Master Unit LG0913-1000, Efficient Water Distribution",SELLABLE,1,0,0,0,0,0,0,0,0,0,0,0,1,0,PNQ3
Gardena,07/26/2026,X001RUZCKD,B0001E3S6I,LG0913,"Gardena 1355-20 Master Unit LG0913-1000, Efficient Water Distribution",SELLABLE,10,0,0,0,0,0,0,0,0,0,0,0,10,0,VSHB
,07/26/2026,X001RUZCKN,B0001E3S4A,LG0931,"Pipe Peg 13mm(3/16"").",SELLABLE,1,0,0,0,0,0,0,0,0,0,0,0,1,0,HYD8
,07/26/2026,X001RUZCKN,B0001E3S4A,LG0931,"Pipe Peg 13mm(3/16"").",SELLABLE,5,0,0,0,0,0,0,0,0,0,0,0,5,0,VSHB
Gardena,07/26/2026,X001RV3F6F,B08PMMNGPG,LG0739,"Gardena 18710-20 AquaZoom S LG0739 - Oscillating Sprinkler, Adjustable Coverage",SELLABLE,9,0,0,0,0,0,0,0,0,0,0,0,9,0,BLR8
Gardena,07/26/2026,X001RV3F6F,B08PMMNGPG,LG0739,"Gardena 18710-20 AquaZoom S LG0739 - Oscillating Sprinkler, Adjustable Coverage",SELLABLE,4,0,0,0,0,0,0,0,0,0,0,0,4,0,CJB1
Gardena,07/26/2026,X001RV3F6F,B08PMMNGPG,LG0739,"Gardena 18710-20 AquaZoom S LG0739 - Oscillating Sprinkler, Adjustable Coverage",SELLABLE,4,0,0,0,0,0,0,0,0,0,0,0,4,0,HYD3
Gardena,07/26/2026,X001RV3F6F,B08PMMNGPG,LG0739,"Gardena 18710-20 AquaZoom S LG0739 - Oscillating Sprinkler, Adjustable Coverage",SELLABLE,1,0,0,0,0,0,0,0,0,0,0,0,1,0,IDX2
Gardena,07/26/2026,X001RV3F6F,B08PMMNGPG,LG0739,"Gardena 18710-20 AquaZoom S LG0739 - Oscillating Sprinkler, Adjustable Coverage",SELLABLE,3,0,0,0,0,0,0,0,0,0,0,0,3,0,PNQ3
Gardena,07/26/2026,X001RV3F6F,B08PMMNGPG,LG0739,"Gardena 18710-20 AquaZoom S LG0739 - Oscillating Sprinkler, Adjustable Coverage",SELLABLE,2,0,0,0,0,0,0,0,0,0,0,0,2,0,VSHB
Gardena,07/26/2026,X001RV3F6P,B00GHEM5NI,LG0746,GARDENA 241 Wall Mount Hose Hanger,SELLABLE,11,0,0,0,0,0,0,0,0,0,0,0,11,0,BLR8
Gardena,07/26/2026,X001RV3F6P,B00GHEM5NI,LG0746,GARDENA 241 Wall Mount Hose Hanger,SELLABLE,2,0,0,0,0,0,0,0,0,0,0,0,2,0,CCX2
Gardena,07/26/2026,X001RV3F6P,B00GHEM5NI,LG0746,GARDENA 241 Wall Mount Hose Hanger,SELLABLE,1,0,0,0,0,0,0,0,0,0,0,0,1,0,IDX2
Gardena,07/26/2026,X001RV3F6P,B00GHEM5NI,LG0746,GARDENA 241 Wall Mount Hose Hanger,SELLABLE,3,0,0,0,0,0,0,0,0,0,0,0,3,0,LKO1
Gardena,07/26/2026,X001RV3F6P,B00GHEM5NI,LG0746,GARDENA 241 Wall Mount Hose Hanger,SELLABLE,7,0,0,0,0,0,0,0,0,0,0,0,7,0,MAA4
Gardena,07/26/2026,X001RV3F6P,B00GHEM5NI,LG0746,GARDENA 241 Wall Mount Hose Hanger,SELLABLE,32,0,0,0,0,0,0,0,0,0,0,0,32,0,VSHB
Gardena,07/26/2026,X001RV3F6Z,B0035WWDAU,LG0778,"Gardena 2722-20 Underground Watering Connecting Point LG0778 - Hidden Installation, Easy Access",SELLABLE,2,0,0,0,0,0,0,0,0,0,0,0,2,0,LKO1
Gardena,07/26/2026,X001RV3F6Z,B0035WWDAU,LG0778,"Gardena 2722-20 Underground Watering Connecting Point LG0778 - Hidden Installation, Easy Access",SELLABLE,1,0,0,0,0,0,0,0,0,0,0,0,1,0,VSHB
Gardena,07/26/2026,X001RV3F79,B00LHU4E5O,LG0755,"Gardena 1169-20 Water Timer LG0755 - Mechanical, Flow Control, Easy Scheduling",SELLABLE,1,0,0,0,0,0,0,0,0,0,0,0,1,0,CCX2
Gardena,07/26/2026,X001RV3F79,B00LHU4E5O,LG0755,"Gardena 1169-20 Water Timer LG0755 - Mechanical, Flow Control, Easy Scheduling",SELLABLE,1,0,0,0,0,0,0,0,0,0,0,0,1,0,HYD8
Gardena,07/26/2026,X001RV3F79,B00LHU4E5O,LG0755,"Gardena 1169-20 Water Timer LG0755 - Mechanical, Flow Control, Easy Scheduling",SELLABLE,2,0,0,0,0,0,0,0,0,0,0,0,2,0,VSHB
Gardena,07/26/2026,X001RV3F97,B018E0KW8C,LG0907,"Gardena 3099-20 CombiSystem Rake LG0907 - Adjustable, Multi-Purpose Gardening",SELLABLE,2,0,0,0,0,0,0,0,0,0,0,0,2,0,CJB1
Gardena,07/26/2026,X001RV3F97,B018E0KW8C,LG0907,"Gardena 3099-20 CombiSystem Rake LG0907 - Adjustable, Multi-Purpose Gardening",SELLABLE,2,0,0,0,0,0,0,0,0,0,0,0,2,0,HYD3
Gardena,07/26/2026,X001RV3F97,B018E0KW8C,LG0907,"Gardena 3099-20 CombiSystem Rake LG0907 - Adjustable, Multi-Purpose Gardening",SELLABLE,21,0,0,0,0,0,0,0,0,0,0,0,21,0,VSHB
Gardena,07/26/2026,X001RV3F9R,B0001E3S40,LG0933,"Gardena 1323-20 Plug LG0933-4-6 mm, Secure Fit, Protects Pipes",SELLABLE,1,0,0,0,0,0,0,0,0,0,0,0,1,0,VSHB
Gardena,07/26/2026,X001RV3HBX,B0035X1RW4,LG0779,"Gardena 8255-20 Underground Water Pipeline Starter Set LG0779 - Drip Irrigation, 3/4"" Female Thread",SELLABLE,1,0,0,0,0,0,0,0,0,0,0,0,1,0,AMD2
Gardena,07/26/2026,X001RV3HBX,B0035X1RW4,LG0779,"Gardena 8255-20 Underground Water Pipeline Starter Set LG0779 - Drip Irrigation, 3/4"" Female Thread",SELLABLE,1,0,0,0,0,0,0,0,0,0,0,0,1,0,BLR8
Gardena,07/26/2026,X001RV3HBX,B0035X1RW4,LG0779,"Gardena 8255-20 Underground Water Pipeline Starter Set LG0779 - Drip Irrigation, 3/4"" Female Thread",SELLABLE,1,0,0,0,0,0,0,0,0,0,0,0,1,0,CCX2
Gardena,07/26/2026,X001RV3HBX,B0035X1RW4,LG0779,"Gardena 8255-20 Underground Water Pipeline Starter Set LG0779 - Drip Irrigation, 3/4"" Female Thread",SELLABLE,1,0,0,0,0,0,0,0,0,0,0,0,1,0,CJB1
Gardena,07/26/2026,X001RV3HBX,B0035X1RW4,LG0779,"Gardena 8255-20 Underground Water Pipeline Starter Set LG0779 - Drip Irrigation, 3/4"" Female Thread",SELLABLE,1,0,0,0,0,0,0,0,0,0,0,0,1,0,HYD3
Gardena,07/26/2026,X001RV3HBX,B0035X1RW4,LG0779,"Gardena 8255-20 Underground Water Pipeline Starter Set LG0779 - Drip Irrigation, 3/4"" Female Thread",SELLABLE,1,0,0,0,0,0,0,0,0,0,0,0,1,0,PNQ3
Gardena,07/26/2026,X001RV3HBX,B0035X1RW4,LG0779,"Gardena 8255-20 Underground Water Pipeline Starter Set LG0779 - Drip Irrigation, 3/4"" Female Thread",SELLABLE,1,0,0,0,0,0,0,0,0,0,0,0,1,0,VSHB
Gardena,07/26/2026,X001RV3HC7,B000NUTNZK,LG0832,"Gardena 2786-20 T-Piece LG0832-25mm x 1/2"" Male Thread Connector",SELLABLE,1,0,0,0,0,0,0,0,0,0,0,0,1,0,BLR7
Gardena,07/26/2026,X001RV3HC7,B000NUTNZK,LG0832,"Gardena 2786-20 T-Piece LG0832-25mm x 1/2"" Male Thread Connector",SELLABLE,1,0,0,0,0,0,0,0,0,0,0,0,1,0,BOM7
Gardena,07/26/2026,X001RV3HC7,B000NUTNZK,LG0832,"Gardena 2786-20 T-Piece LG0832-25mm x 1/2"" Male Thread Connector",SELLABLE,1,0,0,0,0,0,0,0,0,0,0,0,1,0,CCX1
Gardena,07/26/2026,X001RV3HC7,B000NUTNZK,LG0832,"Gardena 2786-20 T-Piece LG0832-25mm x 1/2"" Male Thread Connector",SELLABLE,1,0,0,0,0,0,0,0,0,0,0,0,1,0,CJB1
Gardena,07/26/2026,X001RV3HC7,B000NUTNZK,LG0832,"Gardena 2786-20 T-Piece LG0832-25mm x 1/2"" Male Thread Connector",SELLABLE,1,0,0,0,0,0,0,0,0,0,0,0,1,0,LKO1
Gardena,07/26/2026,X001RV3HC7,B000NUTNZK,LG0832,"Gardena 2786-20 T-Piece LG0832-25mm x 1/2"" Male Thread Connector",SELLABLE,6,0,0,0,0,0,0,0,0,0,0,0,6,0,VSHB
Gardena,07/26/2026,X001RV3HCR,B0001E3S3G,LG0751,Gardena 1266-20 Holiday Watering Set LG0751 - Automated Plant Care,SELLABLE,1,0,0,0,0,0,0,0,0,0,0,0,1,0,VSHB
Gardena,07/26/2026,X001RV3HEF,B0001E3W6E,LG0923,"Gardena CombisystemPond Net Vario 2, Black/Blue, 50x20x18 cm",SELLABLE,2,0,0,0,0,0,0,0,0,0,0,0,2,0,HYD8
Gardena,07/26/2026,X001RV3HEF,B0001E3W6E,LG0923,"Gardena CombisystemPond Net Vario 2, Black/Blue, 50x20x18 cm",SELLABLE,2,0,0,0,0,0,0,0,0,0,0,0,2,0,VSHB
Gardena,07/26/2026,X001RV3HEF,B0001E3W6E,LG0923,"Gardena CombisystemPond Net Vario 2, Black/Blue, 50x20x18 cm",WAREHOUSE_DAMAGED,1,0,0,0,0,0,0,0,0,0,0,0,1,0,PNQ3
Gardena,07/26/2026,X001RV3JDT,B0001E3UOI,LG0838,"Gardena 2922-26 Tool Adapter LG0838 - For Irrigation Units, Internal Thread, Easy Fit",SELLABLE,10,0,0,0,0,0,0,0,0,0,0,0,10,0,HYD8
Gardena,07/26/2026,X001RV3JDT,B0001E3UOI,LG0838,"Gardena 2922-26 Tool Adapter LG0838 - For Irrigation Units, Internal Thread, Easy Fit",SELLABLE,8,0,0,0,0,0,0,0,0,0,0,0,8,0,VSHB
Gardena,07/26/2026,X001RV3JE3,B000NUTNZ0,LG0889,"Gardena 2775-20 Connector LG0889-25mm, Secure Link",SELLABLE,1,0,0,0,0,0,0,0,0,0,0,0,1,0,CCX2
Gardena,07/26/2026,X001RV3JE3,B000NUTNZ0,LG0889,"Gardena 2775-20 Connector LG0889-25mm, Secure Link",SELLABLE,1,0,0,0,0,0,0,0,0,0,0,0,1,0,VSHB
Gardena,07/26/2026,X001RV3JEN,B00PNUC712,LG0788,"Gardena 18201-20 Tap Connector LG0788-26.5mm (3/4"")",SELLABLE,20,0,0,0,0,0,0,0,0,0,0,0,20,0,VSHB
Gardena,07/26/2026,X001RV3JEX,B07YSTB5HX,LG0752,"Gardena 13300-20 AquaBloom Set LG0752 - Solar-Powered, Waters up to 20 Plants",SELLABLE,1,0,0,0,0,0,0,0,0,0,0,0,1,0,AMD2
Gardena,07/26/2026,X001RV3JEX,B07YSTB5HX,LG0752,"Gardena 13300-20 AquaBloom Set LG0752 - Solar-Powered, Waters up to 20 Plants",SELLABLE,1,0,0,0,0,0,0,0,0,0,0,0,1,0,BLR8
Gardena,07/26/2026,X001RV3JEX,B07YSTB5HX,LG0752,"Gardena 13300-20 AquaBloom Set LG0752 - Solar-Powered, Waters up to 20 Plants",SELLABLE,1,0,0,0,0,0,0,0,0,0,0,0,1,0,CCX2
Gardena,07/26/2026,X001RV3JEX,B07YSTB5HX,LG0752,"Gardena 13300-20 AquaBloom Set LG0752 - Solar-Powered, Waters up to 20 Plants",SELLABLE,1,0,0,0,0,0,0,0,0,0,0,0,1,0,CJB1
Gardena,07/26/2026,X001RV3JEX,B07YSTB5HX,LG0752,"Gardena 13300-20 AquaBloom Set LG0752 - Solar-Powered, Waters up to 20 Plants",SELLABLE,1,0,0,0,0,0,0,0,0,0,0,0,1,0,HYD3
Gardena,07/26/2026,X001RV3JEX,B07YSTB5HX,LG0752,"Gardena 13300-20 AquaBloom Set LG0752 - Solar-Powered, Waters up to 20 Plants",SELLABLE,1,0,0,0,0,0,0,0,0,0,0,0,1,0,IDX2
Gardena,07/26/2026,X001RV3JEX,B07YSTB5HX,LG0752,"Gardena 13300-20 AquaBloom Set LG0752 - Solar-Powered, Waters up to 20 Plants",SELLABLE,1,0,0,0,0,0,0,0,0,0,0,0,1,0,LKO1
Gardena,07/26/2026,X001RV3JEX,B07YSTB5HX,LG0752,"Gardena 13300-20 AquaBloom Set LG0752 - Solar-Powered, Waters up to 20 Plants",SELLABLE,1,0,0,0,0,0,0,0,0,0,0,0,1,0,PNQ3
Gardena,07/26/2026,X001RV3JEX,B07YSTB5HX,LG0752,"Gardena 13300-20 AquaBloom Set LG0752 - Solar-Powered, Waters up to 20 Plants",SELLABLE,2,0,0,0,0,0,0,0,0,0,0,0,2,0,VSHB
Gardena,07/26/2026,X001RV3JF7,B076X2D9FV,LG0783,"Gardena 18255-20 Premium Hose Connector LG0783-1/2"" (15mm)",SELLABLE,8,0,0,0,0,0,0,0,0,0,0,0,8,0,VSHB
Gardena,07/26/2026,X001RV3JG1,B0001E3W14,LG0909,Gardena 3177-20 CombiSystem Rake LG0909 - Multi-Purpose Gardening Tool,SELLABLE,1,0,0,0,0,0,0,0,0,0,0,0,1,0,BLR8
Gardena,07/26/2026,X001RV3JG1,B0001E3W14,LG0909,Gardena 3177-20 CombiSystem Rake LG0909 - Multi-Purpose Gardening Tool,SELLABLE,2,0,0,0,0,0,0,0,0,0,0,0,2,0,VSHB
Gardena,07/26/2026,X001RV3JGB,B01M5KNCW1,LG0927,"Gardena 8966-30 Handtools Set LG0927 - Essential Tools, Compact Pack",SELLABLE,1,0,0,0,0,0,0,0,0,0,0,0,1,0,BLR8
Gardena,07/26/2026,X001RV3JGB,B01M5KNCW1,LG0927,"Gardena 8966-30 Handtools Set LG0927 - Essential Tools, Compact Pack",SELLABLE,3,0,0,0,0,0,0,0,0,0,0,0,3,0,VSHB
Gardena,07/26/2026,X001RV3JGV,B007C12L8O,LG0892,"Gardena 2739-20 Sprinkler Connection LG0892-3/4"" x 1/2"", Reliable Linkup",SELLABLE,1,0,0,0,0,0,0,0,0,0,0,0,1,0,BLR8
Gardena,07/26/2026,X001RV3JGV,B007C12L8O,LG0892,"Gardena 2739-20 Sprinkler Connection LG0892-3/4"" x 1/2"", Reliable Linkup",SELLABLE,1,0,0,0,0,0,0,0,0,0,0,0,1,0,CJB1
Gardena,07/26/2026,X001RV3JGV,B007C12L8O,LG0892,"Gardena 2739-20 Sprinkler Connection LG0892-3/4"" x 1/2"", Reliable Linkup",SELLABLE,9,0,0,0,0,0,0,0,0,0,0,0,9,0,VSHB
Gardena,07/26/2026,X001SBFNHD,B08KGP2DHF,LG0919,"Gardena 11380-30 Bird Feeder LG0919 - ClickUp, Easy Fill, Hang Anywhere",SELLABLE,10,0,0,0,0,0,0,0,0,0,0,0,10,0,VSHB
Gardena,07/26/2026,X001SBFNHN,B08KGPV4KJ,LG0918,"Gardena 11360-20 ClickUp Torch, One Size, Black",SELLABLE,10,0,0,0,0,0,0,0,0,0,0,0,10,0,VSHB
BKR,07/26/2026,X001SBJ29N,B0BQQY3QPW,CA0076,"BKR Snow Chain 1 pair Carbon Steel 12mm for Altroz, Swift, Dzire, Etios, Ritz, I10, Celerio, Wagon R also for 13"" 14"" & 15"" Tyres- FREE 2 bungee ropes and 1pair of gloves CA0076/KN60",SELLABLE,26,0,0,0,0,0,0,0,0,0,0,0,26,0,VSHB
BKR,07/26/2026,X001SBJ29X,B0BQN1D5H1,CA0075,"BKR Snow Chain 1 pair (2pc in each pair) Carbon Steel 12mm for Alto800, K10, Eon, also for 12"" to 13"" Tyres- FREE 2 bungee ropes with 1pair of gloves for extra grip! CA0075/KN20",SELLABLE,1,0,0,0,0,0,0,0,0,0,0,0,1,0,LKO1
BKR,07/26/2026,X001SBJ29X,B0BQN1D5H1,CA0075,"BKR Snow Chain 1 pair (2pc in each pair) Carbon Steel 12mm for Alto800, K10, Eon, also for 12"" to 13"" Tyres- FREE 2 bungee ropes with 1pair of gloves for extra grip! CA0075/KN20",SELLABLE,38,0,0,0,0,0,0,0,0,0,0,0,38,0,VSHB
BKR,07/26/2026,X001SBJ2CZ,B084ZLJ414,LG0637,"BKR® HTE-600 550W Power, Electric Hedge Trimmer with 20-Inch (51cm) Blade, Corded Design for Precision Cutting, Ergonomic Handle",SELLABLE,51,0,0,0,0,0,0,0,0,0,0,0,51,0,VSHB
BKR,07/26/2026,X001SBJ2D9,B084YYJ7GM,LG0635,BKR Leaf Blower | 63.3 cc 3 Hp Power with 2 Stroke Petrol Engine Comes with 6 Months Manufacturer Warranty | Work Efficient and Effective,SELLABLE,5,0,0,0,0,0,0,0,0,0,0,0,5,0,VSHB
BKR,07/26/2026,X001SBJ2DT,B0925VR8BD,LG0543,"BKR® Petrol Chainsaw 22-inch Powerful 62CC 2-Stoke Air Cooled Engine BKR-PCS-6222 | 20min runtime, low fuel consumption comes with 6 months manufacture warranty",SELLABLE,101,0,0,0,0,0,0,0,0,0,0,0,101,0,VSHB
,07/26/2026,X001SBJ2ZR,B078PFDWWX,HM0158,"JAGAN HARDWARE Portable Charcoal Barbeque Grills Steel, Built-In",SELLABLE,1,0,0,0,0,0,0,0,0,0,0,0,1,0,CCX2
,07/26/2026,X001SBJ2ZR,B078PFDWWX,HM0158,"JAGAN HARDWARE Portable Charcoal Barbeque Grills Steel, Built-In",SELLABLE,1,0,0,0,0,0,0,0,0,0,0,0,1,0,LKO1
,07/26/2026,X001SBJ2ZR,B078PFDWWX,HM0158,"JAGAN HARDWARE Portable Charcoal Barbeque Grills Steel, Built-In",SELLABLE,1,0,0,0,0,0,0,0,0,0,0,0,1,0,PNQ3
,07/26/2026,X001SBJ2ZR,B078PFDWWX,HM0158,"JAGAN HARDWARE Portable Charcoal Barbeque Grills Steel, Built-In",SELLABLE,2,0,0,0,0,0,0,0,0,0,0,0,2,0,VSHB
,07/26/2026,X001SBJ30B,B019INGMX8,LG0389,Stihl Cast Iron Chain Saw MS-180 (Orange),SELLABLE,6,0,0,0,0,0,0,0,0,0,0,0,6,0,VSHB
,07/26/2026,X001SBJ30L,B08DHPCHKY,LG0385,"Stihl CHAINSAW MS-382, Petrol with 18 Inch Bar and Chain",SELLABLE,5,0,0,0,0,0,0,0,0,0,0,0,5,0,VSHB
BKR,07/26/2026,X001SBJ333,B088PPJB9V,LG0691,"BKR® KB100 2-in-1 Portable Mini Fogger & Mist Sprayer, Diesel-Powered with Double Netted Burner, Manual Start, High-Efficiency Output, Lightweight & Compact Design, 6 months Manufacturer Warranty",SELLABLE,8,0,0,0,0,0,0,0,0,0,0,0,8,0,VSHB
Gardena,07/26/2026,X001SBJ33D,B00HPXVE2S,LG0747,"Gardena 18009-20 Classic Hose Pipe LG0747-1/2"" x 30m, High Flexibility, Durable",SELLABLE,50,0,0,0,0,0,0,0,0,0,0,0,50,0,VSHB
Gardena,07/26/2026,X001SBJ33X,B004Z54Y94,LG0743,"Gardena 8009-20 Wall Mount Hose Reel LG0743 - Convenient, Space-Saving",CUSTOMER_DAMAGED,1,0,0,0,0,0,0,0,0,0,0,0,1,0,BLR8
Gardena,07/26/2026,X001SBJ33X,B004Z54Y94,LG0743,"Gardena 8009-20 Wall Mount Hose Reel LG0743 - Convenient, Space-Saving",CUSTOMER_DAMAGED,1,0,0,0,0,0,0,0,0,0,0,0,1,0,HYD8
Gardena,07/26/2026,X001SBJ33X,B004Z54Y94,LG0743,"Gardena 8009-20 Wall Mount Hose Reel LG0743 - Convenient, Space-Saving",SELLABLE,1,0,0,0,0,0,0,0,0,0,0,0,1,0,AMD2
Gardena,07/26/2026,X001SBJ33X,B004Z54Y94,LG0743,"Gardena 8009-20 Wall Mount Hose Reel LG0743 - Convenient, Space-Saving",SELLABLE,2,0,0,0,0,0,0,0,0,0,0,0,2,0,BLR8
Gardena,07/26/2026,X001SBJ33X,B004Z54Y94,LG0743,"Gardena 8009-20 Wall Mount Hose Reel LG0743 - Convenient, Space-Saving",SELLABLE,3,0,0,0,0,0,0,0,0,0,0,0,3,0,CCX2
Gardena,07/26/2026,X001SBJ33X,B004Z54Y94,LG0743,"Gardena 8009-20 Wall Mount Hose Reel LG0743 - Convenient, Space-Saving",SELLABLE,3,0,0,0,0,0,0,0,0,0,0,0,3,0,CJB1
Gardena,07/26/2026,X001SBJ33X,B004Z54Y94,LG0743,"Gardena 8009-20 Wall Mount Hose Reel LG0743 - Convenient, Space-Saving",SELLABLE,4,0,0,0,0,0,0,0,0,0,0,0,4,0,PNQ3
Gardena,07/26/2026,X001SBJ33X,B004Z54Y94,LG0743,"Gardena 8009-20 Wall Mount Hose Reel LG0743 - Convenient, Space-Saving",SELLABLE,52,0,0,0,0,0,0,0,0,0,0,0,52,0,VSHB
Gardena,07/26/2026,X001SBJ347,B000OY4PQ2,LG0894,"Gardena 2701-20 Connecting Pipe LG0894-25mm x 50m, Durable Irrigation Solution",SELLABLE,10,0,0,0,0,0,0,0,0,0,0,0,10,0,VSHB
,07/26/2026,X001SBJ34H,B07LFFB29D,LG0451,"Stihl Cast Iron Chain Saw MS-250 with 20"" Bar Light 04",SELLABLE,6,0,0,0,0,0,0,0,0,0,0,0,6,0,VSHB
Gardena,07/26/2026,X001SBJ35B,B0001E41EQ,LG0925,"GARDENA 1329/8329-U T - Joint 1/2"" - Micro Drip System",SELLABLE,9,0,0,0,0,0,0,0,0,0,0,0,9,0,VSHB
Gardena,07/26/2026,X001SBJ35L,B00SNECNK0,LG0929,"Gardena Plant Waterer MicroDripSystem, Black/Orange, M39125",SELLABLE,5,0,0,0,0,0,0,0,0,0,0,0,5,0,VSHB
Gardena,07/26/2026,X001SBOZVD,B076WSFFXP,LG0902,"Gardena 12100-20 Grass Shears LG0902 - Long Handle, Comfort Grip, Precise Cut",SELLABLE,3,0,0,0,0,0,0,0,0,0,0,0,3,0,VSHB
Gardena,07/26/2026,X001SBOZVX,B07JLVB5JP,LG0754,Gardena Flex Hose Faucet + Hose Connector + Water Timer,SELLABLE,1,0,0,0,0,0,0,0,0,0,0,0,1,0,VSHB
Gardena,07/26/2026,X001SBOZW7,B018E0L0KQ,LG0764,"Gardena 9831-20 EasyCut Hedge Trimmer LG0764-450W, 500mm Blade, Efficient",SELLABLE,3,0,0,0,0,0,0,0,0,0,0,0,3,0,VSHB
BKR,07/26/2026,X001SBOZWH,B09WDHWWS5,LG0861,BKR® 12-Inch Electric Lawn Mower | 1200-Watt Powerful Motor | Adjustable Cutting Height | 25L Grass Collector | Made in India | Eco-Friendly Lawn Care Equipment with 6 Months Manufacture Warranty,SELLABLE,10,0,0,0,0,0,0,0,0,0,0,0,10,0,VSHB
BKR,07/26/2026,X001SBOZWR,B07YDP6BTL,LG0550,"BKR® Petrol Hedge Trimmer HT260B with 26.3cc Power, 2 Stroke Engine | 24inch Cutting Lenght | Dual Action Blade Cut The Grasses Nicely, 3 Stages twistable Handle with 6 Months Manufacture Warranty",SELLABLE,3,0,0,0,0,0,0,0,0,0,0,0,3,0,VSHB
BKR,07/26/2026,X001SBOZXV,B0BM9TMB9Y,LG0939,"BKR Charcoal Barbeque (BBQ) Grill with 8 Skewers, Gloves, Tong & Charcoal Tray | High Temperature Sand Blasting Finish",SELLABLE,4,0,0,0,0,0,0,0,0,0,0,0,4,0,VSHB
Gorilla,07/26/2026,X001SBPZML,B07W6LFW9Z,HM0658,"Gorilla 8212302 Max Strength Clear Construction Adhesive, 1-Pack",SELLABLE,3,0,0,0,0,0,0,0,0,0,0,0,3,0,AMD2
Gorilla,07/26/2026,X001SBPZML,B07W6LFW9Z,HM0658,"Gorilla 8212302 Max Strength Clear Construction Adhesive, 1-Pack",SELLABLE,2,0,0,0,0,0,0,0,0,0,0,0,2,0,BLR8
Gorilla,07/26/2026,X001SBPZML,B07W6LFW9Z,HM0658,"Gorilla 8212302 Max Strength Clear Construction Adhesive, 1-Pack",SELLABLE,2,0,0,0,0,0,0,0,0,0,0,0,2,0,BOM5
Gorilla,07/26/2026,X001SBPZML,B07W6LFW9Z,HM0658,"Gorilla 8212302 Max Strength Clear Construction Adhesive, 1-Pack",SELLABLE,3,0,0,0,0,0,0,0,0,0,0,0,3,0,CCX2
Gorilla,07/26/2026,X001SBPZML,B07W6LFW9Z,HM0658,"Gorilla 8212302 Max Strength Clear Construction Adhesive, 1-Pack",SELLABLE,3,0,0,0,0,0,0,0,0,0,0,0,3,0,CJB1
Gorilla,07/26/2026,X001SBPZML,B07W6LFW9Z,HM0658,"Gorilla 8212302 Max Strength Clear Construction Adhesive, 1-Pack",SELLABLE,3,0,0,0,0,0,0,0,0,0,0,0,3,0,HYD3
Gorilla,07/26/2026,X001SBPZML,B07W6LFW9Z,HM0658,"Gorilla 8212302 Max Strength Clear Construction Adhesive, 1-Pack",SELLABLE,3,0,0,0,0,0,0,0,0,0,0,0,3,0,IDX2
Gorilla,07/26/2026,X001SBPZML,B07W6LFW9Z,HM0658,"Gorilla 8212302 Max Strength Clear Construction Adhesive, 1-Pack",SELLABLE,3,0,0,0,0,0,0,0,0,0,0,0,3,0,LKO1
Gorilla,07/26/2026,X001SBPZML,B07W6LFW9Z,HM0658,"Gorilla 8212302 Max Strength Clear Construction Adhesive, 1-Pack",SELLABLE,3,0,0,0,0,0,0,0,0,0,0,0,3,0,PNQ3
Gorilla,07/26/2026,X001SBPZML,B07W6LFW9Z,HM0658,"Gorilla 8212302 Max Strength Clear Construction Adhesive, 1-Pack",SELLABLE,49,0,0,0,0,0,0,0,0,0,0,0,49,0,VSHB
Gorilla,07/26/2026,X001SBPZMV,B074J7XQZT,HM0638,Gorilla Glue Clear-3.75oz,SELLABLE,14,0,0,0,0,0,0,0,0,0,0,0,14,0,BLR8
Gorilla,07/26/2026,X001SBPZMV,B074J7XQZT,HM0638,Gorilla Glue Clear-3.75oz,SELLABLE,1,0,0,0,0,0,0,0,0,0,0,0,1,0,MAA4
Gorilla,07/26/2026,X001SBPZMV,B074J7XQZT,HM0638,Gorilla Glue Clear-3.75oz,SELLABLE,6,0,0,0,0,0,0,0,0,0,0,0,6,0,PNQ3
Gorilla,07/26/2026,X001SBPZMV,B074J7XQZT,HM0638,Gorilla Glue Clear-3.75oz,SELLABLE,29,0,0,0,0,0,0,0,0,0,0,0,29,0,VSHB
BKR,07/26/2026,X001SBPZP3,B084Z3SXMB,LG0634,"BKR 3-in-1 Leaf Blower, Mulcher & Vacuum | 2 Stroke Petrol Engine, 1 HP Power Comes with 6 Months Manufacturer Warranty | Made for Professionals",SELLABLE,1,0,0,0,0,0,0,0,0,0,0,0,1,0,VSHB
BKR,07/26/2026,X001SBPZPN,B09WHYYK4X,LG0862,BKR® 16-Inch Electric Lawn Mower with Rotary Blade | 1600W Powerful Motor | Adjustable Cutting Height | 45L Grass Collection Box | 26-65mm Cutting Height Comes with 6 Months Manufacture Warranty,SELLABLE,5,0,0,0,0,0,0,0,0,0,0,0,5,0,VSHB
Gardena,07/26/2026,X001SBPZRL,B07YST7924,LG0905,"Gardena 12304-20 Hedge Clippers LG0905 - TeleCut, Extendable, Precise Cut",SELLABLE,1,0,0,0,0,0,0,0,0,0,0,0,1,0,HYD3
Gardena,07/26/2026,X001SBPZRL,B07YST7924,LG0905,"Gardena 12304-20 Hedge Clippers LG0905 - TeleCut, Extendable, Precise Cut",SELLABLE,1,0,0,0,0,0,0,0,0,0,0,0,1,0,PNQ3
Gardena,07/25/2026,X001RSUYPD,B07JLJ54RC,LG0981,"Gardena 12006-20 Pruning Lopper LG0981 - EnergyCut, 600mm, Effortless Cutting",SELLABLE,1,0,0,0,0,0,0,0,0,0,0,0,1,0,BLR8
Gardena,07/25/2026,X001RSUYPD,B07JLJ54RC,LG0981,"Gardena 12006-20 Pruning Lopper LG0981 - EnergyCut, 600mm, Effortless Cutting",SELLABLE,5,0,0,0,0,0,0,0,0,0,0,0,5,0,VSHB
Gardena,07/25/2026,X001RSV0V5,B0001E3SJU,LG0985,"Gardena 1505-23 Profi Maxi-Flow Connector Set LG0985 - High Flow, Durable",SELLABLE,2,0,0,0,0,0,0,0,0,0,0,0,2,0,AMD2
Gardena,07/25/2026,X001RSV0V5,B0001E3SJU,LG0985,"Gardena 1505-23 Profi Maxi-Flow Connector Set LG0985 - High Flow, Durable",SELLABLE,2,0,0,0,0,0,0,0,0,0,0,0,2,0,BLR8
Gardena,07/25/2026,X001RSV0V5,B0001E3SJU,LG0985,"Gardena 1505-23 Profi Maxi-Flow Connector Set LG0985 - High Flow, Durable",SELLABLE,1,0,0,0,0,0,0,0,0,0,0,0,1,0,CCX2
Gardena,07/25/2026,X001RSV0V5,B0001E3SJU,LG0985,"Gardena 1505-23 Profi Maxi-Flow Connector Set LG0985 - High Flow, Durable",SELLABLE,2,0,0,0,0,0,0,0,0,0,0,0,2,0,CJB1
Gardena,07/25/2026,X001RSV0V5,B0001E3SJU,LG0985,"Gardena 1505-23 Profi Maxi-Flow Connector Set LG0985 - High Flow, Durable",SELLABLE,2,0,0,0,0,0,0,0,0,0,0,0,2,0,HYD3
Gardena,07/25/2026,X001RSV0V5,B0001E3SJU,LG0985,"Gardena 1505-23 Profi Maxi-Flow Connector Set LG0985 - High Flow, Durable",SELLABLE,2,0,0,0,0,0,0,0,0,0,0,0,2,0,IDX2
Gardena,07/25/2026,X001RSV0V5,B0001E3SJU,LG0985,"Gardena 1505-23 Profi Maxi-Flow Connector Set LG0985 - High Flow, Durable",SELLABLE,2,0,0,0,0,0,0,0,0,0,0,0,2,0,LKO1
Gardena,07/25/2026,X001RSV0V5,B0001E3SJU,LG0985,"Gardena 1505-23 Profi Maxi-Flow Connector Set LG0985 - High Flow, Durable",SELLABLE,2,0,0,0,0,0,0,0,0,0,0,0,2,0,PNQ3
Gardena,07/25/2026,X001RSV0V5,B0001E3SJU,LG0985,"Gardena 1505-23 Profi Maxi-Flow Connector Set LG0985 - High Flow, Durable",SELLABLE,6,0,0,0,0,0,0,0,0,0,0,0,6,0,VSHB
Gardena,07/25/2026,X001RSV0VF,B0001E3QP6,LG0971,"GARDENA Lawn Edge 20 cm high, Ideal Lawn Parting, Also for Bedding, 9 m, Prevents Spread of Roots, Plastic, Green, 540-20, Standard",SELLABLE,5,0,0,0,0,0,0,0,0,0,0,0,5,0,VSHB
Gardena,07/25/2026,X001RUZCHL,B000NUY3HI,LG0888,GARDENA 2771-U T-Piece Connector 25mm -Sprinkler System Pro,SELLABLE,1,0,0,0,0,0,0,0,0,0,0,0,1,0,BLR7
Gardena,07/25/2026,X001RUZCHL,B000NUY3HI,LG0888,GARDENA 2771-U T-Piece Connector 25mm -Sprinkler System Pro,SELLABLE,5,0,0,0,0,0,0,0,0,0,0,0,5,0,VSHB
Gardena,07/25/2026,X001RUZCI5,B000NUTNXC,LG0887,"Gardena 2790-20 T-Piece LG0887-25mm x 3/4"" Female Thread, Easy Split",SELLABLE,1,0,0,0,0,0,0,0,0,0,0,0,1,0,BLR7
Gardena,07/25/2026,X001RUZCI5,B000NUTNXC,LG0887,"Gardena 2790-20 T-Piece LG0887-25mm x 3/4"" Female Thread, Easy Split",SELLABLE,1,0,0,0,0,0,0,0,0,0,0,0,1,0,BOM7
Gardena,07/25/2026,X001RUZCI5,B000NUTNXC,LG0887,"Gardena 2790-20 T-Piece LG0887-25mm x 3/4"" Female Thread, Easy Split",SELLABLE,4,0,0,0,0,0,0,0,0,0,0,0,4,0,VSHB
Gardena,07/25/2026,X001RUZCIF,B0001E3W50,LG0776,Gardena 3196-20 CombiSystem Star Tiller LG0776 - Easy Soil Cultivation,SELLABLE,2,0,0,0,0,0,0,0,0,0,0,0,2,0,VSHB
Gardena,07/25/2026,X001RUZCJT,B000NUVMWM,LG0890,"Gardena 2778-20 End Piece LG0890-25mm, Secure Pipe Closure",SELLABLE,2,0,0,0,0,0,0,0,0,0,0,0,2,0,BOM5
Gardena,07/25/2026,X001RUZCJT,B000NUVMWM,LG0890,"Gardena 2778-20 End Piece LG0890-25mm, Secure Pipe Closure",SELLABLE,2,0,0,0,0,0,0,0,0,0,0,0,2,0,VSHB
Gardena,07/25/2026,X001RUZCKD,B0001E3S6I,LG0913,"Gardena 1355-20 Master Unit LG0913-1000, Efficient Water Distribution",SELLABLE,1,0,0,0,0,0,0,0,0,0,0,0,1,0,AMD2
Gardena,07/25/2026,X001RUZCKD,B0001E3S6I,LG0913,"Gardena 1355-20 Master Unit LG0913-1000, Efficient Water Distribution",SELLABLE,1,0,0,0,0,0,0,0,0,0,0,0,1,0,BLR8
Gardena,07/25/2026,X001RUZCKD,B0001E3S6I,LG0913,"Gardena 1355-20 Master Unit LG0913-1000, Efficient Water Distribution",SELLABLE,1,0,0,0,0,0,0,0,0,0,0,0,1,0,CCX2
Gardena,07/25/2026,X001RUZCKD,B0001E3S6I,LG0913,"Gardena 1355-20 Master Unit LG0913-1000, Efficient Water Distribution",SELLABLE,1,0,0,0,0,0,0,0,0,0,0,0,1,0,CJB1
Gardena,07/25/2026,X001RUZCKD,B0001E3S6I,LG0913,"Gardena 1355-20 Master Unit LG0913-1000, Efficient Water Distribution",SELLABLE,1,0,0,0,0,0,0,0,0,0,0,0,1,0,HYD3
Gardena,07/25/2026,X001RUZCKD,B0001E3S6I,LG0913,"Gardena 1355-20 Master Unit LG0913-1000, Efficient Water Distribution",SELLABLE,1,0,0,0,0,0,0,0,0,0,0,0,1,0,IDX2
Gardena,07/25/2026,X001RUZCKD,B0001E3S6I,LG0913,"Gardena 1355-20 Master Unit LG0913-1000, Efficient Water Distribution",SELLABLE,1,0,0,0,0,0,0,0,0,0,0,0,1,0,LKO1
Gardena,07/25/2026,X001RUZCKD,B0001E3S6I,LG0913,"Gardena 1355-20 Master Unit LG0913-1000, Efficient Water Distribution",SELLABLE,1,0,0,0,0,0,0,0,0,0,0,0,1,0,PNQ3
Gardena,07/25/2026,X001RUZCKD,B0001E3S6I,LG0913,"Gardena 1355-20 Master Unit LG0913-1000, Efficient Water Distribution",SELLABLE,10,0,0,0,0,0,0,0,0,0,0,0,10,0,VSHB
,07/25/2026,X001RUZCKN,B0001E3S4A,LG0931,"Pipe Peg 13mm(3/16"").",SELLABLE,1,0,0,0,0,0,0,0,0,0,0,0,1,0,HYD8
,07/25/2026,X001RUZCKN,B0001E3S4A,LG0931,"Pipe Peg 13mm(3/16"").",SELLABLE,5,0,0,0,0,0,0,0,0,0,0,0,5,0,VSHB
Gardena,07/25/2026,X001RV3F6F,B08PMMNGPG,LG0739,"Gardena 18710-20 AquaZoom S LG0739 - Oscillating Sprinkler, Adjustable Coverage",SELLABLE,9,0,0,0,0,0,0,0,0,0,0,0,9,0,BLR8
Gardena,07/25/2026,X001RV3F6F,B08PMMNGPG,LG0739,"Gardena 18710-20 AquaZoom S LG0739 - Oscillating Sprinkler, Adjustable Coverage",SELLABLE,4,0,0,0,0,0,0,0,0,0,0,0,4,0,CJB1
Gardena,07/25/2026,X001RV3F6F,B08PMMNGPG,LG0739,"Gardena 18710-20 AquaZoom S LG0739 - Oscillating Sprinkler, Adjustable Coverage",SELLABLE,4,0,0,0,0,0,0,0,0,0,0,0,4,0,HYD3
Gardena,07/25/2026,X001RV3F6F,B08PMMNGPG,LG0739,"Gardena 18710-20 AquaZoom S LG0739 - Oscillating Sprinkler, Adjustable Coverage",SELLABLE,1,0,0,0,0,0,0,0,0,0,0,0,1,0,IDX2
Gardena,07/25/2026,X001RV3F6F,B08PMMNGPG,LG0739,"Gardena 18710-20 AquaZoom S LG0739 - Oscillating Sprinkler, Adjustable Coverage",SELLABLE,3,0,0,0,0,0,0,0,0,0,0,0,3,0,PNQ3
Gardena,07/25/2026,X001RV3F6F,B08PMMNGPG,LG0739,"Gardena 18710-20 AquaZoom S LG0739 - Oscillating Sprinkler, Adjustable Coverage",SELLABLE,2,0,0,0,0,0,0,0,0,0,0,0,2,0,VSHB
Gardena,07/25/2026,X001RV3F6P,B00GHEM5NI,LG0746,GARDENA 241 Wall Mount Hose Hanger,SELLABLE,11,0,0,0,0,0,0,0,0,0,0,0,11,0,BLR8
Gardena,07/25/2026,X001RV3F6P,B00GHEM5NI,LG0746,GARDENA 241 Wall Mount Hose Hanger,SELLABLE,2,0,0,0,0,0,0,0,0,0,0,0,2,0,CCX2
Gardena,07/25/2026,X001RV3F6P,B00GHEM5NI,LG0746,GARDENA 241 Wall Mount Hose Hanger,SELLABLE,1,0,0,0,0,0,0,0,0,0,0,0,1,0,IDX2
Gardena,07/25/2026,X001RV3F6P,B00GHEM5NI,LG0746,GARDENA 241 Wall Mount Hose Hanger,SELLABLE,3,0,0,0,0,0,0,0,0,0,0,0,3,0,LKO1
Gardena,07/25/2026,X001RV3F6P,B00GHEM5NI,LG0746,GARDENA 241 Wall Mount Hose Hanger,SELLABLE,7,0,0,0,0,0,0,0,0,0,0,0,7,0,MAA4
Gardena,07/25/2026,X001RV3F6P,B00GHEM5NI,LG0746,GARDENA 241 Wall Mount Hose Hanger,SELLABLE,32,0,0,0,0,0,0,0,0,0,0,0,32,0,VSHB
Gardena,07/25/2026,X001RV3F6Z,B0035WWDAU,LG0778,"Gardena 2722-20 Underground Watering Connecting Point LG0778 - Hidden Installation, Easy Access",SELLABLE,2,0,0,0,0,0,0,0,0,0,0,0,2,0,LKO1
Gardena,07/25/2026,X001RV3F6Z,B0035WWDAU,LG0778,"Gardena 2722-20 Underground Watering Connecting Point LG0778 - Hidden Installation, Easy Access",SELLABLE,1,0,0,0,0,0,0,0,0,0,0,0,1,0,VSHB
Gardena,07/25/2026,X001RV3F79,B00LHU4E5O,LG0755,"Gardena 1169-20 Water Timer LG0755 - Mechanical, Flow Control, Easy Scheduling",SELLABLE,1,0,0,0,0,0,0,0,0,0,0,0,1,0,CCX2
Gardena,07/25/2026,X001RV3F79,B00LHU4E5O,LG0755,"Gardena 1169-20 Water Timer LG0755 - Mechanical, Flow Control, Easy Scheduling",SELLABLE,1,0,0,0,0,0,0,0,0,0,0,0,1,0,HYD8
Gardena,07/25/2026,X001RV3F79,B00LHU4E5O,LG0755,"Gardena 1169-20 Water Timer LG0755 - Mechanical, Flow Control, Easy Scheduling",SELLABLE,2,0,0,0,0,0,0,0,0,0,0,0,2,0,VSHB
Gardena,07/25/2026,X001RV3F97,B018E0KW8C,LG0907,"Gardena 3099-20 CombiSystem Rake LG0907 - Adjustable, Multi-Purpose Gardening",SELLABLE,2,0,0,0,0,0,0,0,0,0,0,0,2,0,CJB1
Gardena,07/25/2026,X001RV3F97,B018E0KW8C,LG0907,"Gardena 3099-20 CombiSystem Rake LG0907 - Adjustable, Multi-Purpose Gardening",SELLABLE,2,0,0,0,0,0,0,0,0,0,0,0,2,0,HYD3
Gardena,07/25/2026,X001RV3F97,B018E0KW8C,LG0907,"Gardena 3099-20 CombiSystem Rake LG0907 - Adjustable, Multi-Purpose Gardening",SELLABLE,21,0,0,0,0,0,0,0,0,0,0,0,21,0,VSHB
Gardena,07/25/2026,X001RV3F9R,B0001E3S40,LG0933,"Gardena 1323-20 Plug LG0933-4-6 mm, Secure Fit, Protects Pipes",SELLABLE,1,0,0,0,0,0,0,0,0,0,0,0,1,0,VSHB
Gardena,07/25/2026,X001RV3HBX,B0035X1RW4,LG0779,"Gardena 8255-20 Underground Water Pipeline Starter Set LG0779 - Drip Irrigation, 3/4"" Female Thread",SELLABLE,1,0,0,0,0,0,0,0,0,0,0,0,1,0,AMD2
Gardena,07/25/2026,X001RV3HBX,B0035X1RW4,LG0779,"Gardena 8255-20 Underground Water Pipeline Starter Set LG0779 - Drip Irrigation, 3/4"" Female Thread",SELLABLE,1,0,0,0,0,0,0,0,0,0,0,0,1,0,BLR8
Gardena,07/25/2026,X001RV3HBX,B0035X1RW4,LG0779,"Gardena 8255-20 Underground Water Pipeline Starter Set LG0779 - Drip Irrigation, 3/4"" Female Thread",SELLABLE,1,0,0,0,0,0,0,0,0,0,0,0,1,0,CCX2
Gardena,07/25/2026,X001RV3HBX,B0035X1RW4,LG0779,"Gardena 8255-20 Underground Water Pipeline Starter Set LG0779 - Drip Irrigation, 3/4"" Female Thread",SELLABLE,1,0,0,0,0,0,0,0,0,0,0,0,1,0,CJB1
Gardena,07/25/2026,X001RV3HBX,B0035X1RW4,LG0779,"Gardena 8255-20 Underground Water Pipeline Starter Set LG0779 - Drip Irrigation, 3/4"" Female Thread",SELLABLE,1,0,0,0,0,0,0,0,0,0,0,0,1,0,HYD3
Gardena,07/25/2026,X001RV3HBX,B0035X1RW4,LG0779,"Gardena 8255-20 Underground Water Pipeline Starter Set LG0779 - Drip Irrigation, 3/4"" Female Thread",SELLABLE,1,0,0,0,0,0,0,0,0,0,0,0,1,0,PNQ3
Gardena,07/25/2026,X001RV3HBX,B0035X1RW4,LG0779,"Gardena 8255-20 Underground Water Pipeline Starter Set LG0779 - Drip Irrigation, 3/4"" Female Thread",SELLABLE,1,0,0,0,0,0,0,0,0,0,0,0,1,0,VSHB
Gardena,07/25/2026,X001RV3HC7,B000NUTNZK,LG0832,"Gardena 2786-20 T-Piece LG0832-25mm x 1/2"" Male Thread Connector",SELLABLE,1,0,0,0,0,0,0,0,0,0,0,0,1,0,BLR7
Gardena,07/25/2026,X001RV3HC7,B000NUTNZK,LG0832,"Gardena 2786-20 T-Piece LG0832-25mm x 1/2"" Male Thread Connector",SELLABLE,1,0,0,0,0,0,0,0,0,0,0,0,1,0,BOM7
Gardena,07/25/2026,X001RV3HC7,B000NUTNZK,LG0832,"Gardena 2786-20 T-Piece LG0832-25mm x 1/2"" Male Thread Connector",SELLABLE,1,0,0,0,0,0,0,0,0,0,0,0,1,0,CCX1
Gardena,07/25/2026,X001RV3HC7,B000NUTNZK,LG0832,"Gardena 2786-20 T-Piece LG0832-25mm x 1/2"" Male Thread Connector",SELLABLE,1,0,0,0,0,0,0,0,0,0,0,0,1,0,CJB1
Gardena,07/25/2026,X001RV3HC7,B000NUTNZK,LG0832,"Gardena 2786-20 T-Piece LG0832-25mm x 1/2"" Male Thread Connector",SELLABLE,1,0,0,0,0,0,0,0,0,0,0,0,1,0,LKO1
Gardena,07/25/2026,X001RV3HC7,B000NUTNZK,LG0832,"Gardena 2786-20 T-Piece LG0832-25mm x 1/2"" Male Thread Connector",SELLABLE,6,0,0,0,0,0,0,0,0,0,0,0,6,0,VSHB
Gardena,07/25/2026,X001RV3HCR,B0001E3S3G,LG0751,Gardena 1266-20 Holiday Watering Set LG0751 - Automated Plant Care,SELLABLE,1,0,0,0,0,0,0,0,0,0,0,0,1,0,VSHB
Gardena,07/25/2026,X001RV3HEF,B0001E3W6E,LG0923,"Gardena CombisystemPond Net Vario 2, Black/Blue, 50x20x18 cm",SELLABLE,2,0,0,0,0,0,0,0,0,0,0,0,2,0,HYD8
Gardena,07/25/2026,X001RV3HEF,B0001E3W6E,LG0923,"Gardena CombisystemPond Net Vario 2, Black/Blue, 50x20x18 cm",SELLABLE,2,0,0,0,0,0,0,0,0,0,0,0,2,0,VSHB
Gardena,07/25/2026,X001RV3HEF,B0001E3W6E,LG0923,"Gardena CombisystemPond Net Vario 2, Black/Blue, 50x20x18 cm",WAREHOUSE_DAMAGED,1,0,0,0,0,0,0,0,0,0,0,0,1,0,PNQ3
Gardena,07/25/2026,X001RV3JDT,B0001E3UOI,LG0838,"Gardena 2922-26 Tool Adapter LG0838 - For Irrigation Units, Internal Thread, Easy Fit",SELLABLE,10,0,0,0,0,0,0,0,0,0,0,0,10,0,HYD8
Gardena,07/25/2026,X001RV3JDT,B0001E3UOI,LG0838,"Gardena 2922-26 Tool Adapter LG0838 - For Irrigation Units, Internal Thread, Easy Fit",SELLABLE,8,0,0,0,0,0,0,0,0,0,0,0,8,0,VSHB
Gardena,07/25/2026,X001RV3JE3,B000NUTNZ0,LG0889,"Gardena 2775-20 Connector LG0889-25mm, Secure Link",SELLABLE,1,0,0,0,0,0,0,0,0,0,0,0,1,0,CCX2
Gardena,07/25/2026,X001RV3JE3,B000NUTNZ0,LG0889,"Gardena 2775-20 Connector LG0889-25mm, Secure Link",SELLABLE,1,0,0,0,0,0,0,0,0,0,0,0,1,0,VSHB
Gardena,07/25/2026,X001RV3JEN,B00PNUC712,LG0788,"Gardena 18201-20 Tap Connector LG0788-26.5mm (3/4"")",SELLABLE,20,0,0,0,0,0,0,0,0,0,0,0,20,0,VSHB
Gardena,07/25/2026,X001RV3JEX,B07YSTB5HX,LG0752,"Gardena 13300-20 AquaBloom Set LG0752 - Solar-Powered, Waters up to 20 Plants",SELLABLE,1,0,0,0,0,0,0,0,0,0,0,0,1,0,AMD2
Gardena,07/25/2026,X001RV3JEX,B07YSTB5HX,LG0752,"Gardena 13300-20 AquaBloom Set LG0752 - Solar-Powered, Waters up to 20 Plants",SELLABLE,1,0,0,0,0,0,0,0,0,0,0,0,1,0,BLR8
Gardena,07/25/2026,X001RV3JEX,B07YSTB5HX,LG0752,"Gardena 13300-20 AquaBloom Set LG0752 - Solar-Powered, Waters up to 20 Plants",SELLABLE,1,0,0,0,0,0,0,0,0,0,0,0,1,0,CCX2
Gardena,07/25/2026,X001RV3JEX,B07YSTB5HX,LG0752,"Gardena 13300-20 AquaBloom Set LG0752 - Solar-Powered, Waters up to 20 Plants",SELLABLE,1,0,0,0,0,0,0,0,0,0,0,0,1,0,CJB1
Gardena,07/25/2026,X001RV3JEX,B07YSTB5HX,LG0752,"Gardena 13300-20 AquaBloom Set LG0752 - Solar-Powered, Waters up to 20 Plants",SELLABLE,1,0,0,0,0,0,0,0,0,0,0,0,1,0,HYD3
Gardena,07/25/2026,X001RV3JEX,B07YSTB5HX,LG0752,"Gardena 13300-20 AquaBloom Set LG0752 - Solar-Powered, Waters up to 20 Plants",SELLABLE,1,0,0,0,0,0,0,0,0,0,0,0,1,0,IDX2
Gardena,07/25/2026,X001RV3JEX,B07YSTB5HX,LG0752,"Gardena 13300-20 AquaBloom Set LG0752 - Solar-Powered, Waters up to 20 Plants",SELLABLE,1,0,0,0,0,0,0,0,0,0,0,0,1,0,LKO1
Gardena,07/25/2026,X001RV3JEX,B07YSTB5HX,LG0752,"Gardena 13300-20 AquaBloom Set LG0752 - Solar-Powered, Waters up to 20 Plants",SELLABLE,1,0,0,0,0,0,0,0,0,0,0,0,1,0,PNQ3
Gardena,07/25/2026,X001RV3JEX,B07YSTB5HX,LG0752,"Gardena 13300-20 AquaBloom Set LG0752 - Solar-Powered, Waters up to 20 Plants",SELLABLE,2,0,0,0,0,0,0,0,0,0,0,0,2,0,VSHB
Gardena,07/25/2026,X001RV3JF7,B076X2D9FV,LG0783,"Gardena 18255-20 Premium Hose Connector LG0783-1/2"" (15mm)",SELLABLE,8,0,0,0,0,0,0,0,0,0,0,0,8,0,VSHB
Gardena,07/25/2026,X001RV3JG1,B0001E3W14,LG0909,Gardena 3177-20 CombiSystem Rake LG0909 - Multi-Purpose Gardening Tool,SELLABLE,1,0,0,0,0,0,0,0,0,0,0,0,1,0,BLR8
Gardena,07/25/2026,X001RV3JG1,B0001E3W14,LG0909,Gardena 3177-20 CombiSystem Rake LG0909 - Multi-Purpose Gardening Tool,SELLABLE,2,0,0,0,0,0,0,0,0,0,0,0,2,0,VSHB
Gardena,07/25/2026,X001RV3JGB,B01M5KNCW1,LG0927,"Gardena 8966-30 Handtools Set LG0927 - Essential Tools, Compact Pack",SELLABLE,1,0,0,0,0,0,0,0,0,0,0,0,1,0,BLR8
Gardena,07/25/2026,X001RV3JGB,B01M5KNCW1,LG0927,"Gardena 8966-30 Handtools Set LG0927 - Essential Tools, Compact Pack",SELLABLE,3,0,0,0,0,0,0,0,0,0,0,0,3,0,VSHB
Gardena,07/25/2026,X001RV3JGV,B007C12L8O,LG0892,"Gardena 2739-20 Sprinkler Connection LG0892-3/4"" x 1/2"", Reliable Linkup",SELLABLE,1,0,0,0,0,0,0,0,0,0,0,0,1,0,BLR8
Gardena,07/25/2026,X001RV3JGV,B007C12L8O,LG0892,"Gardena 2739-20 Sprinkler Connection LG0892-3/4"" x 1/2"", Reliable Linkup",SELLABLE,1,0,0,0,0,0,0,0,0,0,0,0,1,0,CJB1
Gardena,07/25/2026,X001RV3JGV,B007C12L8O,LG0892,"Gardena 2739-20 Sprinkler Connection LG0892-3/4"" x 1/2"", Reliable Linkup",SELLABLE,9,0,0,0,0,0,0,0,0,0,0,0,9,0,VSHB
Gardena,07/25/2026,X001SBFNHD,B08KGP2DHF,LG0919,"Gardena 11380-30 Bird Feeder LG0919 - ClickUp, Easy Fill, Hang Anywhere",SELLABLE,10,0,0,0,0,0,0,0,0,0,0,0,10,0,VSHB
Gardena,07/25/2026,X001SBFNHN,B08KGPV4KJ,LG0918,"Gardena 11360-20 ClickUp Torch, One Size, Black",SELLABLE,10,0,0,0,0,0,0,0,0,0,0,0,10,0,VSHB
BKR,07/25/2026,X001SBJ29N,B0BQQY3QPW,CA0076,"BKR Snow Chain 1 pair Carbon Steel 12mm for Altroz, Swift, Dzire, Etios, Ritz, I10, Celerio, Wagon R also for 13"" 14"" & 15"" Tyres- FREE 2 bungee ropes and 1pair of gloves CA0076/KN60",SELLABLE,26,0,0,0,0,0,0,0,0,0,0,0,26,0,VSHB
BKR,07/25/2026,X001SBJ29X,B0BQN1D5H1,CA0075,"BKR Snow Chain 1 pair (2pc in each pair) Carbon Steel 12mm for Alto800, K10, Eon, also for 12"" to 13"" Tyres- FREE 2 bungee ropes with 1pair of gloves for extra grip! CA0075/KN20",SELLABLE,1,0,0,0,0,0,0,0,0,0,0,0,1,0,LKO1
BKR,07/25/2026,X001SBJ29X,B0BQN1D5H1,CA0075,"BKR Snow Chain 1 pair (2pc in each pair) Carbon Steel 12mm for Alto800, K10, Eon, also for 12"" to 13"" Tyres- FREE 2 bungee ropes with 1pair of gloves for extra grip! CA0075/KN20",SELLABLE,38,0,0,0,0,0,0,0,0,0,0,0,38,0,VSHB
BKR,07/25/2026,X001SBJ2CZ,B084ZLJ414,LG0637,"BKR® HTE-600 550W Power, Electric Hedge Trimmer with 20-Inch (51cm) Blade, Corded Design for Precision Cutting, Ergonomic Handle",SELLABLE,51,0,0,0,0,0,0,0,0,0,0,0,51,0,VSHB
BKR,07/25/2026,X001SBJ2D9,B084YYJ7GM,LG0635,BKR Leaf Blower | 63.3 cc 3 Hp Power with 2 Stroke Petrol Engine Comes with 6 Months Manufacturer Warranty | Work Efficient and Effective,SELLABLE,5,0,0,0,0,0,0,0,0,0,0,0,5,0,VSHB
BKR,07/25/2026,X001SBJ2DT,B0925VR8BD,LG0543,"BKR® Petrol Chainsaw 22-inch Powerful 62CC 2-Stoke Air Cooled Engine BKR-PCS-6222 | 20min runtime, low fuel consumption comes with 6 months manufacture warranty",SELLABLE,101,0,0,0,0,0,0,0,0,0,0,0,101,0,VSHB
,07/25/2026,X001SBJ2ZR,B078PFDWWX,HM0158,"JAGAN HARDWARE Portable Charcoal Barbeque Grills Steel, Built-In",SELLABLE,1,0,0,0,0,0,0,0,0,0,0,0,1,0,CCX2
,07/25/2026,X001SBJ2ZR,B078PFDWWX,HM0158,"JAGAN HARDWARE Portable Charcoal Barbeque Grills Steel, Built-In",SELLABLE,1,0,0,0,0,0,0,0,0,0,0,0,1,0,LKO1
,07/25/2026,X001SBJ2ZR,B078PFDWWX,HM0158,"JAGAN HARDWARE Portable Charcoal Barbeque Grills Steel, Built-In",SELLABLE,1,0,0,0,0,0,0,0,0,0,0,0,1,0,PNQ3
,07/25/2026,X001SBJ2ZR,B078PFDWWX,HM0158,"JAGAN HARDWARE Portable Charcoal Barbeque Grills Steel, Built-In",SELLABLE,2,0,0,0,0,0,0,0,0,0,0,0,2,0,VSHB
,07/25/2026,X001SBJ30B,B019INGMX8,LG0389,Stihl Cast Iron Chain Saw MS-180 (Orange),SELLABLE,6,0,0,0,0,0,0,0,0,0,0,0,6,0,VSHB
,07/25/2026,X001SBJ30L,B08DHPCHKY,LG0385,"Stihl CHAINSAW MS-382, Petrol with 18 Inch Bar and Chain",SELLABLE,5,0,0,0,0,0,0,0,0,0,0,0,5,0,VSHB
BKR,07/25/2026,X001SBJ333,B088PPJB9V,LG0691,"BKR® KB100 2-in-1 Portable Mini Fogger & Mist Sprayer, Diesel-Powered with Double Netted Burner, Manual Start, High-Efficiency Output, Lightweight & Compact Design, 6 months Manufacturer Warranty",SELLABLE,8,0,0,0,0,0,0,0,0,0,0,0,8,0,VSHB
Gardena,07/25/2026,X001SBJ33D,B00HPXVE2S,LG0747,"Gardena 18009-20 Classic Hose Pipe LG0747-1/2"" x 30m, High Flexibility, Durable",SELLABLE,50,0,0,0,0,0,0,0,0,0,0,0,50,0,VSHB
Gardena,07/25/2026,X001SBJ33X,B004Z54Y94,LG0743,"Gardena 8009-20 Wall Mount Hose Reel LG0743 - Convenient, Space-Saving",CUSTOMER_DAMAGED,1,0,0,0,0,0,0,0,0,0,0,0,1,0,BLR8
Gardena,07/25/2026,X001SBJ33X,B004Z54Y94,LG0743,"Gardena 8009-20 Wall Mount Hose Reel LG0743 - Convenient, Space-Saving",CUSTOMER_DAMAGED,1,0,0,0,0,0,0,0,0,0,0,0,1,0,HYD8
Gardena,07/25/2026,X001SBJ33X,B004Z54Y94,LG0743,"Gardena 8009-20 Wall Mount Hose Reel LG0743 - Convenient, Space-Saving",SELLABLE,1,0,0,0,0,0,0,0,0,0,0,0,1,0,AMD2
Gardena,07/25/2026,X001SBJ33X,B004Z54Y94,LG0743,"Gardena 8009-20 Wall Mount Hose Reel LG0743 - Convenient, Space-Saving",SELLABLE,2,0,0,0,0,0,0,0,0,0,0,0,2,0,BLR8
Gardena,07/25/2026,X001SBJ33X,B004Z54Y94,LG0743,"Gardena 8009-20 Wall Mount Hose Reel LG0743 - Convenient, Space-Saving",SELLABLE,3,0,0,0,0,0,0,0,0,0,0,0,3,0,CCX2
Gardena,07/25/2026,X001SBJ33X,B004Z54Y94,LG0743,"Gardena 8009-20 Wall Mount Hose Reel LG0743 - Convenient, Space-Saving",SELLABLE,3,0,0,0,0,0,0,0,0,0,0,0,3,0,CJB1
Gardena,07/25/2026,X001SBJ33X,B004Z54Y94,LG0743,"Gardena 8009-20 Wall Mount Hose Reel LG0743 - Convenient, Space-Saving",SELLABLE,4,0,0,0,0,0,0,0,0,0,0,0,4,0,PNQ3
Gardena,07/25/2026,X001SBJ33X,B004Z54Y94,LG0743,"Gardena 8009-20 Wall Mount Hose Reel LG0743 - Convenient, Space-Saving",SELLABLE,52,0,0,0,0,0,0,0,0,0,0,0,52,0,VSHB
Gardena,07/25/2026,X001SBJ347,B000OY4PQ2,LG0894,"Gardena 2701-20 Connecting Pipe LG0894-25mm x 50m, Durable Irrigation Solution",SELLABLE,10,0,0,0,0,0,0,0,0,0,0,0,10,0,VSHB
,07/25/2026,X001SBJ34H,B07LFFB29D,LG0451,"Stihl Cast Iron Chain Saw MS-250 with 20"" Bar Light 04",SELLABLE,6,0,0,0,0,0,0,0,0,0,0,0,6,0,VSHB
Gardena,07/25/2026,X001SBJ35B,B0001E41EQ,LG0925,"GARDENA 1329/8329-U T - Joint 1/2"" - Micro Drip System",SELLABLE,9,0,0,0,0,0,0,0,0,0,0,0,9,0,VSHB
Gardena,07/25/2026,X001SBJ35L,B00SNECNK0,LG0929,"Gardena Plant Waterer MicroDripSystem, Black/Orange, M39125",SELLABLE,5,0,0,0,0,0,0,0,0,0,0,0,5,0,VSHB
Gardena,07/25/2026,X001SBOZVD,B076WSFFXP,LG0902,"Gardena 12100-20 Grass Shears LG0902 - Long Handle, Comfort Grip, Precise Cut",SELLABLE,3,0,0,0,0,0,0,0,0,0,0,0,3,0,VSHB
Gardena,07/25/2026,X001SBOZVX,B07JLVB5JP,LG0754,Gardena Flex Hose Faucet + Hose Connector + Water Timer,SELLABLE,1,0,0,0,0,0,0,0,0,0,0,0,1,0,VSHB
Gardena,07/25/2026,X001SBOZW7,B018E0L0KQ,LG0764,"Gardena 9831-20 EasyCut Hedge Trimmer LG0764-450W, 500mm Blade, Efficient",SELLABLE,3,0,0,0,0,0,0,0,0,0,0,0,3,0,VSHB
BKR,07/25/2026,X001SBOZWH,B09WDHWWS5,LG0861,BKR® 12-Inch Electric Lawn Mower | 1200-Watt Powerful Motor | Adjustable Cutting Height | 25L Grass Collector | Made in India | Eco-Friendly Lawn Care Equipment with 6 Months Manufacture Warranty,SELLABLE,10,0,0,0,0,0,0,0,0,0,0,0,10,0,VSHB
BKR,07/25/2026,X001SBOZWR,B07YDP6BTL,LG0550,"BKR® Petrol Hedge Trimmer HT260B with 26.3cc Power, 2 Stroke Engine | 24inch Cutting Lenght | Dual Action Blade Cut The Grasses Nicely, 3 Stages twistable Handle with 6 Months Manufacture Warranty",SELLABLE,3,0,0,0,0,0,0,0,0,0,0,0,3,0,VSHB
BKR,07/25/2026,X001SBOZXV,B0BM9TMB9Y,LG0939,"BKR Charcoal Barbeque (BBQ) Grill with 8 Skewers, Gloves, Tong & Charcoal Tray | High Temperature Sand Blasting Finish",SELLABLE,4,0,0,0,0,0,0,0,0,0,0,0,4,0,VSHB
Gorilla,07/25/2026,X001SBPZML,B07W6LFW9Z,HM0658,"Gorilla 8212302 Max Strength Clear Construction Adhesive, 1-Pack",SELLABLE,3,0,0,0,0,0,0,0,0,0,0,0,3,0,AMD2
Gorilla,07/25/2026,X001SBPZML,B07W6LFW9Z,HM0658,"Gorilla 8212302 Max Strength Clear Construction Adhesive, 1-Pack",SELLABLE,2,0,0,0,0,0,0,0,0,0,0,0,2,0,BLR8
Gorilla,07/25/2026,X001SBPZML,B07W6LFW9Z,HM0658,"Gorilla 8212302 Max Strength Clear Construction Adhesive, 1-Pack",SELLABLE,2,0,0,0,0,0,0,0,0,0,0,0,2,0,BOM5
Gorilla,07/25/2026,X001SBPZML,B07W6LFW9Z,HM0658,"Gorilla 8212302 Max Strength Clear Construction Adhesive, 1-Pack",SELLABLE,3,0,0,0,0,0,0,0,0,0,0,0,3,0,CCX2
Gorilla,07/25/2026,X001SBPZML,B07W6LFW9Z,HM0658,"Gorilla 8212302 Max Strength Clear Construction Adhesive, 1-Pack",SELLABLE,3,0,0,0,0,0,0,0,0,0,0,0,3,0,CJB1
Gorilla,07/25/2026,X001SBPZML,B07W6LFW9Z,HM0658,"Gorilla 8212302 Max Strength Clear Construction Adhesive, 1-Pack",SELLABLE,3,0,0,0,0,0,0,0,0,0,0,0,3,0,HYD3
Gorilla,07/25/2026,X001SBPZML,B07W6LFW9Z,HM0658,"Gorilla 8212302 Max Strength Clear Construction Adhesive, 1-Pack",SELLABLE,3,0,0,0,0,0,0,0,0,0,0,0,3,0,IDX2
Gorilla,07/25/2026,X001SBPZML,B07W6LFW9Z,HM0658,"Gorilla 8212302 Max Strength Clear Construction Adhesive, 1-Pack",SELLABLE,3,0,0,0,0,0,0,0,0,0,0,0,3,0,LKO1
Gorilla,07/25/2026,X001SBPZML,B07W6LFW9Z,HM0658,"Gorilla 8212302 Max Strength Clear Construction Adhesive, 1-Pack",SELLABLE,3,0,0,0,0,0,0,0,0,0,0,0,3,0,PNQ3
Gorilla,07/25/2026,X001SBPZML,B07W6LFW9Z,HM0658,"Gorilla 8212302 Max Strength Clear Construction Adhesive, 1-Pack",SELLABLE,49,0,0,0,0,0,0,0,0,0,0,0,49,0,VSHB
Gorilla,07/25/2026,X001SBPZMV,B074J7XQZT,HM0638,Gorilla Glue Clear-3.75oz,SELLABLE,14,0,0,0,0,0,0,0,0,0,0,0,14,0,BLR8
Gorilla,07/25/2026,X001SBPZMV,B074J7XQZT,HM0638,Gorilla Glue Clear-3.75oz,SELLABLE,1,0,0,0,0,0,0,0,0,0,0,0,1,0,MAA4
Gorilla,07/25/2026,X001SBPZMV,B074J7XQZT,HM0638,Gorilla Glue Clear-3.75oz,SELLABLE,6,0,0,0,0,0,0,0,0,0,0,0,6,0,PNQ3
Gorilla,07/25/2026,X001SBPZMV,B074J7XQZT,HM0638,Gorilla Glue Clear-3.75oz,SELLABLE,29,0,0,0,0,0,0,0,0,0,0,0,29,0,VSHB
BKR,07/25/2026,X001SBPZP3,B084Z3SXMB,LG0634,"BKR 3-in-1 Leaf Blower, Mulcher & Vacuum | 2 Stroke Petrol Engine, 1 HP Power Comes with 6 Months Manufacturer Warranty | Made for Professionals",SELLABLE,1,0,0,0,0,0,0,0,0,0,0,0,1,0,VSHB
BKR,07/25/2026,X001SBPZPN,B09WHYYK4X,LG0862,BKR® 16-Inch Electric Lawn Mower with Rotary Blade | 1600W Powerful Motor | Adjustable Cutting Height | 45L Grass Collection Box | 26-65mm Cutting Height Comes with 6 Months Manufacture Warranty,SELLABLE,5,0,0,0,0,0,0,0,0,0,0,0,5,0,VSHB
Gardena,07/25/2026,X001SBPZRL,B07YST7924,LG0905,"Gardena 12304-20 Hedge Clippers LG0905 - TeleCut, Extendable, Precise Cut",SELLABLE,1,0,0,0,0,0,0,0,0,0,0,0,1,0,HYD3
Gardena,07/25/2026,X001SBPZRL,B07YST7924,LG0905,"Gardena 12304-20 Hedge Clippers LG0905 - TeleCut, Extendable, Precise Cut",SELLABLE,1,0,0,0,0,0,0,0,0,0,0,0,1,0,PNQ3
Gardena,07/25/2026,X001SBPZRL,B07YST7924,LG0905,"Gardena 12304-20 Hedge Clippers LG0905 - TeleCut, Extendable, Precise Cut",SELLABLE,3,0,0,0,0,0,0,0,0,0,0,0,3,0,VSHB
Gardena,07/25/2026,X001SBPZRV,B07YSSZRXF,LG0904,Gardena 2-in-1 Energycut Hedge Trimmers,SELLABLE,9,0,0,0,0,0,0,0,0,0,0,0,9,0,VSHB
Gardena,07/25/2026,X001SE43K3,B076X1PJGK,LG0772,GARDENA Hand-Held Spreader M 431-20,SELLABLE,1,0,0,0,0,0,0,0,0,0,0,0,1,0,VSHB
BKR,07/25/2026,X001SJJAIX,B084Q3BKZ6,LG0657,BKR® Nylon Trimmer Line 2.0mm x 50 metre LG0657,SELLABLE,1,0,0,0,0,0,0,0,0,0,0,0,1,0,AMD2
BKR,07/25/2026,X001SJJAIX,B084Q3BKZ6,LG0657,BKR® Nylon Trimmer Line 2.0mm x 50 metre LG0657,SELLABLE,1,0,0,-1,0,0,0,0,0,0,0,0,0,0,BOM5
BKR,07/25/2026,X001SJJAIX,B084Q3BKZ6,LG0657,BKR® Nylon Trimmer Line 2.0mm x 50 metre LG0657,SELLABLE,3,0,0,0,0,0,0,0,0,0,0,0,3,0,CCX1
BKR,07/25/2026,X001SJJAIX,B084Q3BKZ6,LG0657,BKR® Nylon Trimmer Line 2.0mm x 50 metre LG0657,SELLABLE,5,0,0,0,0,0,0,0,0,0,0,0,5,0,CCX2
BKR,07/25/2026,X001SJJAIX,B084Q3BKZ6,LG0657,BKR® Nylon Trimmer Line 2.0mm x 50 metre LG0657,SELLABLE,7,0,0,0,0,0,0,0,0,0,0,0,7,0,IDX2
BKR,07/25/2026,X001SJJAIX,B084Q3BKZ6,LG0657,BKR® Nylon Trimmer Line 2.0mm x 50 metre LG0657,SELLABLE,0,0,0,0,1,0,0,0,0,0,0,0,1,0,LKO1
BKR,07/25/2026,X001SJJAIX,B084Q3BKZ6,LG0657,BKR® Nylon Trimmer Line 2.0mm x 50 metre LG0657,SELLABLE,42,0,0,0,0,0,0,0,0,0,0,0,42,0,VSHB
Gorilla,07/25/2026,X001SMMG4F,B01MQ22OHW,HM0536 4,"Gorilla Heavy Duty Construction Adhesive, 2.5 ounce Squeeze Tube, White, (Pack of 4)",SELLABLE,1,0,0,0,0,0,0,0,0,0,0,0,1,0,BOM5
Gorilla,07/25/2026,X001SMMJH9,B01MDS32IJ,HM0522 2,"Gorilla Original Waterproof Polyurethane Glue, 4 ounce Bottle, Brown, (Pack of 2)",SELLABLE,2,0,0,0,0,0,0,0,0,0,0,0,2,0,VSHB
Gorilla,07/25/2026,X001SMMJHT,B01M72J2EY,HM0486 3,"Gorilla Black Duct Tape, 1.88"" x 35 yd, Black, (Pack of 3)",SELLABLE,1,0,0,0,0,0,0,0,0,0,0,0,1,0,VSHB
Gardena,07/25/2026,X001SMYMOR,B076WVH17V,LG0741,"Gardena 18511-20 Hose Cart LG0741 - Frost Proof, Durable, Easy Storage",SELLABLE,9,0,0,0,0,0,0,0,0,0,0,0,9,0,VSHB
Gardena,07/25/2026,X001SMZEHL,B08KGLGZW6,LG0840,Gardena 3518-20 Weed Puller,SELLABLE,11,0,0,0,0,0,0,0,0,0,0,0,11,0,VSHB
Gardena,07/25/2026,X001SN1UCX,B07NYCT5CJ,LG0744,"Gardena 18542 CleverRoll M Metal Hose Cart LG0744 - Frost Proof, Sturdy Storage",SELLABLE,3,0,0,0,0,0,0,0,0,0,0,0,3,0,VSHB
Gardena,07/25/2026,X001SWC9YH,B00HPXVFWW,LG0748,"Gardena 18033-20 Comfort Flex Hose LG0748-1/2"" x 20m, Durable & Flexible",SELLABLE,49,0,0,0,0,0,0,0,0,0,0,0,49,0,VSHB
Gardena,07/25/2026,X001SWC9YR,B00PNUCBNG,LG0833,"Gardena 18280-20 Repair Kit LG0833 - For 13mm (1/2"") & 15mm (5/8"") Hoses",SELLABLE,1,0,0,0,0,0,0,0,0,0,0,0,1,0,IDX2
Gardena,07/25/2026,X001SWC9YR,B00PNUCBNG,LG0833,"Gardena 18280-20 Repair Kit LG0833 - For 13mm (1/2"") & 15mm (5/8"") Hoses",SELLABLE,18,0,0,0,0,0,0,0,0,0,0,0,18,0,VSHB
Gardena,07/25/2026,X001SWC9Z1,B0BNV9V36C,18980-28,"Gardena 18980-20 Basic Hose Reel Set LG0995-20m, 1/2"" Hose, Includes Spray Gun",SELLABLE,2,0,0,0,0,0,0,0,0,0,0,0,2,0,AMD2
Gardena,07/25/2026,X001SWC9Z1,B0BNV9V36C,18980-28,"Gardena 18980-20 Basic Hose Reel Set LG0995-20m, 1/2"" Hose, Includes Spray Gun",SELLABLE,1,0,0,0,0,0,0,0,0,0,0,0,1,0,BLR8
Gardena,07/25/2026,X001SWC9Z1,B0BNV9V36C,18980-28,"Gardena 18980-20 Basic Hose Reel Set LG0995-20m, 1/2"" Hose, Includes Spray Gun",SELLABLE,2,0,0,0,0,0,0,0,0,0,0,0,2,0,CCX2
Gardena,07/25/2026,X001SWC9Z1,B0BNV9V36C,18980-28,"Gardena 18980-20 Basic Hose Reel Set LG0995-20m, 1/2"" Hose, Includes Spray Gun",SELLABLE,2,0,0,0,0,0,0,0,0,0,0,0,2,0,HYD8
Gardena,07/25/2026,X001SWC9Z1,B0BNV9V36C,18980-28,"Gardena 18980-20 Basic Hose Reel Set LG0995-20m, 1/2"" Hose, Includes Spray Gun",SELLABLE,2,0,0,0,0,0,0,0,0,0,0,0,2,0,IDX2
Gardena,07/25/2026,X001SWC9Z1,B0BNV9V36C,18980-28,"Gardena 18980-20 Basic Hose Reel Set LG0995-20m, 1/2"" Hose, Includes Spray Gun",SELLABLE,4,0,0,0,0,0,0,0,0,0,0,0,4,0,PNQ3
Gardena,07/25/2026,X001SWC9Z1,B0BNV9V36C,18980-28,"Gardena 18980-20 Basic Hose Reel Set LG0995-20m, 1/2"" Hose, Includes Spray Gun",SELLABLE,10,0,0,0,0,0,0,0,0,0,0,0,10,0,VSHB
Gardena,07/25/2026,X001SWC9ZB,B00PNUCBKE,LG0786,Gardena 18285-20 Rapid Connector Set LG0786 - Quick & Easy Hose Connection,SELLABLE,9,0,0,0,0,0,0,0,0,0,0,0,9,0,VSHB
Gardena,07/25/2026,X001SWC9ZL,B0C2CS8D2X,LG0993,GARDENA Water Sprayers Basic Starter Set 18960-28,SELLABLE,5,0,0,0,0,0,0,0,0,0,0,0,5,0,CCX1
Gardena,07/25/2026,X001SWC9ZL,B0C2CS8D2X,LG0993,GARDENA Water Sprayers Basic Starter Set 18960-28,SELLABLE,42,0,0,0,0,0,0,0,0,0,0,0,42,0,VSHB
Gardena,07/25/2026,X001SWFODF,B08M91W7CC,LG0922,"Gardena 18610-20 Wall Hose Box LG0922 - RollUp M, 20m Capacity, Compact Design",SELLABLE,1,0,0,0,0,0,0,0,0,0,0,0,1,0,CCX2
Gardena,07/25/2026,X001SWFODF,B08M91W7CC,LG0922,"Gardena 18610-20 Wall Hose Box LG0922 - RollUp M, 20m Capacity, Compact Design",SELLABLE,1,0,0,0,0,0,0,0,0,0,0,0,1,0,CJB1
Gardena,07/25/2026,X001SWFODF,B08M91W7CC,LG0922,"Gardena 18610-20 Wall Hose Box LG0922 - RollUp M, 20m Capacity, Compact Design",SELLABLE,1,0,0,0,0,0,0,0,0,0,0,0,1,0,HYD3
Gardena,07/25/2026,X001SWFODF,B08M91W7CC,LG0922,"Gardena 18610-20 Wall Hose Box LG0922 - RollUp M, 20m Capacity, Compact Design",SELLABLE,1,0,0,0,0,0,0,0,0,0,0,0,1,0,IDX2
Gardena,07/25/2026,X001SWFODF,B08M91W7CC,LG0922,"Gardena 18610-20 Wall Hose Box LG0922 - RollUp M, 20m Capacity, Compact Design",SELLABLE,1,0,0,0,0,0,0,0,0,0,0,0,1,0,PNQ3
Gardena,07/25/2026,X001SWFODF,B08M91W7CC,LG0922,"Gardena 18610-20 Wall Hose Box LG0922 - RollUp M, 20m Capacity, Compact Design",SELLABLE,5,0,0,0,0,0,0,0,0,0,0,0,5,0,VSHB
Gardena,07/25/2026,X001SWFODP,B08KGCMG8S,LG0844,GARDENA 11120-30 Pressure Sprayer LG0844 1.25L with 360° Spray Head,SELLABLE,1,0,0,0,0,0,0,0,0,0,0,0,1,0,BLR8
Gardena,07/25/2026,X001SWFODP,B08KGCMG8S,LG0844,GARDENA 11120-30 Pressure Sprayer LG0844 1.25L with 360° Spray Head,SELLABLE,2,0,0,0,0,0,0,0,0,0,0,0,2,0,CCX1
Gardena,07/25/2026,X001SWFODP,B08KGCMG8S,LG0844,GARDENA 11120-30 Pressure Sprayer LG0844 1.25L with 360° Spray Head,SELLABLE,18,0,0,0,0,0,0,0,0,0,0,0,18,0,VSHB
Gardena,07/25/2026,X001SWFODZ,B07ZLQG24K,LG0777,GARDENA 8944-30 combisystem Hand Tools Set - Complete Garden Tool Kit,SELLABLE,2,0,0,0,0,0,0,0,0,0,0,0,2,0,HYD8
Gardena,07/25/2026,X001SWFODZ,B07ZLQG24K,LG0777,GARDENA 8944-30 combisystem Hand Tools Set - Complete Garden Tool Kit,SELLABLE,2,0,0,0,0,0,0,0,0,0,0,0,2,0,VSHB
Gardena,07/25/2026,X001SWFOEJ,B0BNV7R59W,LG0992,"Gardena 18982-29 Basic Wall Hose Reel LG0992-25m, Space-Saving",SELLABLE,1,0,0,0,0,0,0,0,0,0,0,0,1,0,AMD2
Gardena,07/25/2026,X001SWFOEJ,B0BNV7R59W,LG0992,"Gardena 18982-29 Basic Wall Hose Reel LG0992-25m, Space-Saving",SELLABLE,2,0,0,0,0,0,0,0,0,0,0,0,2,0,BLR8
Gardena,07/25/2026,X001SWFOEJ,B0BNV7R59W,LG0992,"Gardena 18982-29 Basic Wall Hose Reel LG0992-25m, Space-Saving",SELLABLE,1,0,0,0,0,0,0,0,0,0,0,0,1,0,CCX2
Gardena,07/25/2026,X001SWFOEJ,B0BNV7R59W,LG0992,"Gardena 18982-29 Basic Wall Hose Reel LG0992-25m, Space-Saving",SELLABLE,1,0,0,0,0,0,0,0,0,0,0,0,1,0,CJB1
Gardena,07/25/2026,X001SWFOEJ,B0BNV7R59W,LG0992,"Gardena 18982-29 Basic Wall Hose Reel LG0992-25m, Space-Saving",SELLABLE,1,0,0,0,0,0,0,0,0,0,0,0,1,0,LKO1
Gardena,07/25/2026,X001SWFOEJ,B0BNV7R59W,LG0992,"Gardena 18982-29 Basic Wall Hose Reel LG0992-25m, Space-Saving",SELLABLE,3,0,0,0,0,0,0,0,0,0,0,0,3,0,PNQ3
Gardena,07/25/2026,X001SWFOEJ,B0BNV7R59W,LG0992,"Gardena 18982-29 Basic Wall Hose Reel LG0992-25m, Space-Saving",SELLABLE,44,0,0,0,0,0,0,0,0,0,0,0,44,0,VSHB
Gardena,07/25/2026,X001SWGM6N,B01FE8M0BY,LG0903,GARDENA 8854-20 Bypass Secateurs LG0903 Precision Cut up to 18mm,SELLABLE,9,0,0,0,0,0,0,0,0,0,0,0,9,0,BLR8
Gardena,07/25/2026,X001SWGM6N,B01FE8M0BY,LG0903,GARDENA 8854-20 Bypass Secateurs LG0903 Precision Cut up to 18mm,SELLABLE,8,0,0,0,0,0,0,0,0,0,0,0,8,0,HYD8
Gardena,07/25/2026,X001SWGM6N,B01FE8M0BY,LG0903,GARDENA 8854-20 Bypass Secateurs LG0903 Precision Cut up to 18mm,SELLABLE,5,0,0,0,0,0,0,0,0,0,0,0,5,0,VSHB
Gardena,07/25/2026,X001SWGM6X,B0BNLPP39G,LG0999,"Gardena 12212-20 FreshCut Harvest Scissors LG0999 - Stainless Steel, Precise Cutting",SELLABLE,10,0,0,0,0,0,0,0,0,0,0,0,10,0,VSHB
Gardena,07/25/2026,X001SWGM77,B004I6AK34,LG0964,"GARDENA 3107-20 XXL Fan Rake LG0964 for Leaves & Lawn, 77cm Wide",SELLABLE,1,0,0,0,0,0,0,0,0,0,0,0,1,0,BLR8
Gardena,07/25/2026,X001SWGM77,B004I6AK34,LG0964,"GARDENA 3107-20 XXL Fan Rake LG0964 for Leaves & Lawn, 77cm Wide",SELLABLE,1,0,0,0,0,0,0,0,0,0,0,0,1,0,CJB1
Gardena,07/25/2026,X001SWGM77,B004I6AK34,LG0964,"GARDENA 3107-20 XXL Fan Rake LG0964 for Leaves & Lawn, 77cm Wide",SELLABLE,1,0,0,0,0,0,0,0,0,0,0,0,1,0,HYD3
Gardena,07/25/2026,X001SWGM77,B004I6AK34,LG0964,"GARDENA 3107-20 XXL Fan Rake LG0964 for Leaves & Lawn, 77cm Wide",SELLABLE,1,0,0,0,0,0,0,0,0,0,0,0,1,0,IDX2
Gardena,07/25/2026,X001SWGM77,B004I6AK34,LG0964,"GARDENA 3107-20 XXL Fan Rake LG0964 for Leaves & Lawn, 77cm Wide",SELLABLE,1,0,0,0,0,0,0,0,0,0,0,0,1,0,LKO1
Gardena,07/25/2026,X001SWGM77,B004I6AK34,LG0964,"GARDENA 3107-20 XXL Fan Rake LG0964 for Leaves & Lawn, 77cm Wide",SELLABLE,4,0,0,0,0,0,0,0,0,0,0,0,4,0,VSHB
Gardena,07/25/2026,X001SWGM7H,B07H6LCVLR,LG0996,"Gardena Spreader L: Universal Spreader for Delivering Fertiliser, Seeds and Salt, 45 cm Spreading Width, for About 400 m sq of Lawn Area, 12.5 Litre Capacity, with a Locking Slide (432-20)",SELLABLE,2,0,0,0,0,0,0,0,0,0,0,0,2,0,VSHB
Gardena,07/25/2026,X001SWGM7R,B08M9F4CQP,LG0850,"Gardena 18620-20 Wall Hose Box LG0850 - RollUp ML, 25m Capacity, Space-Saving",SELLABLE,1,0,0,0,0,0,0,0,0,0,0,0,1,0,BLR8
Gardena,07/25/2026,X001SWGM7R,B08M9F4CQP,LG0850,"Gardena 18620-20 Wall Hose Box LG0850 - RollUp ML, 25m Capacity, Space-Saving",SELLABLE,1,0,0,0,0,0,0,0,0,0,0,0,1,0,CCX2
Gardena,07/25/2026,X001SWGM7R,B08M9F4CQP,LG0850,"Gardena 18620-20 Wall Hose Box LG0850 - RollUp ML, 25m Capacity, Space-Saving",SELLABLE,1,0,0,0,0,0,0,0,0,0,0,0,1,0,HYD3
Gardena,07/25/2026,X001SWGM7R,B08M9F4CQP,LG0850,"Gardena 18620-20 Wall Hose Box LG0850 - RollUp ML, 25m Capacity, Space-Saving",SELLABLE,1,0,0,0,0,0,0,0,0,0,0,0,1,0,PNQ3
Gardena,07/25/2026,X001SWGM81,B0BNLM3XNZ,LG1001,GARDENA HerbCut Herb Scissors with Defoliation Function - Stainless Steel Scissors for Precise Harvesting (12214-36),SELLABLE,20,0,0,0,0,0,0,0,0,0,0,0,20,0,VSHB
Gardena,07/25/2026,X001SWGNNZ,B0BNLMWHCD,LG1000,"Gardena 12213-20 Harvesting Scissors LG1000 - Stainless Steel, Gripping Function, Sharp Cut",SELLABLE,1,0,0,0,0,0,0,0,0,0,0,0,1,0,BLR7
Gardena,07/25/2026,X001SWGNNZ,B0BNLMWHCD,LG1000,"Gardena 12213-20 Harvesting Scissors LG1000 - Stainless Steel, Gripping Function, Sharp Cut",SELLABLE,8,0,0,0,0,0,0,0,0,0,0,0,8,0,VSHB
Gardena,07/25/2026,X001SWGNO9,B084918LFT,LG0768,"Gardena 8730-20 Mechanical Grass Shears LG0768 - Classic, Effortless Edging",SELLABLE,1,0,0,0,0,0,0,0,0,0,0,0,1,0,BLR8
Gardena,07/25/2026,X001SWGNO9,B084918LFT,LG0768,"Gardena 8730-20 Mechanical Grass Shears LG0768 - Classic, Effortless Edging",SELLABLE,1,0,0,0,0,0,0,0,0,0,0,0,1,0,CCX1
Gardena,07/25/2026,X001SWGNO9,B084918LFT,LG0768,"Gardena 8730-20 Mechanical Grass Shears LG0768 - Classic, Effortless Edging",SELLABLE,6,0,0,0,0,0,0,0,0,0,0,0,6,0,VSHB
Gardena,07/25/2026,X001SWGNOT,B07JLJ4N44,LG0997,GARDENA 12005-20 TeleCut B Lopper LG0997 Adjustable 52-67cm 42mm Cut,SELLABLE,2,0,0,0,0,0,0,0,0,0,0,0,2,0,BLR8
Gardena,07/25/2026,X001SWGNOT,B07JLJ4N44,LG0997,GARDENA 12005-20 TeleCut B Lopper LG0997 Adjustable 52-67cm 42mm Cut,SELLABLE,1,0,0,0,0,0,0,0,0,0,0,0,1,0,VSHB
Gardena,07/25/2026,X001SWGNP3,B0C4443XXC,LG0994,"Gardena 18970-20 Basic Hose Set LG0994-1/2"", 20m, Includes Spray Gun & Connector",SELLABLE,20,0,0,0,0,0,0,0,0,0,0,0,20,0,VSHB
Gardena,07/25/2026,X001SWGNPD,B0BNLP3VH1,LG1002,GARDENA 17400-20 combisystem Berry Picker - Harvester with Integrated Basket for Collecting Berries and Stone Fruits,SELLABLE,1,0,0,0,0,-1,0,0,0,0,0,0,0,0,BLR8
Gardena,07/25/2026,X001SWGNPD,B0BNLP3VH1,LG1002,GARDENA 17400-20 combisystem Berry Picker - Harvester with Integrated Basket for Collecting Berries and Stone Fruits,SELLABLE,2,0,0,0,0,0,0,0,0,0,0,0,2,0,HYD8
BKR,07/25/2026,X001TH9YCB,B098DSHBGZ,LG0817,"BKR® Heavy Duty Manual Lawn Mower with Side Wheel, 14-Inch Blade, Mowing Area 600sq. ft, Adjustable Cutting Height (5-30mm), 20L Grass Collection Box with 6-Month Manufacturer Warranty",SELLABLE,100,0,0,0,0,0,0,0,0,0,0,0,100,0,VSHB
Gardena,07/25/2026,X001TZ8TC9,B07ZLWW6YW,LG0914,Gardena 3565-20 Leaf Collector LG0914 - Easy Lawn Cleanup,SELLABLE,5,0,0,0,0,0,0,0,0,0,0,0,5,0,VSHB
Gardena,07/25/2026,X001UV7KNB,B076WVPZM5,LG0910,Gardena Combisystem Fruit Picker 3115-20,SELLABLE,2,0,0,0,0,0,0,0,0,0,0,0,2,0,VSHB
Gardena,07/25/2026,X001UV7MEN,B07YSTJSCZ,LG0775,"Gardena 12302-20 Hedge Shear LG0775 - PrecisionCut, Sharp, Easy Trim",SELLABLE,1,0,0,0,0,0,0,0,0,0,0,0,1,0,LKO1
Gardena,07/25/2026,X001VC1ZJJ,B002VED3M0,LG0911,Gardena 2650 164-Foot Wall Mount Removable Garden Hose Reel With Hose Guide,SELLABLE,10,0,0,0,0,0,0,0,0,0,0,0,10,0,VSHB
BKR,07/25/2026,X001VH1IRX,B0CJFG9MV3,HM0158 1,"BKR Charcoal Grill Barbecue Grill Smokey with 10 Skewers, Tong, Gloves, Charcoal pack & 4 Grills - Stellar Black",SELLABLE,9,0,0,0,0,0,0,0,0,0,0,0,9,0,VSHB
Gardena,07/25/2026,X001VH1IS7,B07ZLQV7C3,LG0774,"Gardena 8964-20 Comfort Hand Tools Set LG0774 - Trowel, Rake & More",SELLABLE,1,0,0,0,0,0,0,0,0,0,0,0,1,0,BLR8
Gardena,07/25/2026,X001VH1IS7,B07ZLQV7C3,LG0774,"Gardena 8964-20 Comfort Hand Tools Set LG0774 - Trowel, Rake & More",SELLABLE,1,0,0,0,0,0,0,0,0,0,0,0,1,0,HYD8
Gardena,07/25/2026,X001VH1IS7,B07ZLQV7C3,LG0774,"Gardena 8964-20 Comfort Hand Tools Set LG0774 - Trowel, Rake & More",SELLABLE,3,0,0,0,0,0,0,0,0,0,0,0,3,0,VSHB
Gardena,07/25/2026,X001W7V7H3,B09J92FTT4,LG1005,"Gardena 13218-20 Pipe Peg LG1005-3/16"", Secure Hold, Easy Setup",SELLABLE,1,0,0,0,0,0,0,0,0,0,0,0,1,0,CJB1
Gardena,07/25/2026,X001W7V7H3,B09J92FTT4,LG1005,"Gardena 13218-20 Pipe Peg LG1005-3/16"", Secure Hold, Easy Setup",SELLABLE,2,0,0,0,0,0,0,0,0,0,0,0,2,0,VSHB
Gardena,07/25/2026,X001W7V9HL,B0BNLMKB35,LG1003,"Gardena Micro-Drip-System Small Area Spray Nozzle: Spray Nozzle for Automatic Irrigation System, for Small Areas up to 40 cm in Diameter, Simple Connection to 13 mm Connecting Pipe (13306-20)",SELLABLE,5,0,0,0,0,0,0,0,0,0,0,0,5,0,BLR8
Gardena,07/25/2026,X001W7V9HL,B0BNLMKB35,LG1003,"Gardena Micro-Drip-System Small Area Spray Nozzle: Spray Nozzle for Automatic Irrigation System, for Small Areas up to 40 cm in Diameter, Simple Connection to 13 mm Connecting Pipe (13306-20)",SELLABLE,8,0,0,0,0,0,0,0,0,0,0,0,8,0,VSHB
Gardena,07/25/2026,X001W7W5TR,B0BNLPLD7V,LG1004,"Gardena 18266-20 Coupling LG1004 - Flow Control Valve, Regulate Water Flow",SELLABLE,1,0,0,0,0,0,0,0,0,0,0,0,1,0,BLR7
Gardena,07/25/2026,X001W7W5TR,B0BNLPLD7V,LG1004,"Gardena 18266-20 Coupling LG1004 - Flow Control Valve, Regulate Water Flow",SELLABLE,4,0,0,0,0,0,0,0,0,0,0,0,4,0,BLR8
Gardena,07/25/2026,X001W7W5TR,B0BNLPLD7V,LG1004,"Gardena 18266-20 Coupling LG1004 - Flow Control Valve, Regulate Water Flow",SELLABLE,2,0,0,0,0,0,0,0,0,0,0,0,2,0,BOM5
Gardena,07/25/2026,X001W7W5TR,B0BNLPLD7V,LG1004,"Gardena 18266-20 Coupling LG1004 - Flow Control Valve, Regulate Water Flow",SELLABLE,1,0,0,0,0,0,0,0,0,0,0,0,1,0,BOM7
Gardena,07/25/2026,X001W7W5TR,B0BNLPLD7V,LG1004,"Gardena 18266-20 Coupling LG1004 - Flow Control Valve, Regulate Water Flow",SELLABLE,1,0,0,0,0,0,0,0,0,0,0,0,1,0,CCX1
Gardena,07/25/2026,X001W7W5TR,B0BNLPLD7V,LG1004,"Gardena 18266-20 Coupling LG1004 - Flow Control Valve, Regulate Water Flow",SELLABLE,2,0,0,0,0,0,0,0,0,0,0,0,2,0,CCX2
Gardena,07/25/2026,X001W7W5TR,B0BNLPLD7V,LG1004,"Gardena 18266-20 Coupling LG1004 - Flow Control Valve, Regulate Water Flow",SELLABLE,1,0,0,0,0,0,0,0,0,0,0,0,1,0,CJB1
Gardena,07/25/2026,X001W7W5TR,B0BNLPLD7V,LG1004,"Gardena 18266-20 Coupling LG1004 - Flow Control Valve, Regulate Water Flow",SELLABLE,1,0,0,0,0,0,0,0,0,0,0,0,1,0,HYD8
Gardena,07/25/2026,X001W7W5TR,B0BNLPLD7V,LG1004,"Gardena 18266-20 Coupling LG1004 - Flow Control Valve, Regulate Water Flow",SELLABLE,2,0,0,0,0,0,0,0,0,0,0,0,2,0,IDX2
Gardena,07/25/2026,X001W7W5TR,B0BNLPLD7V,LG1004,"Gardena 18266-20 Coupling LG1004 - Flow Control Valve, Regulate Water Flow",SELLABLE,1,0,0,0,0,0,0,0,0,0,0,0,1,0,LKO1
Gardena,07/25/2026,X001W7W5TR,B0BNLPLD7V,LG1004,"Gardena 18266-20 Coupling LG1004 - Flow Control Valve, Regulate Water Flow",SELLABLE,2,0,0,0,0,0,0,0,0,0,0,0,2,0,MAA4
Gardena,07/25/2026,X001WFRH7J,B0001E41DW,LG0928,"GARDENA 8324-U Plugs 1/2"" - Micro Drip System",SELLABLE,2,0,0,0,0,0,0,0,0,0,0,0,2,0,VSHB
Gardena,07/25/2026,X001WFRH7T,B076WVPZM6,LG0899,"Gardena City Gardening Mist Nozzle: 3 Nozzles, Fine Mist, Low Water Consumption, Cooling, Grey",SELLABLE,3,0,0,0,0,0,0,0,0,0,0,0,3,0,VSHB
Gardena,07/25/2026,X001WFRH83,B006D8V2XM,LG0886,"Gardena 2784-20 L-Piece LG0886-25mm x 3/4"" Female Thread, Secure Connection",SELLABLE,1,0,0,0,0,0,0,0,0,0,0,0,1,0,MAA4
Gardena,07/25/2026,X001WFRH83,B006D8V2XM,LG0886,"Gardena 2784-20 L-Piece LG0886-25mm x 3/4"" Female Thread, Secure Connection",SELLABLE,5,0,0,0,0,0,0,0,0,0,0,0,5,0,VSHB
Gardena,07/25/2026,X001WFRH8D,B007C12KEO,LG0893,"Gardena 2740-20 Sprinkler Connection LG0893-3/4"" x 3/4"", Easy Linkage",SELLABLE,1,0,0,0,0,0,0,0,0,0,0,0,1,0,BOM5
Gardena,07/25/2026,X001WFRH8D,B007C12KEO,LG0893,"Gardena 2740-20 Sprinkler Connection LG0893-3/4"" x 3/4"", Easy Linkage",SELLABLE,13,0,0,0,0,0,0,0,0,0,0,0,13,0,VSHB
Gardena,07/25/2026,X001WFRH8N,B07RN9K6SV,LG0781,GARDENA 8194-20 Four Channel Water Distributor - 4 Devices on One Tap,SELLABLE,2,0,0,0,0,0,0,0,0,0,0,0,2,0,LKO1
Gardena,07/25/2026,X001WFRH8N,B07RN9K6SV,LG0781,GARDENA 8194-20 Four Channel Water Distributor - 4 Devices on One Tap,SELLABLE,5,0,0,0,0,0,0,0,0,0,0,0,5,0,VSHB
Gardena,07/25/2026,X001WG0LH1,B00LM2IE12,LG0791,GARDENA 938-20 Twin Tap Connector 3/4 inch,SELLABLE,1,0,0,0,0,0,0,0,0,0,0,0,1,0,HYD8
Gardena,07/25/2026,X001WG0LH1,B00LM2IE12,LG0791,GARDENA 938-20 Twin Tap Connector 3/4 inch,SELLABLE,1,0,0,0,0,0,0,0,0,0,0,0,1,0,VSHB
Gardena,07/25/2026,X001WG0LHB,B0013BBSB0,LG0836,"Gardena 8735-20 Rotatable Grass Shears LG0836 - Comfortable, Flexible Cutting",SELLABLE,2,0,0,0,0,0,0,0,0,0,0,0,2,0,BLR8
Gardena,07/25/2026,X001WG0LHB,B0013BBSB0,LG0836,"Gardena 8735-20 Rotatable Grass Shears LG0836 - Comfortable, Flexible Cutting",SELLABLE,1,0,0,0,0,0,0,0,0,0,0,0,1,0,VSHB
Gardena,07/25/2026,X001WG0LHL,B00HS9T9MQ,LG0898,"Gardena 18025-20 Classic Hose LG0898-3/4"", 50m, Durable Watering Solution",SELLABLE,1,0,0,0,0,0,0,0,0,0,0,0,1,0,HYD8
Gardena,07/25/2026,X001WG0LHL,B00HS9T9MQ,LG0898,"Gardena 18025-20 Classic Hose LG0898-3/4"", 50m, Durable Watering Solution",SELLABLE,18,0,0,0,0,0,0,0,0,0,0,0,18,0,VSHB
Gardena,07/25/2026,X001WG0LHV,B08KGSSTR9,LG0841,"Gardena 11510-20 Planting Glove LG0841 - Protective, Waterproof, Flexible Fit",SELLABLE,4,0,0,0,0,0,0,0,0,0,0,0,4,0,BLR7
Gardena,07/25/2026,X001WG0LHV,B08KGSSTR9,LG0841,"Gardena 11510-20 Planting Glove LG0841 - Protective, Waterproof, Flexible Fit",SELLABLE,4,0,0,0,0,0,0,0,0,0,0,0,4,0,VSHB
Gardena,07/25/2026,X001WG0LI5,B07YSSVYH4,LG0782,"Gardena Tap Connector for Indoor Taps: Connection for Indoor Taps, Including Adapter for Aerator Head, Spanner for Easy Fitting, for Kitchen and Bathroom (18210-20), Multicolour",SELLABLE,10,0,0,0,0,0,0,0,0,0,0,0,10,0,VSHB
Gardena,07/25/2026,X001WG49C9,B000NUTO0O,LG0916,GARDENA 2760-20 Auto Drain Valve LG0916 for Underground Irrigation,SELLABLE,1,0,0,0,0,0,0,0,0,0,0,0,1,0,BLR8
Gardena,07/25/2026,X001WG49C9,B000NUTO0O,LG0916,GARDENA 2760-20 Auto Drain Valve LG0916 for Underground Irrigation,SELLABLE,1,0,0,0,0,0,0,0,0,0,0,0,1,0,MAA4
Gardena,07/25/2026,X001WG49C9,B000NUTO0O,LG0916,GARDENA 2760-20 Auto Drain Valve LG0916 for Underground Irrigation,SELLABLE,3,0,0,0,0,0,0,0,0,0,0,0,3,0,VSHB
Gardena,07/25/2026,X001WG49CJ,B08KGGXHVZ,LG0843,Gardena 11511-20 Planting and Soil Glove M LG0843,SELLABLE,9,0,0,0,0,0,0,0,0,0,0,0,9,0,VSHB
Gardena,07/25/2026,X001WG49D3,B018E0KS4K,LG0771,GARDENA 3255-20 Small Caster S Spreader - 1.2 LTR,SELLABLE,1,0,0,0,0,0,0,0,0,0,0,0,1,0,BLR8
Gardena,07/25/2026,X001WG49D3,B018E0KS4K,LG0771,GARDENA 3255-20 Small Caster S Spreader - 1.2 LTR,SELLABLE,1,0,0,0,0,0,0,0,0,0,0,0,1,0,CCX2
Gardena,07/25/2026,X001WG49D3,B018E0KS4K,LG0771,GARDENA 3255-20 Small Caster S Spreader - 1.2 LTR,SELLABLE,1,0,0,0,0,0,0,0,0,0,0,0,1,0,CJB1
Gardena,07/25/2026,X001WG49D3,B018E0KS4K,LG0771,GARDENA 3255-20 Small Caster S Spreader - 1.2 LTR,SELLABLE,1,0,0,0,0,0,0,0,0,0,0,0,1,0,HYD3
Gardena,07/25/2026,X001WG49D3,B018E0KS4K,LG0771,GARDENA 3255-20 Small Caster S Spreader - 1.2 LTR,SELLABLE,1,0,0,0,0,0,0,0,0,0,0,0,1,0,PNQ3
Gardena,07/25/2026,X001WG49D3,B018E0KS4K,LG0771,GARDENA 3255-20 Small Caster S Spreader - 1.2 LTR,SELLABLE,8,0,0,0,0,0,0,0,0,0,0,0,8,0,VSHB
Gorilla,07/25/2026,X001WG4A73,B082XGNXQ6,HM0663 1,"Gorilla All Purpose Glue Stick, 25 Gram (Pack of 1)",SELLABLE,3,0,0,0,0,0,0,0,0,0,0,0,3,0,VSHB
Gardena,07/25/2026,X001WG4A7D,B0C6BHXV89,LG0834,"Gardena Connector for 13 mm (1/2 Inch) Hose - Reliable Repair with Power Grip, (18232-20)",SELLABLE,10,0,0,0,0,0,0,0,0,0,0,0,10,0,BLR8
Gardena,07/25/2026,X001WG4A7D,B0C6BHXV89,LG0834,"Gardena Connector for 13 mm (1/2 Inch) Hose - Reliable Repair with Power Grip, (18232-20)",SELLABLE,10,0,0,0,0,0,0,0,0,0,0,0,10,0,CCX2
Gardena,07/25/2026,X001WG4A7X,B01A5MJUIK,LG0773,"GARDENA combisystem Fruit Collector: The Fruit Collector for Picking up Fruit of About 4 to 9 cm Without Bending Over, Convenient Emptying, Compatible with GARDENA combisystem Handles (310820)",SELLABLE,4,0,0,0,0,0,0,0,0,0,0,0,4,0,VSHB
Gardena,07/25/2026,X001WG4A87,B000NUVMWW,LG0891,"GARDENA 2761-20 Connector 25mm x 3/4"" Female Thread - Sprinkler System Connection",SELLABLE,1,0,0,0,0,0,0,0,0,0,0,0,1,0,BLR7
Gardena,07/25/2026,X001WG4A87,B000NUVMWW,LG0891,"GARDENA 2761-20 Connector 25mm x 3/4"" Female Thread - Sprinkler System Connection",SELLABLE,1,0,0,0,0,0,0,0,0,0,0,0,1,0,BOM5
Gardena,07/25/2026,X001WG4A87,B000NUVMWW,LG0891,"GARDENA 2761-20 Connector 25mm x 3/4"" Female Thread - Sprinkler System Connection",SELLABLE,1,0,0,0,0,0,0,0,0,0,0,0,1,0,VSHB
Gorilla,07/25/2026,X001WQ15NF,B09Y2K5M8S,HM0726 1,Gorilla Super Glue Pen 5.5gm,SELLABLE,10,0,0,0,0,0,0,0,0,0,0,0,10,0,VSHB
BKR,07/25/2026,X001X0I0Y7,B0CP991688,CA0149,"BKR Snow Chain 1 pair (2pc) Carbon Steel 16mm for Thar Old, Safari, Scorpio Old, Harrier, Volvo XC-60, Isuzu D-Max also for 15""-16"" & 17""-18"" Tyres- FREE 2 bungee ropes and 1pair of gloves CA0149/450",SELLABLE,5,0,0,0,0,0,0,0,0,0,0,0,5,0,VSHB
BKR,07/25/2026,X001XK67JH,B08J84NF9W,HM0602,"BKR® Terrace Garden Picnic Barbeque (BBQ) with 7 Skewers with Wooden Handle & 1 Metal Grill (Black) | Sand Blasting coating metal finish, Long Lasting & Durable",SELLABLE,5,0,0,0,0,0,0,0,0,0,0,0,5,0,VSHB
Gorilla,07/25/2026,X001Y8P7FN,B01MCZCQMG,HM0492 8,"Gorilla 7600101-8 Super Glue Gel (8 Pack), 15 g",SELLABLE,5,0,0,0,0,0,0,0,0,0,0,0,5,0,VSHB
Gorilla,07/25/2026,X001Y8S6EH,B01M69QJV6,HM0492 4,"Gorilla 7600101-4 Super Glue Gel (4 Pack), 15 g",SELLABLE,5,0,0,0,0,0,0,0,0,0,0,0,5,0,VSHB
Gorilla,07/25/2026,X001Y8ZL6X,B007ZR6ZB4,HM0247 6,"Gorilla 4200103 Epoxy (6 Pack), 0.85 oz, Clear",SELLABLE,5,0,0,0,0,0,0,0,0,0,0,0,5,0,VSHB
Gardena,07/25/2026,X001YHFASD,B0001E41VE,LG0408 1,"Gardena 8702-20 Premium Bypass Pruner LG0408 - Sharp, Precise Cuts",SELLABLE,14,0,0,0,0,0,0,0,0,0,0,0,14,0,VSHB
BKR,07/25/2026,X001YHOFEX,B0CTXDMX4H,CA0150,"BKR Snow Chain Carbon Steel 16mm for Fortuner, Thar Roxx, Thar 2024, Scorpio N, Gurkha, Rubycon, HILUX also for 16"" & 17"" -18"" Tyres- FREE 2 bungee ropes and 1pair of gloves CA0150/490",SELLABLE,8,0,0,0,0,0,0,0,0,0,0,0,8,0,VSHB
BKR,07/25/2026,X001YHOFJD,B0CTZTM9F3,CA0154,"BKR Snow Chain 1 pair (2pc) For Jimny, Innova Crysta, Kia Seltos, Ertiga, Tata Nexon etc 14"", 15"", 16"", 17"" & 18"" inches of Tyre Carbon Steel 16mm- FREE 2 bungee ropes, 1pair of gloves CA0154",SELLABLE,36,0,0,0,0,0,0,0,0,0,0,0,36,0,VSHB
Gardena,07/25/2026,X001Z3EAYB,B0CWVFYSQ3,LG1033,"Gardena 18995-29 Basic Connector LG1033 - For 13-15mm Hose, Secure Fit",SELLABLE,10,0,0,0,0,0,0,0,0,0,0,0,10,0,VSHB
Gardena,07/25/2026,X001Z3EAYL,B0BNLNS2MT,LG1040,"Gardena 13304-20 Micro-Drip Endline Drip Head LG1040 - Adjustable, Pressure Equalising",SELLABLE,2,0,0,0,0,0,0,0,0,0,0,0,2,0,BLR8
Gardena,07/25/2026,X001Z3EAYL,B0BNLNS2MT,LG1040,"Gardena 13304-20 Micro-Drip Endline Drip Head LG1040 - Adjustable, Pressure Equalising",SELLABLE,1,0,0,0,0,0,0,0,0,0,0,0,1,0,BOM5
Gardena,07/25/2026,X001Z3EAYL,B0BNLNS2MT,LG1040,"Gardena 13304-20 Micro-Drip Endline Drip Head LG1040 - Adjustable, Pressure Equalising",SELLABLE,2,0,0,0,0,0,0,0,0,0,0,0,2,0,CJB1
Gardena,07/25/2026,X001Z3EAYL,B0BNLNS2MT,LG1040,"Gardena 13304-20 Micro-Drip Endline Drip Head LG1040 - Adjustable, Pressure Equalising",SELLABLE,50,0,0,0,0,0,0,0,0,0,0,0,50,0,VSHB
Gardena,07/25/2026,X001Z3ILYV,B0001E3W4Q,LG1031,"Gardena 3195-20 CombiSystem Tiller LG1031 - 5.5"" Cultivator Head, Weeding Made Easy",SELLABLE,1,0,0,0,0,0,0,0,0,0,0,0,1,0,VSHB
Gardena,07/25/2026,X001Z3ILZ5,B0BNLP35WV,LG1037,Gardena VeggieCut Harvesting Knife with Holster & Sharpener – Precision Knife for Fruits & Vegetables – Ideal for Gardening & Harvesting – Not for Heavy Cutting (12211-20),SELLABLE,2,0,0,0,0,0,0,0,0,0,0,0,2,0,AMD2
Gardena,07/25/2026,X001Z3ILZ5,B0BNLP35WV,LG1037,Gardena VeggieCut Harvesting Knife with Holster & Sharpener – Precision Knife for Fruits & Vegetables – Ideal for Gardening & Harvesting – Not for Heavy Cutting (12211-20),SELLABLE,2,0,0,0,0,0,0,0,0,0,0,0,2,0,BLR8
Gardena,07/25/2026,X001Z3ILZ5,B0BNLP35WV,LG1037,Gardena VeggieCut Harvesting Knife with Holster & Sharpener – Precision Knife for Fruits & Vegetables – Ideal for Gardening & Harvesting – Not for Heavy Cutting (12211-20),SELLABLE,2,0,0,0,0,0,0,0,0,0,0,0,2,0,CCX2
Gardena,07/25/2026,X001Z3ILZ5,B0BNLP35WV,LG1037,Gardena VeggieCut Harvesting Knife with Holster & Sharpener – Precision Knife for Fruits & Vegetables – Ideal for Gardening & Harvesting – Not for Heavy Cutting (12211-20),SELLABLE,2,0,0,0,0,0,0,0,0,0,0,0,2,0,CJB1
Gardena,07/25/2026,X001Z3ILZ5,B0BNLP35WV,LG1037,Gardena VeggieCut Harvesting Knife with Holster & Sharpener – Precision Knife for Fruits & Vegetables – Ideal for Gardening & Harvesting – Not for Heavy Cutting (12211-20),SELLABLE,2,0,0,0,0,0,0,0,0,0,0,0,2,0,HYD3
Gardena,07/25/2026,X001Z3ILZ5,B0BNLP35WV,LG1037,Gardena VeggieCut Harvesting Knife with Holster & Sharpener – Precision Knife for Fruits & Vegetables – Ideal for Gardening & Harvesting – Not for Heavy Cutting (12211-20),SELLABLE,2,0,0,0,0,0,0,0,0,0,0,0,2,0,IDX2
Gardena,07/25/2026,X001Z3ILZ5,B0BNLP35WV,LG1037,Gardena VeggieCut Harvesting Knife with Holster & Sharpener – Precision Knife for Fruits & Vegetables – Ideal for Gardening & Harvesting – Not for Heavy Cutting (12211-20),SELLABLE,2,0,0,0,0,0,0,0,0,0,0,0,2,0,LKO1
Gardena,07/25/2026,X001Z3ILZ5,B0BNLP35WV,LG1037,Gardena VeggieCut Harvesting Knife with Holster & Sharpener – Precision Knife for Fruits & Vegetables – Ideal for Gardening & Harvesting – Not for Heavy Cutting (12211-20),SELLABLE,2,0,0,0,0,0,0,0,0,0,0,0,2,0,PNQ3
Gardena,07/25/2026,X001Z3ILZ5,B0BNLP35WV,LG1037,Gardena VeggieCut Harvesting Knife with Holster & Sharpener – Precision Knife for Fruits & Vegetables – Ideal for Gardening & Harvesting – Not for Heavy Cutting (12211-20),SELLABLE,4,0,0,0,0,0,0,0,0,0,0,0,4,0,VSHB
Gardena,07/25/2026,X001Z3J7P3,B09J92YZ26,LG1042,"GARDENA Tap Connector 26.5 mm (3/4"") 18221-20",SELLABLE,7,0,0,0,0,0,0,0,0,0,0,0,7,0,VSHB
Gardena,07/25/2026,X001Z3J7PD,B0BNLNQZRB,LG1038,"Gardena 13205-20 Pipe Plug LG1038-13mm (1/2"") Sealing Plug",SELLABLE,1,0,0,0,0,0,0,0,0,0,0,0,1,0,CCX1
Gardena,07/25/2026,X001Z3J7PD,B0BNLNQZRB,LG1038,"Gardena 13205-20 Pipe Plug LG1038-13mm (1/2"") Sealing Plug",SELLABLE,2,0,0,0,0,0,0,0,0,0,0,0,2,0,VSHB
Gardena,07/25/2026,X001Z3JAGJ,B0CWVFGX66,LG1032,"Gardena 18993-29 Basic Connector LG1032-13-15mm, Water Stop Feature",SELLABLE,6,0,0,0,0,0,0,0,0,0,0,0,6,0,VSHB
Gardena,07/25/2026,X001Z3JAGT,B0BNLPQN4F,LG1039,Gardena 7 in 1 Assembly Tool for Micro-Drip-System 13313-20,SELLABLE,1,0,0,0,0,0,0,0,0,0,0,0,1,0,BLR7
Gardena,07/25/2026,X001Z3JAGT,B0BNLPQN4F,LG1039,Gardena 7 in 1 Assembly Tool for Micro-Drip-System 13313-20,SELLABLE,1,0,0,0,0,0,0,0,0,0,0,0,1,0,HYD8
Gardena,07/25/2026,X001Z3JAH3,B0CWVJ5TX6,LG1034,"Gardena 18950-29 Basic Spray Gun LG1034 - Versatile, Easy Grip",SELLABLE,5,0,0,0,0,0,0,0,0,0,0,0,5,0,AMD2
Gardena,07/25/2026,X001Z3JAH3,B0CWVJ5TX6,LG1034,"Gardena 18950-29 Basic Spray Gun LG1034 - Versatile, Easy Grip",SELLABLE,5,0,0,0,0,0,0,0,0,0,0,0,5,0,BLR8
Gardena,07/25/2026,X001Z3JAH3,B0CWVJ5TX6,LG1034,"Gardena 18950-29 Basic Spray Gun LG1034 - Versatile, Easy Grip",SELLABLE,3,0,0,0,0,0,0,0,0,0,0,0,3,0,CCX2
Gardena,07/25/2026,X001Z3JAH3,B0CWVJ5TX6,LG1034,"Gardena 18950-29 Basic Spray Gun LG1034 - Versatile, Easy Grip",SELLABLE,3,0,0,0,0,0,0,0,0,0,0,0,3,0,CJB1
Gardena,07/25/2026,X001Z3JAH3,B0CWVJ5TX6,LG1034,"Gardena 18950-29 Basic Spray Gun LG1034 - Versatile, Easy Grip",SELLABLE,5,0,0,0,0,0,0,0,0,0,0,0,5,0,HYD3
Gardena,07/25/2026,X001Z3JAH3,B0CWVJ5TX6,LG1034,"Gardena 18950-29 Basic Spray Gun LG1034 - Versatile, Easy Grip",SELLABLE,5,0,0,0,0,0,0,0,0,0,0,0,5,0,IDX2
Gardena,07/25/2026,X001Z3JAH3,B0CWVJ5TX6,LG1034,"Gardena 18950-29 Basic Spray Gun LG1034 - Versatile, Easy Grip",SELLABLE,5,0,0,0,0,0,0,0,0,0,0,0,5,0,LKO1
Gardena,07/25/2026,X001Z3JAH3,B0CWVJ5TX6,LG1034,"Gardena 18950-29 Basic Spray Gun LG1034 - Versatile, Easy Grip",SELLABLE,4,0,0,0,0,0,0,0,0,0,0,0,4,0,PNQ3
Gardena,07/25/2026,X001Z3JAH3,B0CWVJ5TX6,LG1034,"Gardena 18950-29 Basic Spray Gun LG1034 - Versatile, Easy Grip",SELLABLE,82,0,0,0,0,0,0,0,0,0,0,0,82,0,VSHB
BKR,07/25/2026,X001ZD84QV,B0CXMBFC5N,LG0530,"BKR Hand Push Petrol Brush Cutter 3in1 52cc 2 Stroke Petrol Engine with Tiller Attachment, 500ml/hr Fuel Consumption | Weeding Support Comes with 6 Months Manufacture Warranty",SELLABLE,1,0,0,0,0,0,0,0,0,0,0,0,1,0,VSHB
Gardena,07/25/2026,X0020AG145,B0001E3VCE,LG0785,"Gardena 2942-20 Hose Connector LG0785-1/2"", Control Valve, Regulate Flow",SELLABLE,22,0,0,0,0,0,0,0,0,0,0,0,22,0,VSHB
Gardena,07/25/2026,X0022NV901,B08M93ZMTQ,LG1063,"Gardena 18614-20 Auto Retractable Hose Reel LG1063-66ft, Metal Spike, UV & Frost Proof",SELLABLE,1,0,0,0,0,0,0,0,0,0,0,0,1,0,AMD2
Gardena,07/25/2026,X0022NV901,B08M93ZMTQ,LG1063,"Gardena 18614-20 Auto Retractable Hose Reel LG1063-66ft, Metal Spike, UV & Frost Proof",SELLABLE,1,0,0,0,0,0,0,0,0,0,0,0,1,0,BLR8
Gardena,07/25/2026,X0022NV901,B08M93ZMTQ,LG1063,"Gardena 18614-20 Auto Retractable Hose Reel LG1063-66ft, Metal Spike, UV & Frost Proof",SELLABLE,1,0,0,0,0,0,0,0,0,0,0,0,1,0,CCX2
Gardena,07/25/2026,X0022NV901,B08M93ZMTQ,LG1063,"Gardena 18614-20 Auto Retractable Hose Reel LG1063-66ft, Metal Spike, UV & Frost Proof",SELLABLE,1,0,0,0,0,0,0,0,0,0,0,0,1,0,CJB1
Gardena,07/25/2026,X0022NV901,B08M93ZMTQ,LG1063,"Gardena 18614-20 Auto Retractable Hose Reel LG1063-66ft, Metal Spike, UV & Frost Proof",SELLABLE,1,0,0,0,0,0,0,0,0,0,0,0,1,0,HYD3
Gardena,07/25/2026,X0022NV901,B08M93ZMTQ,LG1063,"Gardena 18614-20 Auto Retractable Hose Reel LG1063-66ft, Metal Spike, UV & Frost Proof",SELLABLE,1,0,0,0,0,0,0,0,0,0,0,0,1,0,IDX2
Gardena,07/25/2026,X0022NV901,B08M93ZMTQ,LG1063,"Gardena 18614-20 Auto Retractable Hose Reel LG1063-66ft, Metal Spike, UV & Frost Proof",SELLABLE,1,0,0,0,0,0,0,0,0,0,0,0,1,0,LKO1
Gardena,07/25/2026,X0022NV901,B08M93ZMTQ,LG1063,"Gardena 18614-20 Auto Retractable Hose Reel LG1063-66ft, Metal Spike, UV & Frost Proof",SELLABLE,1,0,0,0,0,0,0,0,0,0,0,0,1,0,PNQ3
Gardena,07/25/2026,X0022NV90B,B0CNKMGNQ2,LG1062,"Gardena 18615-20 Terrace Hose Box LG1062 - RollUp M, 20m, Auto Retractable",SELLABLE,2,0,0,0,0,0,0,0,0,0,0,0,2,0,VSHB
Gardena,07/25/2026,X0022NV90B,B0CNKMGNQ2,LG1062,"Gardena 18615-20 Terrace Hose Box LG1062 - RollUp M, 20m, Auto Retractable",WAREHOUSE_DAMAGED,1,0,0,0,0,0,0,0,0,0,0,0,1,0,BLR8
Gardena,07/25/2026,X0022OMMGZ,B0035WQMPW,LG1065,Gardena 2783 25 mm x 3/4 Male Elbow Sprinkler System,SELLABLE,2,0,0,0,0,0,0,0,0,0,0,0,2,0,BLR4
Gardena,07/25/2026,X0022OMMGZ,B0035WQMPW,LG1065,Gardena 2783 25 mm x 3/4 Male Elbow Sprinkler System,SELLABLE,5,0,0,0,0,0,0,0,0,0,0,0,5,0,BOM5
Gardena,07/25/2026,X0022OMMGZ,B0035WQMPW,LG1065,Gardena 2783 25 mm x 3/4 Male Elbow Sprinkler System,SELLABLE,1,0,0,0,0,0,0,0,0,0,0,0,1,0,PNQ3
Gardena,07/25/2026,X0022OMMGZ,B0035WQMPW,LG1065,Gardena 2783 25 mm x 3/4 Male Elbow Sprinkler System,SELLABLE,2,0,0,0,0,0,0,0,0,0,0,0,2,0,VSHB
Gardena,07/25/2026,X0022OMMH9,B000NUTNWI,LG1064,GARDENA 2781-U L Piece 25mm x 3/4 male threads -Sprinkler System Pro,SELLABLE,3,0,0,0,0,0,0,0,0,0,0,0,3,0,BLR8
Gardena,07/25/2026,X0022OMMH9,B000NUTNWI,LG1064,GARDENA 2781-U L Piece 25mm x 3/4 male threads -Sprinkler System Pro,SELLABLE,2,0,0,0,0,0,0,0,0,0,0,0,2,0,BOM5
Gardena,07/25/2026,X0022OMMH9,B000NUTNWI,LG1064,GARDENA 2781-U L Piece 25mm x 3/4 male threads -Sprinkler System Pro,SELLABLE,5,0,0,0,0,0,0,0,0,0,0,0,5,0,VSHB
Gardena,07/25/2026,X0022OMMHT,B002C38R8A,LG1061,"Gardena 2907-20 Tap Connector LG1061 - Universal 1/2""-3/4"" Tap Adapter, Brass, Leak-Proof",SELLABLE,1,0,0,0,0,0,0,0,0,0,0,0,1,0,CCX2
Gardena,07/25/2026,X0022OMMHT,B002C38R8A,LG1061,"Gardena 2907-20 Tap Connector LG1061 - Universal 1/2""-3/4"" Tap Adapter, Brass, Leak-Proof",SELLABLE,8,0,0,0,0,0,0,0,0,0,0,0,8,0,VSHB
Gardena,07/25/2026,X0022OMMI3,B09J92F9F5,LG1070,"Gardena 8264-20 Regulating & Shut-Off Box LG1070-3/4"" Outer Thread",SELLABLE,1,0,0,0,0,0,0,0,0,0,0,0,1,0,HYD3
Gardena,07/25/2026,X0022OMMI3,B09J92F9F5,LG1070,"Gardena 8264-20 Regulating & Shut-Off Box LG1070-3/4"" Outer Thread",SELLABLE,5,0,0,0,0,0,0,0,0,0,0,0,5,0,VSHB
Gardena,07/25/2026,X0022OMMIN,B08KGKH3KF,LG1049,"GARDENA Planting and Soil Glove L 11512-20 – Waterproof, Flexible, Breathable, and Smartphone Compatible",SELLABLE,5,0,0,0,0,0,0,0,0,0,0,0,5,0,VSHB
Gardena,07/25/2026,X0022OMMIX,B0BNLJXKLQ,LG1048,"Gardena Tool Rack Plus 3509-20 – Heavy-Duty Garden Tool Storage Solution, Space-Saving Aluminum Rack",SELLABLE,3,0,0,0,0,0,0,0,0,0,0,0,3,0,VSHB
Gardena,07/25/2026,X0022OMMJ7,B000NUY3J6,LG1069,"Gardena 2773-20 U-L Piece LG1069-1"" Connector, Gray, Durable Sprinkler Fit",SELLABLE,1,0,0,0,0,0,0,0,0,0,0,0,1,0,BOM5
Gardena,07/25/2026,X0022OMMJ7,B000NUY3J6,LG1069,"Gardena 2773-20 U-L Piece LG1069-1"" Connector, Gray, Durable Sprinkler Fit",SELLABLE,1,0,0,0,0,0,0,0,0,0,0,0,1,0,PNQ3
Gardena,07/25/2026,X0022OMMJ7,B000NUY3J6,LG1069,"Gardena 2773-20 U-L Piece LG1069-1"" Connector, Gray, Durable Sprinkler Fit",SELLABLE,3,0,0,0,0,0,0,0,0,0,0,0,3,0,VSHB
Gardena,07/25/2026,X0022OMMJH,B09J97RYWH,LG1047,"Gardena AquaCount water meter: For tracked water consumption, four operating modes, rotatable display, battery-operated, UV-resistant and frost-proof (18350-20)",SELLABLE,1,0,0,0,0,0,0,0,0,0,0,0,1,0,BLR8
Gardena,07/25/2026,X0022OMMJH,B09J97RYWH,LG1047,"Gardena AquaCount water meter: For tracked water consumption, four operating modes, rotatable display, battery-operated, UV-resistant and frost-proof (18350-20)",SELLABLE,2,0,0,0,0,0,0,0,0,0,0,0,2,0,VSHB
Gardena,07/25/2026,X0022OMMJR,B00WCDGLLU,LG1058,Amboss: Gardena 00297-20 Combi-System Anvil Branch Pruner,SELLABLE,2,0,0,0,0,0,0,0,0,0,0,0,2,0,MAA4
Gardena,07/25/2026,X0022OMMK1,B0001E3W46,LG1057,GARDENA 3192-20 CombiSystem Draw Hoe LG1057 for Weeding & Soil Loosening,SELLABLE,1,0,0,0,0,0,0,0,0,0,0,0,1,0,AMD2
Gardena,07/25/2026,X0022OMMK1,B0001E3W46,LG1057,GARDENA 3192-20 CombiSystem Draw Hoe LG1057 for Weeding & Soil Loosening,SELLABLE,1,0,0,0,0,0,0,0,0,0,0,0,1,0,BLR8
Gardena,07/25/2026,X0022OMMK1,B0001E3W46,LG1057,GARDENA 3192-20 CombiSystem Draw Hoe LG1057 for Weeding & Soil Loosening,SELLABLE,1,0,0,0,0,0,0,0,0,0,0,0,1,0,CCX2
Gardena,07/25/2026,X0022OMMK1,B0001E3W46,LG1057,GARDENA 3192-20 CombiSystem Draw Hoe LG1057 for Weeding & Soil Loosening,SELLABLE,1,0,0,0,0,0,0,0,0,0,0,0,1,0,CJB1
Gardena,07/25/2026,X0022OMMK1,B0001E3W46,LG1057,GARDENA 3192-20 CombiSystem Draw Hoe LG1057 for Weeding & Soil Loosening,SELLABLE,1,0,0,0,0,0,0,0,0,0,0,0,1,0,HYD3
Gardena,07/25/2026,X0022OMMK1,B0001E3W46,LG1057,GARDENA 3192-20 CombiSystem Draw Hoe LG1057 for Weeding & Soil Loosening,SELLABLE,1,0,0,0,0,0,0,0,0,0,0,0,1,0,IDX2
Gardena,07/25/2026,X0022OMMK1,B0001E3W46,LG1057,GARDENA 3192-20 CombiSystem Draw Hoe LG1057 for Weeding & Soil Loosening,SELLABLE,1,0,0,0,0,0,0,0,0,0,0,0,1,0,LKO1
Gardena,07/25/2026,X0022OMMK1,B0001E3W46,LG1057,GARDENA 3192-20 CombiSystem Draw Hoe LG1057 for Weeding & Soil Loosening,SELLABLE,1,0,0,0,0,0,0,0,0,0,0,0,1,0,PNQ3
Gardena,07/25/2026,X0022OMMK1,B0001E3W46,LG1057,GARDENA 3192-20 CombiSystem Draw Hoe LG1057 for Weeding & Soil Loosening,SELLABLE,5,0,0,0,0,0,0,0,0,0,0,0,5,0,VSHB
Gardena,07/25/2026,X0022OMMKB,B000OY2KSW,LG1068,"Gardena 2763-20 Sprinkler System Connector LG1068-25mm x 1"" Male Thread, Adaptable Fit",SELLABLE,2,0,0,0,0,0,0,0,0,0,0,0,2,0,BOM5
Gardena,07/25/2026,X0022OMMKB,B000OY2KSW,LG1068,"Gardena 2763-20 Sprinkler System Connector LG1068-25mm x 1"" Male Thread, Adaptable Fit",SELLABLE,5,0,0,0,0,0,0,0,0,0,0,0,5,0,VSHB
Gardena,07/25/2026,X0022OMMKL,B0001E3VFQ,LG1056,"Gardena 3101-20 CombiSystem Lawn Rake LG1056 - 17"", Plastic, Easy Cleanup",SELLABLE,2,0,0,0,0,0,0,0,0,0,0,0,2,0,BOM5
Gardena,07/25/2026,X0022OMMKL,B0001E3VFQ,LG1056,"Gardena 3101-20 CombiSystem Lawn Rake LG1056 - 17"", Plastic, Easy Cleanup",SELLABLE,1,0,0,0,0,0,0,0,0,0,0,0,1,0,VSHB
Gardena,07/25/2026,X0022OMMKV,B08KGMGRGR,LG1067,"Gardena 2758 Sprinkler Connector LG1067 - for Valve Boxes, Secure Water Supply, Black",SELLABLE,2,0,0,0,0,0,0,0,0,0,0,0,2,0,BLR8
Gardena,07/25/2026,X0022OMMKV,B08KGMGRGR,LG1067,"Gardena 2758 Sprinkler Connector LG1067 - for Valve Boxes, Secure Water Supply, Black",SELLABLE,2,0,0,0,0,0,0,0,0,0,0,0,2,0,CJB1
Gardena,07/25/2026,X0022OMMKV,B08KGMGRGR,LG1067,"Gardena 2758 Sprinkler Connector LG1067 - for Valve Boxes, Secure Water Supply, Black",SELLABLE,5,0,0,0,0,0,0,0,0,0,0,0,5,0,VSHB
Gardena,07/25/2026,X0022VF38H,B000NUWZ7S,LG1066,"Gardena 2787-20 T-Piece LG1066-25mm x 3/4"" Male Thread, Quick Connect",SELLABLE,2,0,0,0,0,0,0,0,0,0,0,0,2,0,BLR4
Gardena,07/25/2026,X0022VF38H,B000NUWZ7S,LG1066,"Gardena 2787-20 T-Piece LG1066-25mm x 3/4"" Male Thread, Quick Connect",SELLABLE,1,0,0,0,0,0,0,0,0,0,0,0,1,0,BOM5
Gardena,07/25/2026,X0022VF38H,B000NUWZ7S,LG1066,"Gardena 2787-20 T-Piece LG1066-25mm x 3/4"" Male Thread, Quick Connect",SELLABLE,1,0,0,0,0,0,0,0,0,0,0,0,1,0,BOM7
Gardena,07/25/2026,X0022VF38H,B000NUWZ7S,LG1066,"Gardena 2787-20 T-Piece LG1066-25mm x 3/4"" Male Thread, Quick Connect",SELLABLE,1,0,0,0,0,0,0,0,0,0,0,0,1,0,MAA4
Gardena,07/25/2026,X0022VF38H,B000NUWZ7S,LG1066,"Gardena 2787-20 T-Piece LG1066-25mm x 3/4"" Male Thread, Quick Connect",SELLABLE,5,0,0,0,0,0,0,0,0,0,0,0,5,0,VSHB
Gardena,07/25/2026,X0022VF38R,B01M9JRZUJ,LG1054,GARDENA 8915-20 CombiSystem Hand Hoe LG1054 for Weeding Small Beds,SELLABLE,1,0,0,0,0,0,0,0,0,0,0,0,1,0,BLR7
Gardena,07/25/2026,X0022VF38R,B01M9JRZUJ,LG1054,GARDENA 8915-20 CombiSystem Hand Hoe LG1054 for Weeding Small Beds,SELLABLE,2,0,0,0,0,0,0,0,0,0,0,0,2,0,VSHB
Gardena,07/25/2026,X0022VF391,B00368CU10,LG1051,Gardena 8201-29 Turbo Driven Pop-Up Sprinkler LG1051 - Efficient for Small Lawns,SELLABLE,1,0,0,0,0,0,0,0,0,0,0,0,1,0,AMD2
Gardena,07/25/2026,X0022VF391,B00368CU10,LG1051,Gardena 8201-29 Turbo Driven Pop-Up Sprinkler LG1051 - Efficient for Small Lawns,SELLABLE,1,0,0,0,0,0,0,0,0,0,0,0,1,0,BLR7
Gardena,07/25/2026,X0022VF391,B00368CU10,LG1051,Gardena 8201-29 Turbo Driven Pop-Up Sprinkler LG1051 - Efficient for Small Lawns,SELLABLE,2,0,0,0,0,0,0,0,0,0,0,0,2,0,BLR8
Gardena,07/25/2026,X0022VF391,B00368CU10,LG1051,Gardena 8201-29 Turbo Driven Pop-Up Sprinkler LG1051 - Efficient for Small Lawns,SELLABLE,2,0,0,0,0,0,0,0,0,0,0,0,2,0,BOM5
Gardena,07/25/2026,X0022VF391,B00368CU10,LG1051,Gardena 8201-29 Turbo Driven Pop-Up Sprinkler LG1051 - Efficient for Small Lawns,SELLABLE,1,0,0,0,0,0,0,0,0,0,0,0,1,0,BOM7
Gardena,07/25/2026,X0022VF391,B00368CU10,LG1051,Gardena 8201-29 Turbo Driven Pop-Up Sprinkler LG1051 - Efficient for Small Lawns,SELLABLE,3,0,0,0,0,0,0,0,0,0,0,0,3,0,CCX1
Gardena,07/25/2026,X0022VF391,B00368CU10,LG1051,Gardena 8201-29 Turbo Driven Pop-Up Sprinkler LG1051 - Efficient for Small Lawns,SELLABLE,1,0,0,0,0,0,0,0,0,0,0,0,1,0,CCX2
Gardena,07/25/2026,X0022VF391,B00368CU10,LG1051,Gardena 8201-29 Turbo Driven Pop-Up Sprinkler LG1051 - Efficient for Small Lawns,SELLABLE,2,0,0,0,0,0,0,0,0,0,0,0,2,0,CJB1
Gardena,07/25/2026,X0022VF391,B00368CU10,LG1051,Gardena 8201-29 Turbo Driven Pop-Up Sprinkler LG1051 - Efficient for Small Lawns,SELLABLE,3,0,0,0,0,0,0,0,0,0,0,0,3,0,HYD8
Gardena,07/25/2026,X0022VF391,B00368CU10,LG1051,Gardena 8201-29 Turbo Driven Pop-Up Sprinkler LG1051 - Efficient for Small Lawns,SELLABLE,1,0,0,0,0,0,0,0,0,0,0,0,1,0,IDX2
Gardena,07/25/2026,X0022VF391,B00368CU10,LG1051,Gardena 8201-29 Turbo Driven Pop-Up Sprinkler LG1051 - Efficient for Small Lawns,SELLABLE,1,0,0,0,0,0,0,0,0,0,0,0,1,0,LKO1
Gardena,07/25/2026,X0022VF391,B00368CU10,LG1051,Gardena 8201-29 Turbo Driven Pop-Up Sprinkler LG1051 - Efficient for Small Lawns,SELLABLE,2,0,0,0,0,0,0,0,0,0,0,0,2,0,MAA4
Gardena,07/25/2026,X0022VF391,B00368CU10,LG1051,Gardena 8201-29 Turbo Driven Pop-Up Sprinkler LG1051 - Efficient for Small Lawns,SELLABLE,17,0,0,0,0,0,0,0,0,0,0,0,17,0,VSHB
Gorilla,07/25/2026,X00233EAS3,B07GRJ8L55,HM0627 1,"Gorilla All Weather Outdoor Waterproof Duct Tape, UV and Temperature Resistant, 1.88"" x 25 yd, Black (Pack of 1), Limited Edition",SELLABLE,2,0,0,0,0,0,2,0,0,0,0,0,4,0,BLR7
Gorilla,07/25/2026,X00233EAS3,B07GRJ8L55,HM0627 1,"Gorilla All Weather Outdoor Waterproof Duct Tape, UV and Temperature Resistant, 1.88"" x 25 yd, Black (Pack of 1), Limited Edition",SELLABLE,2,0,0,0,0,0,0,0,0,0,0,0,2,0,CCX2
Gorilla,07/25/2026,X00233EAS3,B07GRJ8L55,HM0627 1,"Gorilla All Weather Outdoor Waterproof Duct Tape, UV and Temperature Resistant, 1.88"" x 25 yd, Black (Pack of 1), Limited Edition",SELLABLE,1,0,0,0,0,0,0,0,0,0,0,0,1,0,LKO1
Gorilla,07/25/2026,X00233EAS3,B07GRJ8L55,HM0627 1,"Gorilla All Weather Outdoor Waterproof Duct Tape, UV and Temperature Resistant, 1.88"" x 25 yd, Black (Pack of 1), Limited Edition",SELLABLE,2,0,0,-1,0,0,0,0,0,0,0,0,1,0,MAA4
Gorilla,07/25/2026,X00233EAS3,B07GRJ8L55,HM0627 1,"Gorilla All Weather Outdoor Waterproof Duct Tape, UV and Temperature Resistant, 1.88"" x 25 yd, Black (Pack of 1), Limited Edition",WAREHOUSE_DAMAGED,1,0,0,0,0,0,0,0,0,0,0,0,1,0,BLR8
Gardena,07/25/2026,X0023APGGB,B07YSTGP17,LG0740 1,"Gardena 18708-20 ZoomMaxx Sprinkler LG0740 - Oscillating, Weighted Base, Wide Coverage",SELLABLE,10,0,0,0,0,0,0,0,0,0,0,0,10,0,VSHB
Gorilla,07/25/2026,X0024Y4W6L,B01NCSN5AS,HM0633,"10 Oz. : Gorilla 8060002 White 100Percentsilicone Sealant, 10 Oz, White",SELLABLE,1,0,0,0,0,0,0,0,0,0,0,0,1,0,VSHB
BKR,07/25/2026,X00252IDSF,B0DGD8FVVJ,LG0692,"BKR® 18-Inch Electric Lawn Mower | 1800W Powerful Motor | Adjustable Cutting Height | 55L Grass Collection Box | Lightweight & Eco-Friendly, 6 Months Manufacture Warranty | Made in India",SELLABLE,5,0,0,0,0,0,0,0,0,0,0,0,5,0,VSHB
Gardena,07/25/2026,X00252IDSP,B09J94GGYC,LG1041,"Gardena 18220-20 Tap Connector LG1041-21mm (1/2""), Easy Installation",SELLABLE,2,0,0,0,0,0,0,0,0,0,0,0,2,0,BLR8
Gardena,07/25/2026,X00252IDSP,B09J94GGYC,LG1041,"Gardena 18220-20 Tap Connector LG1041-21mm (1/2""), Easy Installation",SELLABLE,2,0,0,0,0,0,0,0,0,0,0,0,2,0,CCX2
Gardena,07/25/2026,X00252IDSP,B09J94GGYC,LG1041,"Gardena 18220-20 Tap Connector LG1041-21mm (1/2""), Easy Installation",SELLABLE,5,0,0,0,0,0,0,0,0,0,0,0,5,0,VSHB
BKR,07/25/2026,X00252IDSZ,B0DFCG66K2,LG0556 1,"BKR® PPS35-S Portable Power Pressure Sprayer with 4-Stroke Engine – Versatile, High-Performance Sprayer for Garden and Agricultural Use comes with 6 months manufacturer warranty",SELLABLE,1,0,0,0,0,0,0,0,0,0,0,0,1,0,VSHB
Gorilla,07/25/2026,X00252IDTJ,B07GVXRZZX,HM0745,"Gorilla Clear Glue Minis, Four 3 Gram Tubes, Clear",SELLABLE,1,0,0,0,0,0,0,0,0,0,0,0,1,0,AMD2
Gorilla,07/25/2026,X00252IDTJ,B07GVXRZZX,HM0745,"Gorilla Clear Glue Minis, Four 3 Gram Tubes, Clear",SELLABLE,1,0,0,0,0,0,0,0,0,0,0,0,1,0,BLR8
Gorilla,07/25/2026,X00252IDTJ,B07GVXRZZX,HM0745,"Gorilla Clear Glue Minis, Four 3 Gram Tubes, Clear",SELLABLE,5,0,0,-1,0,0,0,0,0,0,0,0,4,0,BOM5
Gorilla,07/25/2026,X00252IDTJ,B07GVXRZZX,HM0745,"Gorilla Clear Glue Minis, Four 3 Gram Tubes, Clear",SELLABLE,1,0,0,0,0,0,0,0,0,0,0,0,1,0,CCX2
Gorilla,07/25/2026,X00252IDTJ,B07GVXRZZX,HM0745,"Gorilla Clear Glue Minis, Four 3 Gram Tubes, Clear",SELLABLE,1,0,0,0,0,0,0,0,0,0,0,0,1,0,HYD3
Gorilla,07/25/2026,X00252IDTJ,B07GVXRZZX,HM0745,"Gorilla Clear Glue Minis, Four 3 Gram Tubes, Clear",SELLABLE,1,0,0,0,0,0,0,0,0,0,0,0,1,0,IDX2
Gorilla,07/25/2026,X00252IDTJ,B07GVXRZZX,HM0745,"Gorilla Clear Glue Minis, Four 3 Gram Tubes, Clear",SELLABLE,1,0,0,0,0,0,0,0,0,0,0,0,1,0,LKO1
Gorilla,07/25/2026,X00252IDTJ,B07GVXRZZX,HM0745,"Gorilla Clear Glue Minis, Four 3 Gram Tubes, Clear",SELLABLE,1,0,0,0,0,0,0,0,0,0,0,0,1,0,PNQ3
Gorilla,07/25/2026,X00252IDTJ,B07GVXRZZX,HM0745,"Gorilla Clear Glue Minis, Four 3 Gram Tubes, Clear",SELLABLE,8,0,0,0,0,0,0,0,0,0,0,0,8,0,VSHB
Gardena,07/25/2026,X00252J79T,B019WCGFXC,LG0979,GARDENA 5311-20 Sprayer Filter Nipple in Silve/Blue/Black,SELLABLE,1,0,0,0,0,0,0,0,0,0,0,0,1,0,AMD2
Gardena,07/25/2026,X00252J79T,B019WCGFXC,LG0979,GARDENA 5311-20 Sprayer Filter Nipple in Silve/Blue/Black,SELLABLE,9,0,0,0,0,0,0,0,0,0,0,0,9,0,BOM5
Gardena,07/25/2026,X00252J79T,B019WCGFXC,LG0979,GARDENA 5311-20 Sprayer Filter Nipple in Silve/Blue/Black,SELLABLE,7,0,0,0,0,0,0,0,0,0,0,0,7,0,LKO1
Gardena,07/25/2026,X00252J79T,B019WCGFXC,LG0979,GARDENA 5311-20 Sprayer Filter Nipple in Silve/Blue/Black,SELLABLE,10,0,0,0,0,0,0,0,0,0,0,0,10,0,PNQ3
Gardena,07/25/2026,X00252J79T,B019WCGFXC,LG0979,GARDENA 5311-20 Sprayer Filter Nipple in Silve/Blue/Black,SELLABLE,5,0,0,0,0,0,0,0,0,0,0,0,5,0,VSHB
Gardena,07/25/2026,X00252J7A3,B018E0KWEQ,LG0932,GARDENA 1328-20 Pipe Pegs LG0932 – Reliable Ground Fixing for Supply Pipes,SELLABLE,1,0,0,0,0,0,0,0,0,0,0,0,1,0,MAA4
Gardena,07/25/2026,X00252J7A3,B018E0KWEQ,LG0932,GARDENA 1328-20 Pipe Pegs LG0932 – Reliable Ground Fixing for Supply Pipes,SELLABLE,10,0,0,0,0,0,0,0,0,0,0,0,10,0,VSHB
BKR,07/25/2026,X00252J7AD,B0DCG8JJ2J,LG0568,BKR® Heavy Duty Power Tiller - 2 Stroke 68 CC 3.5 HP Engine for Efficient Soil Cultivation | Simple Control & Fuel efficient Operation | 6 Months Manufacture Warranty,SELLABLE,7,0,0,0,0,0,0,0,0,0,0,0,7,0,VSHB
BKR,07/25/2026,X00252J7AN,B07ZJ4ZCQV,LG0546,BKR® Heavy-Duty Thermal Fogging Machine with Self Start | 15L Pesticide Tank | 12V Rechargeable Battery | 2L Fuel Tank | 80–120 L/h Spray Rate | Lead-Free Gasoline | 6 months manufacturer warranty,SELLABLE,1,0,0,0,0,0,0,0,0,0,0,0,1,0,KWZ2
BKR,07/25/2026,X00252J7BH,B07ZM2SKHB,LG0566,"BKR ® Simplify Farming Garden Mini Hand Push Tiller/Cultivator 52cc with 2 Stroke and 2.4 HP Power, Maximum Power of 1.45kw at 7000 RPM",SELLABLE,17,0,0,0,0,0,0,0,0,0,0,0,17,0,VSHB
BKR,07/25/2026,X00252J7BR,B0CW3FMLK6,LG0573,"BKR® BC-1400 1400W Electric Brush Cutter with Bike Handle, 380mm Cutting Width, Heavy-Duty Copper Winding Motor, 1ft Wire Length, 6-Month Manufacturer Warranty",SELLABLE,3,0,0,0,0,0,0,0,0,0,0,0,3,0,VSHB
BKR,07/25/2026,X00255BKRD,B0DJ14HWN6,LG1071,"BKR Easy 350 Cylindrical Lawn Mower | 14-Inch Cutting Width, 6 Heavy-Duty Blades, Adjustable Height (12-45mm) & 40L Grass Collector | Ideal for Gardens up to 200 Sqm",SELLABLE,1,0,0,0,0,0,0,0,0,0,0,0,1,0,VSHB
BKR,07/25/2026,X002583M0X,B08RWVRM58,HM0634,"BKR Round Firepit with Skewers for Barbecuing Outdoor 58 x 58 x 33 cm, 18.5kg Weight Without Wheel High- Temperature Powder Coated and Rust Free Material with 5years Warranty",SELLABLE,2,0,0,0,0,0,0,0,0,0,0,0,2,0,KWZ2
BKR,07/25/2026,X002583M17,B08RWT168B,HM0637,"BKR® Round Firepit with Skewers for Barbecuing Outdoor 58 x 58 x 33 cm, 18kg Weight with Wheel | High-Temperature Coating Rust-Resistant Metal with 5 Years Warranty",SELLABLE,2,0,0,0,0,0,0,0,0,0,0,0,2,0,KWZ2
BKR,07/25/2026,X0025FLJPL,B0DJ51Q4WF,CA0159,"BKR® Premium 10-Liter Metal Jerry Can | Heavy-Duty Fuel Storage Container for Generators, Jeeps & Vehicles | Leak-Proof Design with Secure Closure | 2.7 kg | Colour May Vary",SELLABLE,1,0,0,0,0,0,0,0,0,0,0,0,1,0,VSHB
Gardena,07/25/2026,X0025NK4NL,B018E0KWDW,LG0767,"Gardena 8868-20 Electric Telescopic Pruner LG0767 - Powerful, Reachable Cuts",SELLABLE,1,0,0,0,0,0,0,0,0,0,0,0,1,0,VSHB
Gardena,07/25/2026,X0025NLUX9,B018E0L0VK,LG0766,"Gardena 8883-20 Electric Hedge Trimmer LG0766 - Efficient, Telescopic Trimming",SELLABLE,1,0,0,0,0,0,0,0,0,0,0,0,1,0,VSHB
Gardena,07/25/2026,X0025NLYKN,B0001E3WDM,LG0796,"Gardena 3715-20, 59"" Aluminum Handle LG0796 - Sturdy Tool Extension",SELLABLE,5,0,0,0,0,0,0,0,0,0,0,0,5,0,VSHB
Gardena,07/25/2026,X0025NM0D3,B0001E3WEQ,LG1059,"Gardena 3728-20, 180cm Ashwood Handle LG1059 - Premium, Low-Vibration Grip",SELLABLE,1,0,0,0,0,0,0,0,0,0,0,0,1,0,VSHB
Gardena,07/25/2026,X0025NN4RJ,B00WCDGQ1U,LG1060,"Gardena 3721-20 Telescopic Handle LG1060 - Adjustable Length, Easy Reach",SELLABLE,5,0,0,0,0,0,0,0,0,0,0,0,5,0,VSHB
Gardena,07/25/2026,X0025NN6RR,B00FXYD99C,LG1055,"GARDENA combisystem Extension Handle 8900-20 for Hand Tools, Ergonomic and Durable",SELLABLE,2,0,0,0,0,0,0,0,0,0,0,0,2,0,KWZ2
Gardena,07/25/2026,X0025NNGSL,B0001E3WEG,LG0795,"Gardena 3725-20, 150cm Wooden Handle LG0795 - Classic, Durable Design",SELLABLE,5,0,0,0,0,0,0,0,0,0,0,0,5,0,VSHB
BKR,07/25/2026,X0025QPSCF,B0DKBY4TMT,LG1076,"BKR® KB-200 Mini Fogger | Diesel Fogger Machine for Pest Control, 2.8L chemical tank with 0.5L/h fuel consumption – Ideal for Domestic & Commercial Use comes with 6 months manufacturing warranty",SELLABLE,2,0,0,0,0,0,0,0,0,0,0,0,2,0,PNQ3
Gardena,07/25/2026,X0026LN1WN,B0BNLKWCN4,LG1084,"Gardena 14633-20 Lawnmower LG1084-1200W, 32cm Cut, Adjustable Height, Easy Maneuver",SELLABLE,5,0,0,0,0,0,0,0,0,0,0,0,5,0,VSHB
Gardena,07/25/2026,X0026OXPML,B0BNLLZ8GK,LG1101,"Gardena 13203-20 Connector LG1101-13mm, Micro-Drip, Pipe Extension, Anthracite",SELLABLE,1,0,0,0,0,0,0,0,0,0,0,0,1,0,CJB1
Gardena,07/25/2026,X0026OXPML,B0BNLLZ8GK,LG1101,"Gardena 13203-20 Connector LG1101-13mm, Micro-Drip, Pipe Extension, Anthracite",SELLABLE,1,0,0,0,0,0,0,0,0,0,0,0,1,0,MAA4
Gardena,07/25/2026,X0026OXPML,B0BNLLZ8GK,LG1101,"Gardena 13203-20 Connector LG1101-13mm, Micro-Drip, Pipe Extension, Anthracite",SELLABLE,9,0,0,0,0,0,0,0,0,0,0,0,9,0,VSHB
Gardena,07/25/2026,X0026OXPMV,B0001E3U2U,LG1098,"Gardena 3-Way Y Coupling 2934-20 | Durable Garden Hose Connector - Fits 19mm (3/4"") & 13mm (1/2"") Hoses | Frost/UV Resistant German-Made Irrigation Tool",SELLABLE,9,0,0,0,0,0,0,0,0,0,0,0,9,0,BOM5
Gardena,07/25/2026,X0026OXPMV,B0001E3U2U,LG1098,"Gardena 3-Way Y Coupling 2934-20 | Durable Garden Hose Connector - Fits 19mm (3/4"") & 13mm (1/2"") Hoses | Frost/UV Resistant German-Made Irrigation Tool",SELLABLE,5,0,0,0,0,0,0,0,0,0,0,0,5,0,VSHB
Gardena,07/25/2026,X0026OXPN5,B09J925R8Y,LG1095,"Gardena 13208-20 Pipe Clip LG1095-10pcs, Secures 13mm Pipes, Efficient Irrigation",SELLABLE,1,0,0,0,0,0,0,0,0,0,0,0,1,0,BOM5
Gardena,07/25/2026,X0026OXPN5,B09J925R8Y,LG1095,"Gardena 13208-20 Pipe Clip LG1095-10pcs, Secures 13mm Pipes, Efficient Irrigation",SELLABLE,1,0,0,0,0,0,0,0,0,0,0,0,1,0,MAA4
Gardena,07/25/2026,X0026OXPN5,B09J925R8Y,LG1095,"Gardena 13208-20 Pipe Clip LG1095-10pcs, Secures 13mm Pipes, Efficient Irrigation",SELLABLE,5,0,0,0,0,0,0,0,0,0,0,0,5,0,VSHB
Gardena,07/25/2026,X0026OXRQZ,B0CNPXHRB4,LG1078,"Gardena 18828-20 CleanSystem Wash Set LG1078 - Hard Bristle Brush, Effective Cleaning",SELLABLE,2,0,0,0,0,0,0,0,0,0,0,0,2,0,VSHB
Gardena,07/25/2026,X0026OXRR9,B018E0L0PG,LG1091,"Gardena 9805-20 Turbotrimmer LG1091-300W, 230mm Cutting Width, Lightweight",SELLABLE,1,0,0,0,0,0,0,0,0,0,0,0,1,0,BLR8
Gardena,07/25/2026,X0026OXRR9,B018E0L0PG,LG1091,"Gardena 9805-20 Turbotrimmer LG1091-300W, 230mm Cutting Width, Lightweight",SELLABLE,1,0,0,0,0,0,0,0,0,0,0,0,1,0,HYD3
Gardena,07/25/2026,X0026OXRR9,B018E0L0PG,LG1091,"Gardena 9805-20 Turbotrimmer LG1091-300W, 230mm Cutting Width, Lightweight",SELLABLE,10,0,0,0,0,0,0,0,0,0,0,0,10,0,VSHB
Gardena,07/25/2026,X0026OXRRJ,B000NUTNOG,LG1102,Gardena 4647-20 U-Spiral Hose Set LG1102-10m Auto-Coil Hose with Nozzle,SELLABLE,1,0,0,0,0,0,0,0,0,0,0,0,1,0,AMD2
Gardena,07/25/2026,X0026OXRRJ,B000NUTNOG,LG1102,Gardena 4647-20 U-Spiral Hose Set LG1102-10m Auto-Coil Hose with Nozzle,SELLABLE,1,0,0,0,0,0,0,0,0,0,0,0,1,0,BLR8
Gardena,07/25/2026,X0026OXRRJ,B000NUTNOG,LG1102,Gardena 4647-20 U-Spiral Hose Set LG1102-10m Auto-Coil Hose with Nozzle,SELLABLE,1,0,0,0,0,0,0,0,0,0,0,0,1,0,CJB1
Gardena,07/25/2026,X0026OXRRJ,B000NUTNOG,LG1102,Gardena 4647-20 U-Spiral Hose Set LG1102-10m Auto-Coil Hose with Nozzle,SELLABLE,4,0,0,0,0,0,0,0,0,0,0,0,4,0,VSHB
Gardena,07/25/2026,X0026OYWMX,B0CNKM5TNG,LG1082,"Gardena 11715-20 Garden Waste Bag LG1082-127L, Pop-Up, Eco-Friendly, Durable",SELLABLE,1,0,0,0,0,0,0,0,0,0,0,0,1,0,CCX2
Gardena,07/25/2026,X0026OYWMX,B0CNKM5TNG,LG1082,"Gardena 11715-20 Garden Waste Bag LG1082-127L, Pop-Up, Eco-Friendly, Durable",SELLABLE,1,0,0,0,0,0,0,0,0,0,0,0,1,0,HYD3
Gardena,07/25/2026,X0026OYWMX,B0CNKM5TNG,LG1082,"Gardena 11715-20 Garden Waste Bag LG1082-127L, Pop-Up, Eco-Friendly, Durable",SELLABLE,1,0,0,0,0,0,0,0,0,0,0,0,1,0,PNQ3
Gardena,07/25/2026,X0026OYWMX,B0CNKM5TNG,LG1082,"Gardena 11715-20 Garden Waste Bag LG1082-127L, Pop-Up, Eco-Friendly, Durable",SELLABLE,5,0,0,0,0,0,0,0,0,0,0,0,5,0,VSHB
Gardena,07/25/2026,X0026OYWN7,B001J5P9JM,LG1097,"Gardena 8141-20 Comfort Pulse Sprinkler LG1097 - Covers 75-490m, Adjustable Range up to 12.5m",SELLABLE,2,0,0,0,0,0,0,0,0,0,0,0,2,0,CJB1
Gardena,07/25/2026,X0026OYWN7,B001J5P9JM,LG1097,"Gardena 8141-20 Comfort Pulse Sprinkler LG1097 - Covers 75-490m, Adjustable Range up to 12.5m",SELLABLE,15,0,0,0,0,0,0,0,0,0,0,0,15,0,VSHB
Gardena,07/25/2026,X0026P305H,B076XRYZ7C,LG1085,"Gardena 5042-20 Powermax 1800W Electric Lawn Mower LG1085-42cm Cut, 45L Grass Box, Large Lawns",SELLABLE,3,0,0,0,0,0,0,0,0,0,0,0,3,0,VSHB
Gardena,07/25/2026,X0026P5P2D,B0001E3T1C,LG1100,Gardena (1731-20) Pump Pre-Filter | 3000 l/h Water Flow Capacity | Durable Sand & Dirt Filtration for Garden Pumps & Domestic Water Systems,SELLABLE,1,0,0,0,0,0,0,0,0,0,0,0,1,0,VSHB
Gardena,07/25/2026,X0026P5P2N,B006MWDJS0,LG1090,"Gardena 9332-20 ErgoJet 3000 LG1090-3000W, 170 L/s Suction, 310 km/h Blow Speed",SELLABLE,1,0,0,0,0,0,0,0,0,0,0,0,1,0,BLR8
Gardena,07/25/2026,X0026P5P2N,B006MWDJS0,LG1090,"Gardena 9332-20 ErgoJet 3000 LG1090-3000W, 170 L/s Suction, 310 km/h Blow Speed",SELLABLE,1,0,0,0,0,0,0,0,0,0,0,0,1,0,HYD3
Gardena,07/25/2026,X0026P5P2N,B006MWDJS0,LG1090,"Gardena 9332-20 ErgoJet 3000 LG1090-3000W, 170 L/s Suction, 310 km/h Blow Speed",SELLABLE,3,0,0,0,0,0,0,0,0,0,0,0,3,0,VSHB
Gardena,07/25/2026,X0026P5RY9,B004X5X7PS,LG1099,"Gardena 2931-20 Hose Coupling LG1099 - Secure Connection, 13mm (1/2"")",SELLABLE,2,0,0,0,0,0,0,0,0,0,0,0,2,0,KWZ2
Gardena,07/25/2026,X0026P5RYJ,B01M9JSEI9,LG1096,"Gardena 12001-20 Telescopic Lopper LG1096-6.5m Reach, 200° Cutting Angle",SELLABLE,5,0,0,0,0,0,0,0,0,0,0,0,5,0,VSHB
Gardena,07/25/2026,X0026P5W7B,B08KGMS5XR,LG1083,Gardena 3608-20 Combisystem 3-in-1 Patio Weeding & Cleaning Brush Tool | Chemical-Free Weed Removal,SELLABLE,2,0,0,0,0,0,0,0,0,0,0,0,2,0,AMD2
Gardena,07/25/2026,X0026P5W7B,B08KGMS5XR,LG1083,Gardena 3608-20 Combisystem 3-in-1 Patio Weeding & Cleaning Brush Tool | Chemical-Free Weed Removal,SELLABLE,2,0,0,0,0,0,0,0,0,0,0,0,2,0,BLR8
Gardena,07/25/2026,X0026P5W7B,B08KGMS5XR,LG1083,Gardena 3608-20 Combisystem 3-in-1 Patio Weeding & Cleaning Brush Tool | Chemical-Free Weed Removal,SELLABLE,1,0,0,0,0,0,0,0,0,0,0,0,1,0,CCX2
Gardena,07/25/2026,X0026P5W7B,B08KGMS5XR,LG1083,Gardena 3608-20 Combisystem 3-in-1 Patio Weeding & Cleaning Brush Tool | Chemical-Free Weed Removal,SELLABLE,2,0,0,0,0,0,0,0,0,0,0,0,2,0,CJB1
Gardena,07/25/2026,X0026P5W7B,B08KGMS5XR,LG1083,Gardena 3608-20 Combisystem 3-in-1 Patio Weeding & Cleaning Brush Tool | Chemical-Free Weed Removal,SELLABLE,2,0,0,0,0,0,0,0,0,0,0,0,2,0,HYD3
Gardena,07/25/2026,X0026P5W7B,B08KGMS5XR,LG1083,Gardena 3608-20 Combisystem 3-in-1 Patio Weeding & Cleaning Brush Tool | Chemical-Free Weed Removal,SELLABLE,2,0,0,0,0,0,0,0,0,0,0,0,2,0,PNQ3
Gardena,07/25/2026,X0026P5W7B,B08KGMS5XR,LG1083,Gardena 3608-20 Combisystem 3-in-1 Patio Weeding & Cleaning Brush Tool | Chemical-Free Weed Removal,SELLABLE,10,0,0,0,0,0,0,0,0,0,0,0,10,0,VSHB
Gardena,07/25/2026,X0026P69XR,B0CNPX6THQ,LG1081,"Gardena 18812-20 CleanSystem Handle Brush LG1081 - Soft Bristles, Swivelling Head, Gentle Cleaning",SELLABLE,1,0,0,0,0,0,0,0,0,0,0,0,1,0,VSHB
Gardena,07/25/2026,X0026P69XR,B0CNPX6THQ,LG1081,"Gardena 18812-20 CleanSystem Handle Brush LG1081 - Soft Bristles, Swivelling Head, Gentle Cleaning",WAREHOUSE_DAMAGED,1,0,0,0,0,0,0,0,0,0,0,0,1,0,CJB1
Gardena,07/25/2026,X002763Z0P,B0013HS0WE,LG1093,"Gardena 2999-20 Elbow Joint LG1093-1"" x 3/4"", Angled Tap Connector, Anti-Kink",SELLABLE,1,0,0,0,0,0,0,0,0,0,0,0,1,0,BLR8
Gardena,07/25/2026,X002763Z0P,B0013HS0WE,LG1093,"Gardena 2999-20 Elbow Joint LG1093-1"" x 3/4"", Angled Tap Connector, Anti-Kink",SELLABLE,1,0,0,0,0,0,0,0,0,0,0,0,1,0,CCX2
Gardena,07/25/2026,X002763Z0P,B0013HS0WE,LG1093,"Gardena 2999-20 Elbow Joint LG1093-1"" x 3/4"", Angled Tap Connector, Anti-Kink",SELLABLE,1,0,0,0,0,0,0,0,0,0,0,0,1,0,CJB1
Gardena,07/25/2026,X002763Z0P,B0013HS0WE,LG1093,"Gardena 2999-20 Elbow Joint LG1093-1"" x 3/4"", Angled Tap Connector, Anti-Kink",SELLABLE,2,0,0,0,0,0,0,0,0,0,0,0,2,0,HYD3
Gardena,07/25/2026,X002763Z0P,B0013HS0WE,LG1093,"Gardena 2999-20 Elbow Joint LG1093-1"" x 3/4"", Angled Tap Connector, Anti-Kink",SELLABLE,1,0,0,0,0,0,0,0,0,0,0,0,1,0,IDX2
Gardena,07/25/2026,X002763Z0P,B0013HS0WE,LG1093,"Gardena 2999-20 Elbow Joint LG1093-1"" x 3/4"", Angled Tap Connector, Anti-Kink",SELLABLE,1,0,0,0,0,0,0,0,0,0,0,0,1,0,LKO1
Gardena,07/25/2026,X002763Z0P,B0013HS0WE,LG1093,"Gardena 2999-20 Elbow Joint LG1093-1"" x 3/4"", Angled Tap Connector, Anti-Kink",SELLABLE,1,0,0,0,0,0,0,0,0,0,0,0,1,0,PNQ3
Gardena,07/25/2026,X002763Z0P,B0013HS0WE,LG1093,"Gardena 2999-20 Elbow Joint LG1093-1"" x 3/4"", Angled Tap Connector, Anti-Kink",SELLABLE,10,0,0,0,0,0,0,0,0,0,0,0,10,0,VSHB
BKR,07/25/2026,X0027CXBWL,B0DRK5PG3X,LG0810 2,"BKR® Heavy Duty Cylindrical Manual Lawn Mower, 12-Inch Cutting Width, Eco-Friendly Cylindrical Side Wheel Design – Durable Cast Iron Frame",SELLABLE,100,0,0,0,0,0,0,0,0,0,0,0,100,0,VSHB
BKR,07/25/2026,X00286CPZP,B0BRKZVMSK,LG0810x1,"BKR® Heavy Duty Manual Lawn Mower with Side Wheel, 12-Inch Blade, Adjustable Cutting Height (5-30mm), Mowing Area 400 Sq. Ft, 15L Grass Collection Box, 6-Month Manufacturer Warranty",SELLABLE,2,0,0,0,0,0,0,0,0,0,0,0,2,0,VSHB
Gardena,07/25/2026,X0028R52W7,B076WT9JC9,LG1114,"Gardena Escoba de exteriores combisystem Estándar, 33x25.5x2.5 cm",SELLABLE,2,0,0,0,0,0,0,0,0,0,0,0,2,0,VSHB
Gardena,07/25/2026,X0028R52WH,B01MQDF1A8,LG1122,GARDENA 08919-20 Hand Rake LG1122 for Loosening & Levelling in Beds,SELLABLE,5,0,0,0,0,0,0,0,0,0,0,0,5,0,VSHB
Gardena,07/25/2026,X0028R52WR,B08KGGXBP3,LG1112,"Gardena Device Glove Size 8/M: Gloves for All Working with Devices, Optimal Grip, Shock-Absorbing Pads, Mesh Fabric, Mobile Touch for Smartphone Use (11520-20) M (Pack of 1)",SELLABLE,1,0,0,0,0,0,0,0,0,0,0,0,1,0,BLR8
Gardena,07/25/2026,X0028R52WR,B08KGGXBP3,LG1112,"Gardena Device Glove Size 8/M: Gloves for All Working with Devices, Optimal Grip, Shock-Absorbing Pads, Mesh Fabric, Mobile Touch for Smartphone Use (11520-20) M (Pack of 1)",SELLABLE,3,0,0,0,0,0,0,0,0,0,0,0,3,0,VSHB
Gardena,07/25/2026,X0028R86ON,B076X8ZH89,LG1115,"Gardena 03651-20 Combisystem Gutter Cleaner LG1115 - Safe, Efficient Cleaning",SELLABLE,1,0,0,0,0,0,0,0,0,0,0,0,1,0,VSHB
Gardena,07/25/2026,X0028R91J7,B09J91LSGL,LG1107,Gardena 8262-20 Connecting Point LG1107 - Easy Connection System,SELLABLE,10,0,0,0,0,0,0,0,0,0,0,0,10,0,VSHB
Gardena,07/25/2026,X0028R91JH,B07YSTLS8P,LG1108,GARDENA 08223-20 Pop-Up Sprinkler OS 140 LG1108 for Lawns 140m² Area,SELLABLE,1,0,0,0,0,0,0,0,0,0,0,0,1,0,BLR8
Gardena,07/25/2026,X0028R91JH,B07YSTLS8P,LG1108,GARDENA 08223-20 Pop-Up Sprinkler OS 140 LG1108 for Lawns 140m² Area,SELLABLE,2,0,0,0,0,0,0,0,0,0,0,0,2,0,VSHB
Gardena,07/25/2026,X0028R9F3T,B000OY4PVC,LG1125,"GARDENA 2762-U Connector 25mm x 1"" - Sprinkler System Pro",SELLABLE,5,0,0,0,0,0,0,0,0,0,0,0,5,0,VSHB
Gardena,07/25/2026,X0028R9G5L,B08KGNYKZR,LG1109,"GARDENA 11112-20 Misting Spray, 360° Function That Can Be Sprayed Angled Even When Sprayed, Brass Nozzle, Switchable Spray Type, German Gardening Brand, Gardening Gardening",SELLABLE,2,0,0,0,0,0,0,0,0,0,0,0,2,0,BLR8
Gardena,07/25/2026,X0028R9G5L,B08KGNYKZR,LG1109,"GARDENA 11112-20 Misting Spray, 360° Function That Can Be Sprayed Angled Even When Sprayed, Brass Nozzle, Switchable Spray Type, German Gardening Brand, Gardening Gardening",SELLABLE,2,0,0,0,0,0,0,0,0,0,0,0,2,0,CCX2
Gardena,07/25/2026,X0028R9G5L,B08KGNYKZR,LG1109,"GARDENA 11112-20 Misting Spray, 360° Function That Can Be Sprayed Angled Even When Sprayed, Brass Nozzle, Switchable Spray Type, German Gardening Brand, Gardening Gardening",SELLABLE,4,0,0,0,0,0,0,0,0,0,0,0,4,0,HYD3
Gardena,07/25/2026,X0028R9G5L,B08KGNYKZR,LG1109,"GARDENA 11112-20 Misting Spray, 360° Function That Can Be Sprayed Angled Even When Sprayed, Brass Nozzle, Switchable Spray Type, German Gardening Brand, Gardening Gardening",SELLABLE,2,0,0,0,0,0,0,0,0,0,0,0,2,0,MAA4
Gardena,07/25/2026,X0028R9G5L,B08KGNYKZR,LG1109,"GARDENA 11112-20 Misting Spray, 360° Function That Can Be Sprayed Angled Even When Sprayed, Brass Nozzle, Switchable Spray Type, German Gardening Brand, Gardening Gardening",SELLABLE,4,0,0,0,0,0,0,0,0,0,0,0,4,0,PNQ3
Gardena,07/25/2026,X0028R9G5L,B08KGNYKZR,LG1109,"GARDENA 11112-20 Misting Spray, 360° Function That Can Be Sprayed Angled Even When Sprayed, Brass Nozzle, Switchable Spray Type, German Gardening Brand, Gardening Gardening",SELLABLE,18,0,0,0,0,0,0,0,0,0,0,0,18,0,VSHB
Gardena,07/25/2026,X0028UYUP9,B0BNLNFMMV,LG1120,"Gardena 13202-20, L-Joint LG1120-13mm (1/2""), Durable Connection",SELLABLE,1,0,0,0,0,0,0,0,0,0,0,0,1,0,BLR8
Gardena,07/25/2026,X0028UYUP9,B0BNLNFMMV,LG1120,"Gardena 13202-20, L-Joint LG1120-13mm (1/2""), Durable Connection",SELLABLE,4,0,0,0,0,0,0,0,0,0,0,0,4,0,VSHB
Gardena,07/25/2026,X0028UZ76Z,B0DY7ZX5KL,LG1130,Gardena 1490-20 Electric Drill Pump LG1130 - Transfer Water & Oil with Ease,SELLABLE,2,0,0,0,0,0,0,0,0,0,0,0,2,0,AMD2
Gardena,07/25/2026,X0028UZ76Z,B0DY7ZX5KL,LG1130,Gardena 1490-20 Electric Drill Pump LG1130 - Transfer Water & Oil with Ease,SELLABLE,4,0,0,0,0,0,0,0,0,0,0,0,4,0,BLR7
Gardena,07/25/2026,X0028UZ76Z,B0DY7ZX5KL,LG1130,Gardena 1490-20 Electric Drill Pump LG1130 - Transfer Water & Oil with Ease,SELLABLE,2,0,0,0,0,0,0,0,0,0,0,0,2,0,CCX2
Gardena,07/25/2026,X0028UZ76Z,B0DY7ZX5KL,LG1130,Gardena 1490-20 Electric Drill Pump LG1130 - Transfer Water & Oil with Ease,SELLABLE,2,0,0,0,0,0,0,0,0,0,0,0,2,0,HYD3
Gardena,07/25/2026,X0028UZ76Z,B0DY7ZX5KL,LG1130,Gardena 1490-20 Electric Drill Pump LG1130 - Transfer Water & Oil with Ease,SELLABLE,2,0,0,0,0,0,0,0,0,0,0,0,2,0,IDX2
Gardena,07/25/2026,X0028UZ76Z,B0DY7ZX5KL,LG1130,Gardena 1490-20 Electric Drill Pump LG1130 - Transfer Water & Oil with Ease,SELLABLE,2,0,0,0,0,0,0,0,0,0,0,0,2,0,LKO1
Gardena,07/25/2026,X0028UZ76Z,B0DY7ZX5KL,LG1130,Gardena 1490-20 Electric Drill Pump LG1130 - Transfer Water & Oil with Ease,SELLABLE,2,0,0,0,0,0,0,0,0,0,0,0,2,0,PNQ3
Gardena,07/25/2026,X0028UZ76Z,B0DY7ZX5KL,LG1130,Gardena 1490-20 Electric Drill Pump LG1130 - Transfer Water & Oil with Ease,SELLABLE,50,0,0,0,0,0,0,0,0,0,0,0,50,0,VSHB
Gardena,07/25/2026,X0028UZ96D,B0CNKM1PSP,LG1129,GARDENA Gripper 4-in-1,SELLABLE,5,0,0,0,0,0,0,0,0,0,0,0,5,0,VSHB
Gardena,07/25/2026,X0028UZ96N,B0BNLQ3BY2,LG1123,"GARDENA 08243-20 Pop-up Sprinkler SD80 360°, 80 sq m, Adjustable Range",SELLABLE,55,0,0,0,0,0,0,0,0,0,0,0,55,0,VSHB
Gardena,07/25/2026,X0028V0VAB,B0BNLNHYBR,LG1118,"Gardena 13324-20, 6-in-1 Nozzle LG1118 - Versatile Watering Options",SELLABLE,6,0,0,0,0,0,0,0,0,0,0,0,6,0,BLR8
Gardena,07/25/2026,X0028V0VAB,B0BNLNHYBR,LG1118,"Gardena 13324-20, 6-in-1 Nozzle LG1118 - Versatile Watering Options",SELLABLE,11,0,0,0,0,0,0,0,0,0,0,0,11,0,CJB1
Gardena,07/25/2026,X0028V0VAB,B0BNLNHYBR,LG1118,"Gardena 13324-20, 6-in-1 Nozzle LG1118 - Versatile Watering Options",SELLABLE,4,0,0,0,0,0,0,0,0,0,0,0,4,0,HYD3
Gardena,07/25/2026,X0028V0VAB,B0BNLNHYBR,LG1118,"Gardena 13324-20, 6-in-1 Nozzle LG1118 - Versatile Watering Options",SELLABLE,2,0,0,0,0,0,0,0,0,0,0,0,2,0,VSHB
Gardena,07/25/2026,X0028V0XMR,B0CNPXS86R,LG11127,Gardena Cleansystem Handle Flex,SELLABLE,3,0,0,0,0,0,0,0,0,0,0,0,3,0,VSHB
Gardena,07/25/2026,X0028V12BN,B0BNLLR9NQ,LG1119,"Gardena 13222-20 Tap Fitting LG1119-13mm/1/2"", Easy Connection",SELLABLE,1,0,0,0,0,0,0,0,0,0,0,0,1,0,BLR8
Gardena,07/25/2026,X0028V12BN,B0BNLLR9NQ,LG1119,"Gardena 13222-20 Tap Fitting LG1119-13mm/1/2"", Easy Connection",SELLABLE,13,0,0,0,0,0,0,0,0,0,0,0,13,0,VSHB
Gardena,07/25/2026,X0028V6H3L,B0BNLL8Q76,LG1128,"Gardena T-Joint for Spray Nozzles - Connector - 13206-20 - Quick & Easy Connection with Audible Feedback, Reusable & Eco-Friendly Design",SELLABLE,1,0,0,0,0,0,0,0,0,0,0,0,1,0,BLR8
Gardena,07/25/2026,X0028V6H3L,B0BNLL8Q76,LG1128,"Gardena T-Joint for Spray Nozzles - Connector - 13206-20 - Quick & Easy Connection with Audible Feedback, Reusable & Eco-Friendly Design",SELLABLE,8,0,0,0,0,0,0,0,0,0,0,0,8,0,VSHB
BKR,07/25/2026,X0028Y2HGT,B0DYV77WQZ,LG0637-1,"BKR® HTE-600 550W Power, Electric Hedge Trimmer with 20-Inch (51cm) Blade, Corded Design for Precision Cutting, Ergonomic Handle",SELLABLE,1,0,0,0,0,0,0,0,0,0,0,0,1,0,VSHB
Gardena,07/25/2026,X00292Z18V,B0BNLLLZC3,LG1131,"Gardena 08241-20 Pop-Up Sprinkler LG1131 - SD30, Adjustable Spray, 30m Coverage",SELLABLE,7,0,0,0,0,0,0,0,0,0,0,0,7,0,AMD2
Gardena,07/25/2026,X00292Z18V,B0BNLLLZC3,LG1131,"Gardena 08241-20 Pop-Up Sprinkler LG1131 - SD30, Adjustable Spray, 30m Coverage",SELLABLE,12,0,0,0,0,-3,0,0,0,0,0,0,9,0,BLR8
Gardena,07/25/2026,X00292Z18V,B0BNLLLZC3,LG1131,"Gardena 08241-20 Pop-Up Sprinkler LG1131 - SD30, Adjustable Spray, 30m Coverage",SELLABLE,6,0,0,0,0,0,0,0,0,0,0,0,6,0,CCX2
Gardena,07/25/2026,X00292Z18V,B0BNLLLZC3,LG1131,"Gardena 08241-20 Pop-Up Sprinkler LG1131 - SD30, Adjustable Spray, 30m Coverage",SELLABLE,2,0,0,0,0,0,0,0,0,0,0,0,2,0,CJB1
Gardena,07/25/2026,X00292Z18V,B0BNLLLZC3,LG1131,"Gardena 08241-20 Pop-Up Sprinkler LG1131 - SD30, Adjustable Spray, 30m Coverage",SELLABLE,5,0,0,0,0,0,0,0,0,0,0,0,5,0,HYD3
Gardena,07/25/2026,X00292Z18V,B0BNLLLZC3,LG1131,"Gardena 08241-20 Pop-Up Sprinkler LG1131 - SD30, Adjustable Spray, 30m Coverage",SELLABLE,5,0,0,0,0,0,0,0,0,0,0,0,5,0,IDX2
Gardena,07/25/2026,X00292Z18V,B0BNLLLZC3,LG1131,"Gardena 08241-20 Pop-Up Sprinkler LG1131 - SD30, Adjustable Spray, 30m Coverage",SELLABLE,5,0,0,0,0,0,0,0,0,0,0,0,5,0,LKO1
Gardena,07/25/2026,X00292Z18V,B0BNLLLZC3,LG1131,"Gardena 08241-20 Pop-Up Sprinkler LG1131 - SD30, Adjustable Spray, 30m Coverage",SELLABLE,3,0,0,0,0,0,0,0,0,0,0,0,3,0,PNQ3
Gardena,07/25/2026,X00292Z18V,B0BNLLLZC3,LG1131,"Gardena 08241-20 Pop-Up Sprinkler LG1131 - SD30, Adjustable Spray, 30m Coverage",SELLABLE,33,0,0,0,0,0,0,0,0,0,0,0,33,0,VSHB
Gardena,07/25/2026,X00299AMN3,B00B9V1ZLW,LG1113,"Gardena 02998-20 Elbow Joint LG1113-1/2"", Robust Connection",SELLABLE,1,0,0,0,0,0,0,0,0,0,0,0,1,0,CCX2
Gardena,07/25/2026,X00299AMN3,B00B9V1ZLW,LG1113,"Gardena 02998-20 Elbow Joint LG1113-1/2"", Robust Connection",SELLABLE,6,0,0,0,0,0,0,0,0,0,0,0,6,0,VSHB
BKR,07/25/2026,X00299DP19,B0DZXVKLMD,LG1105-1,"BKR Electric 2-in-1 Leaf Blower & Vacuum BKR-BLE-3000 – 3000W High-Power Motor, 270 km/h Airspeed, 10:1 Mulching, Lightweight & Efficient Garden Cleaner with 1 Year Manufacturer Warranty",SELLABLE,5,0,0,0,0,0,0,0,0,0,0,0,5,0,VSHB
BKR,07/25/2026,X0029JP585,B0F13118HK,LG0634-1,"BKR 3-in-1 Leaf Blower, Mulcher & Vacuum",SELLABLE,1,0,0,0,0,0,0,0,0,0,0,0,1,0,VSHB
BKR,07/25/2026,X0029WK9ZB,B08D3PBTWF,LG0712,"BKR Rover 18-Inches, 159CC- 4 Stroke Petrol Lawn Mower with 7 Adjustable Cutting Heights | 45L Grass Tank Comes with 6 Months Manufacture Warranty",SELLABLE,10,0,0,0,0,0,0,0,0,0,0,0,10,0,KWZ2
Gardena,07/25/2026,X002B8GBV9,B0BNLN8WLM,LG1138,"Gardena 12215-20 MultiCut Scissors LG1138 - All-Purpose, Bypass Cut",SELLABLE,10,0,0,0,0,0,0,0,0,0,0,0,10,0,VSHB
Gardena,07/25/2026,X002B8GBVJ,B0BNLP2V3L,LG1145,"Gardena 13305-20 Adj. Endline Dripper, Anthracite, Turquoise",SELLABLE,4,0,0,0,0,0,0,0,0,0,0,0,4,0,AMD2
Gardena,07/25/2026,X002B8GBVJ,B0BNLP2V3L,LG1145,"Gardena 13305-20 Adj. Endline Dripper, Anthracite, Turquoise",SELLABLE,3,0,1,0,0,0,0,0,0,0,0,0,4,0,BLR8
Gardena,07/25/2026,X002B8GBVJ,B0BNLP2V3L,LG1145,"Gardena 13305-20 Adj. Endline Dripper, Anthracite, Turquoise",SELLABLE,4,0,0,0,0,0,0,0,0,0,0,0,4,0,CCX2
Gardena,07/25/2026,X002B8GBVJ,B0BNLP2V3L,LG1145,"Gardena 13305-20 Adj. Endline Dripper, Anthracite, Turquoise",SELLABLE,4,0,0,0,0,0,0,0,0,0,0,0,4,0,CJB1
Gardena,07/25/2026,X002B8GBVJ,B0BNLP2V3L,LG1145,"Gardena 13305-20 Adj. Endline Dripper, Anthracite, Turquoise",SELLABLE,4,0,0,0,0,0,0,0,0,0,0,0,4,0,HYD3
Gardena,07/25/2026,X002B8GBVJ,B0BNLP2V3L,LG1145,"Gardena 13305-20 Adj. Endline Dripper, Anthracite, Turquoise",SELLABLE,4,0,0,0,0,0,0,0,0,0,0,0,4,0,IDX2
Gardena,07/25/2026,X002B8GBVJ,B0BNLP2V3L,LG1145,"Gardena 13305-20 Adj. Endline Dripper, Anthracite, Turquoise",SELLABLE,4,0,0,0,0,0,0,0,0,0,0,0,4,0,LKO1
Gardena,07/25/2026,X002B8GBVJ,B0BNLP2V3L,LG1145,"Gardena 13305-20 Adj. Endline Dripper, Anthracite, Turquoise",SELLABLE,3,0,0,0,0,0,0,0,0,0,0,0,3,0,PNQ3
Gardena,07/25/2026,X002B8GBVJ,B0BNLP2V3L,LG1145,"Gardena 13305-20 Adj. Endline Dripper, Anthracite, Turquoise",SELLABLE,9,0,0,0,0,0,0,0,0,0,0,0,9,0,VSHB
Gardena,07/25/2026,X002B8HI07,B0BNLLDVKV,LG1147,"Gardena 13220-20 Micro-Drip-System Universal Connector 13 mm (1/2 inch): Adapter for Standard Connecting Pipes and Irrigation Lines, Simple Assembly, Reusable",SELLABLE,10,0,0,0,0,0,0,0,0,0,0,0,10,0,VSHB
Gardena,07/25/2026,X002B8HI0H,B0BNLMVGXY,LG1148,"Gardena Plug, 4.6 mm (3/16""), 10-Pack, Micro-Drip Irrigation System Seals, Watertight Pipe Connector",SELLABLE,8,0,0,0,0,0,0,0,0,0,0,0,8,0,VSHB
Gardena,07/25/2026,X002B8HI0R,B0CNPWPPG9,LG1141,"Gardena 18846-20 Cleansystem Hand Brush LG1141 - Effective, Ergonomic Design",SELLABLE,3,0,0,0,0,0,0,0,0,0,0,0,3,0,VSHB
Gardena,07/25/2026,X002B8IUPT,B0DMDYJFW3,LG1137,"Gardena 12242-20 Secateurs LG1137 - PremiumCut Flex, 24mm Cutting Diameter",SELLABLE,5,0,0,0,0,0,0,0,0,0,0,0,5,0,VSHB
Gardena,07/25/2026,X002B8IUQ3,B000NUTO04,LG1132,"Gardena 2780-20, L-Piece LG1132-25mm x 1/2"" Male Thread",SELLABLE,1,0,0,0,0,0,0,0,0,0,0,0,1,0,BLR7
Gardena,07/25/2026,X002B8IUQ3,B000NUTO04,LG1132,"Gardena 2780-20, L-Piece LG1132-25mm x 1/2"" Male Thread",SELLABLE,3,0,0,0,0,0,0,0,0,0,0,0,3,0,BLR8
Gardena,07/25/2026,X002B8IUQ3,B000NUTO04,LG1132,"Gardena 2780-20, L-Piece LG1132-25mm x 1/2"" Male Thread",SELLABLE,4,0,0,0,0,0,0,0,0,0,0,0,4,0,HYD3
Gardena,07/25/2026,X002B8IUQ3,B000NUTO04,LG1132,"Gardena 2780-20, L-Piece LG1132-25mm x 1/2"" Male Thread",SELLABLE,5,0,0,0,0,0,0,0,0,0,0,0,5,0,VSHB
Gardena,07/25/2026,X002B8IYWX,B0CNPZ4K5Z,LG1142,"Gardena 18848-20 Bike Brush LG1142 - Water-Connected Cleaning, Fits All Bikes",SELLABLE,1,0,0,0,0,0,0,0,0,0,0,0,1,0,AMD2
Gardena,07/25/2026,X002B8IYWX,B0CNPZ4K5Z,LG1142,"Gardena 18848-20 Bike Brush LG1142 - Water-Connected Cleaning, Fits All Bikes",SELLABLE,1,0,0,0,0,0,0,0,0,0,0,0,1,0,BLR8
Gardena,07/25/2026,X002B8IYWX,B0CNPZ4K5Z,LG1142,"Gardena 18848-20 Bike Brush LG1142 - Water-Connected Cleaning, Fits All Bikes",SELLABLE,1,0,0,0,0,0,0,0,0,0,0,0,1,0,CCX2
Gardena,07/25/2026,X002B8IYWX,B0CNPZ4K5Z,LG1142,"Gardena 18848-20 Bike Brush LG1142 - Water-Connected Cleaning, Fits All Bikes",SELLABLE,1,0,0,0,0,0,0,0,0,0,0,0,1,0,CJB1
Gardena,07/25/2026,X002B8IYWX,B0CNPZ4K5Z,LG1142,"Gardena 18848-20 Bike Brush LG1142 - Water-Connected Cleaning, Fits All Bikes",SELLABLE,1,0,0,0,0,0,0,0,0,0,0,0,1,0,HYD3
Gardena,07/25/2026,X002B8IYWX,B0CNPZ4K5Z,LG1142,"Gardena 18848-20 Bike Brush LG1142 - Water-Connected Cleaning, Fits All Bikes",SELLABLE,1,0,0,0,0,0,0,0,0,0,0,0,1,0,PNQ3
Gardena,07/25/2026,X002B8KC19,B0035X1RVU,LG1134,"Gardena Angle Piece, 25 mm x 1/2"" Male Thread, Corner Connector for Sprinklersystem, Underground Irrigation Fitting",SELLABLE,1,0,0,0,0,0,0,0,0,0,0,0,1,0,BLR7
Gardena,07/25/2026,X002B8KC19,B0035X1RVU,LG1134,"Gardena Angle Piece, 25 mm x 1/2"" Male Thread, Corner Connector for Sprinklersystem, Underground Irrigation Fitting",SELLABLE,10,0,0,0,0,0,0,0,0,0,0,0,10,0,VSHB
Gardena,07/25/2026,X002B8MMXP,B0DMFC6DSQ,LG1135,"Gardena 18650-20 Undercover Hose Box LG1135-20m Hose, Roll-Up Design",SELLABLE,5,0,0,0,0,0,0,0,0,0,0,0,5,0,VSHB
Gardena,07/25/2026,X002B8MMXZ,B0DMDXTSRG,LG1146,"Gardena 12251-20 Secateurs LG1146 - PremiumCut Pro, 24mm Bypass Cut",SELLABLE,1,0,0,0,0,0,0,0,0,0,0,0,1,0,BLR7
Gardena,07/25/2026,X002B8MMXZ,B0DMDXTSRG,LG1146,"Gardena 12251-20 Secateurs LG1146 - PremiumCut Pro, 24mm Bypass Cut",SELLABLE,1,0,0,0,0,0,0,0,0,0,0,0,1,0,BOM7
Gardena,07/25/2026,X002B8MMXZ,B0DMDXTSRG,LG1146,"Gardena 12251-20 Secateurs LG1146 - PremiumCut Pro, 24mm Bypass Cut",SELLABLE,3,0,0,0,0,0,0,0,0,0,0,0,3,0,MAA4
BKR,07/25/2026,X002D6O0OT,B0FJXSDXCX,LG1012,"BKR® 3.2 HP, 2 Stroke- 58 CC with 7500 RPM Petrol Chainsaw 18 Inch Heavy-Duty Bar | Powerful Wood Cutter Machine MT-CS-5800 | Anti-Vibration Design | Recoil Start",SELLABLE,1,0,0,0,0,0,0,0,0,0,0,0,1,0,VSHB
BKR,07/25/2026,X002DR5Z6Z,B0DFHKVLLF,LG0726 1,"BKR® Heavy Duty 19"" Manual Push Lawn Mower with Honda GXV 160 Honda Engine, 5 HP 4-Stroke, 73L Grass Tank, 30-80mm Cutting Height | Tough Aluminium Deck Comes with 12 Months Manufacture Warranty",SELLABLE,5,0,0,0,0,0,0,0,0,0,0,0,5,0,KWZ2
BKR,07/25/2026,X002DR5Z79,B08N6B93WZ,LG0682,BKR® Earth Auger Post Hole Digger 68cc with 12 Inch Drill Bit,SELLABLE,5,0,0,0,0,0,0,0,0,0,0,0,5,0,KWZ2
BKR,07/25/2026,X002DR6271,B0DCGGJNMY,LG0683,BKR® Earth Auger Post Hole Digger 82cc with 8 Inch Bits LG0683 - Powerful and Versatile for Planting,SELLABLE,1,0,0,0,0,0,0,0,0,0,0,0,1,0,KWZ2
BKR,07/25/2026,X002DR627B,B0DCP5FPPT,WS0523 1,BKR® 25 LTR Portable Air Compressor with 2.5 HP Induction Motor- WS0523,SELLABLE,1,0,0,0,0,0,0,0,0,0,0,0,1,0,KWZ2
BKR,07/25/2026,X002DR627L,B091T7J6X3,LG0574,BKR ® Power Tiller Inter-Cultivator with 4 Stroke 7.0 HP Engine with PTO Shaft BKR-SC-1000 Comes with 6 Months Manufacture Warranty,SELLABLE,5,0,0,0,0,0,0,0,0,0,0,0,5,0,KWZ2
BKR,07/25/2026,X002DR6E83,B0DFCMSYPL,LG0642 1,BKR® Heavy Duty Rotary Lawn Mower 21 Inches with 5 HP Honda GXV 160 Engine – Self-Propelled Petrol Mower | 73L Grass Tank | 30-80mm Cutting Height Comes with 1 Year Manufacture Warranty,SELLABLE,100,0,0,0,0,0,0,0,0,0,0,0,100,0,KWZ2
BKR,07/25/2026,X002DR6GIB,B084G31Q8Y,WS0525,"BKR® Iron Portable Air Compressor with Induction Motor (with Motor, 30 LTR)- WS0525",SELLABLE,1,0,0,0,0,0,0,0,0,0,0,0,1,0,KWZ2
BKR,07/25/2026,X002DR6GIL,B084G3L38Q,WS0526,"BKR® Iron Portable Air Compressor with Induction Motor (with Motor, 100 LTR)- WS0526",SELLABLE,5,0,0,0,0,0,0,0,0,0,0,0,5,0,KWZ2
BKR,07/25/2026,X002DR94CL,B082STVWTF,LG0591,bkr ® Inter-Cultivator with 4 Stroke 7.0 HP Engine SC90-111,SELLABLE,5,0,0,0,0,0,0,0,0,0,0,0,5,0,KWZ2
BKR,07/25/2026,X002DR9A2F,B0FKB9CQKY,LG1153,"BKR Hand Push Petrol Brush Cutter 3in1 | 1.3 Hp Power 35cc, 4 Stroke Petrol Engine with Tiller Attachment, 500ml/hr Fuel Consumption | Weeding Support Comes with 6 Months Manufacture Warranty",SELLABLE,1,0,0,0,0,0,0,0,0,0,0,0,1,0,KWZ2
Gardena,07/25/2026,X002DUDF7D,B076WT5XGD,LG0917,"Gardena 18517-20 CleverRoll M Hose Trolley LG0917 - Easy Set, Compact Design",SELLABLE,2,0,0,0,0,0,0,0,0,0,0,0,2,0,KWZ2
Gardena,07/25/2026,X002DUDHGR,B0001E3VF6,LG0986,Gardena 3067-20 Gripper LG0986 - Handy Tool,SELLABLE,10,0,0,0,0,0,0,0,0,0,0,0,10,0,KWZ2
BKR,07/25/2026,X002DUHRSV,B0CXMBFC5N,LG0530-2,"BKR Hand Push Petrol Brush Cutter 3in1 52cc 2 Stroke Petrol Engine with Tiller Attachment, 500ml/hr Fuel Consumption | Weeding Support Comes with 6 Months Manufacture Warranty",SELLABLE,2,0,0,0,0,0,0,0,0,0,0,0,2,0,VSHB
,07/25/2026,X002DUJOQT,B07SK37RQ6,HM0040,Honda EU30IS Invertor Generator 3KVA,SELLABLE,1,0,0,0,0,0,0,0,0,0,0,0,1,0,KWZ2
BKR,07/25/2026,X002DUJQX5,B0DCNJTC2G,CA0156,"BKR® Heavy-Duty 9mm Snow Tire Chains for Trucks, 335/90R20 - Enhanced Traction & Control, CA0156",SELLABLE,5,0,0,0,0,0,0,0,0,0,0,0,5,0,KWZ2
Gardena,07/25/2026,X002DUL1ZL,B076WVB12F,LG0742,"GARDENA AquaRoll L Easy: Hose Trolley with up to 100 m Capacity, Especially Stable, Convenient, Robust Metal Hose Guide, antidrip Device, toolfree Assembly (1852020)",SELLABLE,1,0,0,0,0,0,0,0,0,0,0,0,1,0,KWZ2
Velcro,07/25/2026,X002EXUJDR,B0000516K4,HM0672,Velcro(R) brand Sticky-Back(R) Squares Black 7/8 Inch,SELLABLE,1,0,0,0,0,0,0,0,0,0,0,0,1,0,CCX2
Velcro,07/25/2026,X002EXUJDR,B0000516K4,HM0672,Velcro(R) brand Sticky-Back(R) Squares Black 7/8 Inch,SELLABLE,1,0,0,0,0,0,0,0,0,0,0,0,1,0,PNQ3
Velcro,07/25/2026,X002EXUJDR,B0000516K4,HM0672,Velcro(R) brand Sticky-Back(R) Squares Black 7/8 Inch,SELLABLE,3,0,0,0,0,0,0,0,0,0,0,0,3,0,VSHB
Velcro,07/25/2026,X002F0CUOP,B001R1LWOY,HM0671,"VELCRO 90070 Brand Sticky Back Fasteners, 5/8"" Diameter, White",SELLABLE,2,0,0,0,0,0,0,0,0,0,0,0,2,0,AMD2
Velcro,07/25/2026,X002F0CUOP,B001R1LWOY,HM0671,"VELCRO 90070 Brand Sticky Back Fasteners, 5/8"" Diameter, White",SELLABLE,2,0,0,0,0,0,0,0,0,0,0,0,2,0,CCX2
Velcro,07/25/2026,X002F0CUOP,B001R1LWOY,HM0671,"VELCRO 90070 Brand Sticky Back Fasteners, 5/8"" Diameter, White",SELLABLE,1,0,0,0,0,0,0,0,0,0,0,0,1,0,CJB1
Velcro,07/25/2026,X002F0CUOP,B001R1LWOY,HM0671,"VELCRO 90070 Brand Sticky Back Fasteners, 5/8"" Diameter, White",SELLABLE,2,0,0,0,0,0,0,0,0,0,0,0,2,0,HYD3
Velcro,07/25/2026,X002F0CUOP,B001R1LWOY,HM0671,"VELCRO 90070 Brand Sticky Back Fasteners, 5/8"" Diameter, White",SELLABLE,2,0,0,0,0,0,0,0,0,0,0,0,2,0,IDX2
Velcro,07/25/2026,X002F0CUOP,B001R1LWOY,HM0671,"VELCRO 90070 Brand Sticky Back Fasteners, 5/8"" Diameter, White",SELLABLE,2,0,0,0,0,0,0,0,0,0,0,0,2,0,LKO1
Velcro,07/25/2026,X002F0CUOP,B001R1LWOY,HM0671,"VELCRO 90070 Brand Sticky Back Fasteners, 5/8"" Diameter, White",SELLABLE,2,0,0,0,0,0,0,0,0,0,0,0,2,0,PNQ3
Velcro,07/25/2026,X002F0CUOP,B001R1LWOY,HM0671,"VELCRO 90070 Brand Sticky Back Fasteners, 5/8"" Diameter, White",SELLABLE,8,0,0,0,0,0,0,0,0,0,0,0,8,0,VSHB
Velcro,07/25/2026,X002F0CZBN,B0B2KBC11X,HM0767,"VELCRO Brand Workbench Foam Mounting Tape with Snap Locking | Garage Organization Indoor or Outdoor | 10ft Total, 5ft Closure, 1/2"" Wide, Black",SELLABLE,1,0,0,0,0,0,0,0,0,0,0,0,1,0,CJB1
Velcro,07/25/2026,X002F0CZBN,B0B2KBC11X,HM0767,"VELCRO Brand Workbench Foam Mounting Tape with Snap Locking | Garage Organization Indoor or Outdoor | 10ft Total, 5ft Closure, 1/2"" Wide, Black",SELLABLE,4,0,0,0,0,0,0,0,0,0,0,0,4,0,PNQ3
Velcro,07/25/2026,X002F0CZBN,B0B2KBC11X,HM0767,"VELCRO Brand Workbench Foam Mounting Tape with Snap Locking | Garage Organization Indoor or Outdoor | 10ft Total, 5ft Closure, 1/2"" Wide, Black",SELLABLE,1,0,0,0,0,0,0,0,0,0,0,0,1,0,VSHB
Velcro,07/25/2026,X002F0CZBX,B00575600W,HM0756,"VELCRO Brand - All Purpose Straps - 36"" x 2"" All Purpose Strap, 2 Ct. - Black",SELLABLE,2,0,0,0,0,0,0,0,0,0,0,0,2,0,AMD2
Velcro,07/25/2026,X002F0CZBX,B00575600W,HM0756,"VELCRO Brand - All Purpose Straps - 36"" x 2"" All Purpose Strap, 2 Ct. - Black",SELLABLE,2,0,0,0,0,0,0,0,0,0,0,0,2,0,BLR8
Velcro,07/25/2026,X002F0CZBX,B00575600W,HM0756,"VELCRO Brand - All Purpose Straps - 36"" x 2"" All Purpose Strap, 2 Ct. - Black",SELLABLE,2,0,0,0,0,0,0,0,0,0,0,0,2,0,CCX2
Velcro,07/25/2026,X002F0CZBX,B00575600W,HM0756,"VELCRO Brand - All Purpose Straps - 36"" x 2"" All Purpose Strap, 2 Ct. - Black",SELLABLE,2,0,0,0,0,0,0,0,0,0,0,0,2,0,CJB1
Velcro,07/25/2026,X002F0CZBX,B00575600W,HM0756,"VELCRO Brand - All Purpose Straps - 36"" x 2"" All Purpose Strap, 2 Ct. - Black",SELLABLE,2,0,0,0,0,0,0,0,0,0,0,0,2,0,HYD3
Velcro,07/25/2026,X002F0CZBX,B00575600W,HM0756,"VELCRO Brand - All Purpose Straps - 36"" x 2"" All Purpose Strap, 2 Ct. - Black",SELLABLE,2,0,0,0,0,0,0,0,0,0,0,0,2,0,IDX2
Velcro,07/25/2026,X002F0CZBX,B00575600W,HM0756,"VELCRO Brand - All Purpose Straps - 36"" x 2"" All Purpose Strap, 2 Ct. - Black",SELLABLE,2,0,0,0,0,0,0,0,0,0,0,0,2,0,LKO1
Velcro,07/25/2026,X002F0CZBX,B00575600W,HM0756,"VELCRO Brand - All Purpose Straps - 36"" x 2"" All Purpose Strap, 2 Ct. - Black",SELLABLE,2,0,0,0,0,0,0,0,0,0,0,0,2,0,PNQ3
Velcro,07/25/2026,X002F0CZBX,B00575600W,HM0756,"VELCRO Brand - All Purpose Straps - 36"" x 2"" All Purpose Strap, 2 Ct. - Black",SELLABLE,10,0,0,0,0,0,0,0,0,0,0,0,10,0,VSHB
Velcro,07/25/2026,X002F0CZC7,B000TGSPV6,HM0772,"Velcro(r) Brand Fasteners VELCRO Brand - Industrial Strength | Indoor & Outdoor Use | Superior Holding Power on Smooth Surfaces | Size 4ft x 2in | Tape, White - Pack of 1",SELLABLE,0,0,216,0,0,0,0,0,0,0,0,0,216,0,VSHB
Velcro,07/25/2026,X002F0NP0N,B001O6T2ZS,HM0751,"VELCRO Brand - Extreme Outdoor - Extreme - 4"" x 1"" Strips, 10 Sets - Titanium",SELLABLE,0,0,72,0,0,0,0,0,0,0,0,0,72,0,VSHB
Velcro,07/25/2026,X002F0NP0X,B09YLY1F3X,HM0768,"VELCRO Brand Portable Cord Organizer Ties | Organize Headphone Wires, Charging Cables, Power Cords on The Go | 3 Sizes and Colors, 6 pcs, 6pk Cord Ties",SELLABLE,1,0,0,0,0,0,0,0,0,0,0,0,1,0,BOM7
Velcro,07/25/2026,X002F0NP0X,B09YLY1F3X,HM0768,"VELCRO Brand Portable Cord Organizer Ties | Organize Headphone Wires, Charging Cables, Power Cords on The Go | 3 Sizes and Colors, 6 pcs, 6pk Cord Ties",SELLABLE,10,0,0,0,0,0,0,0,0,0,0,0,10,0,VSHB
Velcro,07/25/2026,X002F0NP17,B00JJPPMO6,HM0754,"VELCRO Brand - Industrial Strength - Extreme - 4"" x 1"" Strips, 10 Sets - Black",SELLABLE,1,0,0,0,0,0,0,0,0,0,0,0,1,0,BLR8
Velcro,07/25/2026,X002F0NP17,B00JJPPMO6,HM0754,"VELCRO Brand - Industrial Strength - Extreme - 4"" x 1"" Strips, 10 Sets - Black",SELLABLE,2,0,0,0,0,0,0,0,0,0,0,0,2,0,CCX2
Velcro,07/25/2026,X002F0NP17,B00JJPPMO6,HM0754,"VELCRO Brand - Industrial Strength - Extreme - 4"" x 1"" Strips, 10 Sets - Black",SELLABLE,2,0,0,0,0,0,0,0,0,0,0,0,2,0,CJB1
Velcro,07/25/2026,X002F0NP17,B00JJPPMO6,HM0754,"VELCRO Brand - Industrial Strength - Extreme - 4"" x 1"" Strips, 10 Sets - Black",SELLABLE,1,0,0,0,0,0,0,0,0,0,0,0,1,0,HYD8
Velcro,07/25/2026,X002F0NP17,B00JJPPMO6,HM0754,"VELCRO Brand - Industrial Strength - Extreme - 4"" x 1"" Strips, 10 Sets - Black",SELLABLE,2,0,0,0,0,0,0,0,0,0,0,0,2,0,LKO1
Velcro,07/25/2026,X002F0NP17,B00JJPPMO6,HM0754,"VELCRO Brand - Industrial Strength - Extreme - 4"" x 1"" Strips, 10 Sets - Black",SELLABLE,2,0,0,0,0,0,0,0,0,0,0,0,2,0,PNQ3
Velcro,07/25/2026,X002F0NP17,B00JJPPMO6,HM0754,"VELCRO Brand - Industrial Strength - Extreme - 4"" x 1"" Strips, 10 Sets - Black",SELLABLE,2,0,0,0,0,0,0,0,0,0,0,0,2,0,VSHB
Velcro,07/25/2026,X002F0NWIX,B000TGUOCO,HM0746,"Velcro 90069 Sticky-Back Hook and Loop Dot Fasteners on Strips, 5/8 Dia, Black, 15 Sets/Pack",SELLABLE,0,0,216,0,0,0,0,0,0,0,0,0,216,0,VSHB
Velcro,07/25/2026,X002F0NWJ7,B07KGPMMS5,HM0697,"VELCRO Brand Easy Hang Strap | Heavy Duty Outdoor Storage Extension Cords, Cables, Tools, Bikes | Organization for Garden, Shed, RV |, Medium - up to 200 lbs, Black, 1 Count (Pack of 1)",SELLABLE,2,0,0,0,0,0,0,0,0,0,0,0,2,0,VSHB
Velcro,07/25/2026,X002F0O0IT,B0009JCV2C,HM0755,"VELCRO Brand - Industrial Strength - 1 7/8"" Coins, 4 Sets - Black",SELLABLE,0,0,72,0,0,0,0,0,0,0,0,0,72,0,VSHB
Velcro,07/25/2026,X002F0O0JD,B00JWU77N2,HM0764,"VELCRO Brand - ONE-WRAP Roll, Double-Sided, Self Gripping Multi-Purpose Hook and Loop Tape, Reusable, 45' x 1 1/2"" Roll - Black",SELLABLE,4,0,0,0,0,0,0,0,0,0,0,0,4,0,BLR8
Velcro,07/25/2026,X002F0O0JD,B00JWU77N2,HM0764,"VELCRO Brand - ONE-WRAP Roll, Double-Sided, Self Gripping Multi-Purpose Hook and Loop Tape, Reusable, 45' x 1 1/2"" Roll - Black",SELLABLE,1,0,0,0,0,0,0,0,0,0,0,0,1,0,CCX2
Velcro,07/25/2026,X002F0O0JD,B00JWU77N2,HM0764,"VELCRO Brand - ONE-WRAP Roll, Double-Sided, Self Gripping Multi-Purpose Hook and Loop Tape, Reusable, 45' x 1 1/2"" Roll - Black",SELLABLE,1,0,0,0,0,0,0,0,0,0,0,0,1,0,CJB1
Velcro,07/25/2026,X002F0O0JD,B00JWU77N2,HM0764,"VELCRO Brand - ONE-WRAP Roll, Double-Sided, Self Gripping Multi-Purpose Hook and Loop Tape, Reusable, 45' x 1 1/2"" Roll - Black",SELLABLE,1,0,0,0,0,0,0,0,0,0,0,0,1,0,HYD3
Velcro,07/25/2026,X002F0O0JD,B00JWU77N2,HM0764,"VELCRO Brand - ONE-WRAP Roll, Double-Sided, Self Gripping Multi-Purpose Hook and Loop Tape, Reusable, 45' x 1 1/2"" Roll - Black",SELLABLE,5,0,0,0,0,0,0,0,0,0,0,0,5,0,VSHB
Velcro,07/25/2026,X002F0O0K7,B00GUZK2ZM,HM0758,"VELCRO Brand Dots with Adhesive Black | 200 Pk | 3/4"" Circles | Sticky Back Round Hook and Loop Closures for Organizing, Arts and Crafts, School Projects",SELLABLE,1,0,0,0,0,0,0,0,0,0,0,0,1,0,BLR8
Velcro,07/25/2026,X002F0O0K7,B00GUZK2ZM,HM0758,"VELCRO Brand Dots with Adhesive Black | 200 Pk | 3/4"" Circles | Sticky Back Round Hook and Loop Closures for Organizing, Arts and Crafts, School Projects",SELLABLE,1,0,0,0,0,0,0,0,0,0,0,0,1,0,CCX2
Velcro,07/25/2026,X002F0O0K7,B00GUZK2ZM,HM0758,"VELCRO Brand Dots with Adhesive Black | 200 Pk | 3/4"" Circles | Sticky Back Round Hook and Loop Closures for Organizing, Arts and Crafts, School Projects",SELLABLE,1,0,0,0,0,0,0,0,0,0,0,0,1,0,CJB1
Velcro,07/25/2026,X002F0O0K7,B00GUZK2ZM,HM0758,"VELCRO Brand Dots with Adhesive Black | 200 Pk | 3/4"" Circles | Sticky Back Round Hook and Loop Closures for Organizing, Arts and Crafts, School Projects",SELLABLE,1,0,0,0,0,0,0,0,0,0,0,0,1,0,HYD3
Velcro,07/25/2026,X002F0O0K7,B00GUZK2ZM,HM0758,"VELCRO Brand Dots with Adhesive Black | 200 Pk | 3/4"" Circles | Sticky Back Round Hook and Loop Closures for Organizing, Arts and Crafts, School Projects",SELLABLE,1,0,0,0,0,0,0,0,0,0,0,0,1,0,PNQ3
Velcro,07/25/2026,X002F0O0K7,B00GUZK2ZM,HM0758,"VELCRO Brand Dots with Adhesive Black | 200 Pk | 3/4"" Circles | Sticky Back Round Hook and Loop Closures for Organizing, Arts and Crafts, School Projects",SELLABLE,9,0,0,0,0,0,0,0,0,0,0,0,9,0,VSHB
Velcro,07/25/2026,X002F0OVP1,B001682EOK,HM0763,"VELCRO USA CONSUMER PDTS Sticky Back, 7/8"" Squares, 12 Sets, Clear (91330)",SELLABLE,3,0,0,0,0,0,0,0,0,0,0,0,3,0,BLR8
Velcro,07/25/2026,X002F0OVP1,B001682EOK,HM0763,"VELCRO USA CONSUMER PDTS Sticky Back, 7/8"" Squares, 12 Sets, Clear (91330)",SELLABLE,3,0,0,0,0,0,0,0,0,0,0,0,3,0,CCX2
Velcro,07/25/2026,X002F0OVP1,B001682EOK,HM0763,"VELCRO USA CONSUMER PDTS Sticky Back, 7/8"" Squares, 12 Sets, Clear (91330)",SELLABLE,1,0,0,0,0,0,0,0,0,0,0,0,1,0,CJB1
Velcro,07/25/2026,X002F0OVP1,B001682EOK,HM0763,"VELCRO USA CONSUMER PDTS Sticky Back, 7/8"" Squares, 12 Sets, Clear (91330)",SELLABLE,3,0,0,0,0,0,0,0,0,0,0,0,3,0,HYD3
Velcro,07/25/2026,X002F0OVP1,B001682EOK,HM0763,"VELCRO USA CONSUMER PDTS Sticky Back, 7/8"" Squares, 12 Sets, Clear (91330)",SELLABLE,8,0,0,0,0,0,0,0,0,0,0,0,8,0,VSHB
Velcro,07/25/2026,X002F0RAQ3,B09VLM7XH8,HM0765,"VELCRO 18 in. x 2 in. Easy Hang Extension Cord Strap, Bundling Strap with Grommet Hook and Loop (2-Pack) VEL-30749-USA",SELLABLE,4,0,0,0,0,0,0,0,0,0,0,0,4,0,BLR8
Velcro,07/25/2026,X002F0RAQ3,B09VLM7XH8,HM0765,"VELCRO 18 in. x 2 in. Easy Hang Extension Cord Strap, Bundling Strap with Grommet Hook and Loop (2-Pack) VEL-30749-USA",SELLABLE,5,0,0,0,0,0,0,0,0,0,0,0,5,0,PNQ3
Velcro,07/25/2026,X002F0RAQ3,B09VLM7XH8,HM0765,"VELCRO 18 in. x 2 in. Easy Hang Extension Cord Strap, Bundling Strap with Grommet Hook and Loop (2-Pack) VEL-30749-USA",SELLABLE,4,0,0,0,0,0,0,0,0,0,0,0,4,0,VSHB
Velcro,07/25/2026,X002F0RJLT,B082VH421C,HM0700,"Velcro Brand ONE-WRAP Garden Ties | Plant Supports for Effective Growing | Strong Grips are Reusable and Adjustable | Cut-to-Length, 50 ft x 1/2 in, Green-Recycled Plastic",SELLABLE,0,0,48,0,0,0,0,0,0,0,0,0,48,0,VSHB
Velcro,07/25/2026,X002F0RJM3,B0001UZZ72,HM0675,"VELCRO Brand - Industrial Strength - 2"" x 4"" Strips, 2 Sets - White",SELLABLE,0,0,216,0,0,0,0,0,0,0,0,0,216,0,VSHB
Velcro,07/25/2026,X002F0RJMD,B07RMTD9RR,HM0752,"VELCRO Brand - Industrial Strength - Extreme - 1"" Wide Tape, 10' - Black",SELLABLE,0,0,24,0,0,0,0,0,0,0,0,0,24,0,VSHB
Velcro,07/25/2026,X002F0RVPX,B0888NSZY3,HM0771,"VELCRO Brand Sleek and Thin for Fabrics | 6ft x 3/4in Tape, White | Soft on Skin Ultra Light with Sewing Lane Technology, VEL-30186-USA",SELLABLE,1,0,0,0,0,0,0,0,0,0,0,0,1,0,BLR8
Velcro,07/25/2026,X002F0RVPX,B0888NSZY3,HM0771,"VELCRO Brand Sleek and Thin for Fabrics | 6ft x 3/4in Tape, White | Soft on Skin Ultra Light with Sewing Lane Technology, VEL-30186-USA",SELLABLE,2,0,0,0,0,0,0,0,0,0,0,0,2,0,CCX2
Velcro,07/25/2026,X002F0RVPX,B0888NSZY3,HM0771,"VELCRO Brand Sleek and Thin for Fabrics | 6ft x 3/4in Tape, White | Soft on Skin Ultra Light with Sewing Lane Technology, VEL-30186-USA",SELLABLE,2,0,0,0,0,0,0,0,0,0,0,0,2,0,CJB1
Velcro,07/25/2026,X002F0RVPX,B0888NSZY3,HM0771,"VELCRO Brand Sleek and Thin for Fabrics | 6ft x 3/4in Tape, White | Soft on Skin Ultra Light with Sewing Lane Technology, VEL-30186-USA",SELLABLE,2,0,0,0,0,0,0,0,0,0,0,0,2,0,HYD3
Velcro,07/25/2026,X002F0RVPX,B0888NSZY3,HM0771,"VELCRO Brand Sleek and Thin for Fabrics | 6ft x 3/4in Tape, White | Soft on Skin Ultra Light with Sewing Lane Technology, VEL-30186-USA",SELLABLE,3,0,0,0,0,0,0,0,0,0,0,0,3,0,PNQ3
Velcro,07/25/2026,X002F0RVPX,B0888NSZY3,HM0771,"VELCRO Brand Sleek and Thin for Fabrics | 6ft x 3/4in Tape, White | Soft on Skin Ultra Light with Sewing Lane Technology, VEL-30186-USA",SELLABLE,5,0,0,0,0,0,0,0,0,0,0,0,5,0,VSHB
Velcro,07/25/2026,X002F0S4N1,B01KLXCHEW,HM0762,VELCRO Brand - Removable Mounting Squares - 8 ct,SELLABLE,1,0,0,0,0,0,0,0,0,0,0,0,1,0,CCX2
Velcro,07/25/2026,X002F0S4N1,B01KLXCHEW,HM0762,VELCRO Brand - Removable Mounting Squares - 8 ct,SELLABLE,9,0,0,0,0,0,0,0,0,0,0,0,9,0,VSHB
Velcro,07/25/2026,X002F0S4NB,B00NCEEANO,HM0748,"VELCRO Brand - Sticky Back - 7/8"" Squares, 32 Sets - White",SELLABLE,2,0,0,0,0,0,0,0,0,0,0,0,2,0,AMD2
Velcro,07/25/2026,X002F0S4NB,B00NCEEANO,HM0748,"VELCRO Brand - Sticky Back - 7/8"" Squares, 32 Sets - White",SELLABLE,2,0,0,0,0,0,0,0,0,0,0,0,2,0,BLR8
Velcro,07/25/2026,X002F0S4NB,B00NCEEANO,HM0748,"VELCRO Brand - Sticky Back - 7/8"" Squares, 32 Sets - White",SELLABLE,1,0,0,0,0,0,0,0,0,0,0,0,1,0,BOM5
Velcro,07/25/2026,X002F0S4NB,B00NCEEANO,HM0748,"VELCRO Brand - Sticky Back - 7/8"" Squares, 32 Sets - White",SELLABLE,2,0,0,0,0,0,0,0,0,0,0,0,2,0,CCX2
Velcro,07/25/2026,X002F0S4NB,B00NCEEANO,HM0748,"VELCRO Brand - Sticky Back - 7/8"" Squares, 32 Sets - White",SELLABLE,2,0,0,0,0,0,0,0,0,0,0,0,2,0,CJB1
Velcro,07/25/2026,X002F0S4NB,B00NCEEANO,HM0748,"VELCRO Brand - Sticky Back - 7/8"" Squares, 32 Sets - White",SELLABLE,2,0,0,0,0,0,0,0,0,0,0,0,2,0,HYD3
Velcro,07/25/2026,X002F0S4NB,B00NCEEANO,HM0748,"VELCRO Brand - Sticky Back - 7/8"" Squares, 32 Sets - White",SELLABLE,2,0,0,0,0,0,0,0,0,0,0,0,2,0,IDX2
Velcro,07/25/2026,X002F0S4NB,B00NCEEANO,HM0748,"VELCRO Brand - Sticky Back - 7/8"" Squares, 32 Sets - White",SELLABLE,2,0,0,0,0,0,0,0,0,0,0,0,2,0,LKO1
Velcro,07/25/2026,X002F0S4NB,B00NCEEANO,HM0748,"VELCRO Brand - Sticky Back - 7/8"" Squares, 32 Sets - White",SELLABLE,1,0,0,0,0,0,0,0,0,0,0,0,1,0,PNQ3
Velcro,07/25/2026,X002F0S4NB,B00NCEEANO,HM0748,"VELCRO Brand - Sticky Back - 7/8"" Squares, 32 Sets - White",SELLABLE,10,0,0,0,0,0,0,0,0,0,0,0,10,0,VSHB
Velcro,07/25/2026,X002F0XMPL,B01KLXCHJM,HM0761,VELCRO Brand - Removable Mounting Strips - 4 ct,SELLABLE,1,0,0,0,0,0,0,0,0,0,0,0,1,0,AMD2
Velcro,07/25/2026,X002F0XMPL,B01KLXCHJM,HM0761,VELCRO Brand - Removable Mounting Strips - 4 ct,SELLABLE,5,0,0,0,0,0,0,0,0,0,0,0,5,0,PNQ3
Velcro,07/25/2026,X002F0XMPL,B01KLXCHJM,HM0761,VELCRO Brand - Removable Mounting Strips - 4 ct,SELLABLE,10,0,0,0,0,0,0,0,0,0,0,0,10,0,VSHB
Velcro,07/25/2026,X002F0XMPV,B000GAU540,HM0757,"VELCRO Brand - Sticky Back - 2"" x 1"" Strips, 6 Sets - Black",SELLABLE,2,0,0,0,0,0,0,0,0,0,0,0,2,0,AMD2
Velcro,07/25/2026,X002F0XMPV,B000GAU540,HM0757,"VELCRO Brand - Sticky Back - 2"" x 1"" Strips, 6 Sets - Black",SELLABLE,2,0,0,0,0,0,0,0,0,0,0,0,2,0,BLR8
Velcro,07/25/2026,X002F0XMPV,B000GAU540,HM0757,"VELCRO Brand - Sticky Back - 2"" x 1"" Strips, 6 Sets - Black",SELLABLE,2,0,0,0,0,0,0,0,0,0,0,0,2,0,CCX2
Velcro,07/25/2026,X002F0XMPV,B000GAU540,HM0757,"VELCRO Brand - Sticky Back - 2"" x 1"" Strips, 6 Sets - Black",SELLABLE,2,0,0,0,0,0,0,0,0,0,0,0,2,0,CJB1
Velcro,07/25/2026,X002F0XMPV,B000GAU540,HM0757,"VELCRO Brand - Sticky Back - 2"" x 1"" Strips, 6 Sets - Black",SELLABLE,2,0,0,0,0,0,0,0,0,0,0,0,2,0,HYD3
Velcro,07/25/2026,X002F0XMPV,B000GAU540,HM0757,"VELCRO Brand - Sticky Back - 2"" x 1"" Strips, 6 Sets - Black",SELLABLE,2,0,0,0,0,0,0,0,0,0,0,0,2,0,IDX2
Velcro,07/25/2026,X002F0XMPV,B000GAU540,HM0757,"VELCRO Brand - Sticky Back - 2"" x 1"" Strips, 6 Sets - Black",SELLABLE,2,0,0,0,0,0,0,0,0,0,0,0,2,0,LKO1
Velcro,07/25/2026,X002F0XMPV,B000GAU540,HM0757,"VELCRO Brand - Sticky Back - 2"" x 1"" Strips, 6 Sets - Black",SELLABLE,2,0,0,0,0,0,0,0,0,0,0,0,2,0,PNQ3
Velcro,07/25/2026,X002F0XMPV,B000GAU540,HM0757,"VELCRO Brand - Sticky Back - 2"" x 1"" Strips, 6 Sets - Black",SELLABLE,10,0,0,0,0,0,0,0,0,0,0,0,10,0,VSHB
Velcro,07/25/2026,X002F0XMQ5,B0013AIAQ2,HM0060,"VELCRO - Sticky Back - 15' x 3/4"" Tape - Clear",SELLABLE,1,0,0,0,0,0,0,0,0,0,0,0,1,0,BOM5
Velcro,07/25/2026,X002F0XMQ5,B0013AIAQ2,HM0060,"VELCRO - Sticky Back - 15' x 3/4"" Tape - Clear",SELLABLE,1,0,0,0,0,0,0,0,0,0,0,0,1,0,CJB1
Velcro,07/25/2026,X002F0XMQ5,B0013AIAQ2,HM0060,"VELCRO - Sticky Back - 15' x 3/4"" Tape - Clear",SELLABLE,9,0,0,0,0,0,0,0,0,0,0,0,9,0,VSHB
Gorilla,07/25/2026,X002FYVWLX,B09WB48965,HM0737 1,Gorilla Standard Duct Tape: 1.88 in. x 30 ft. (Black),SELLABLE,2,0,0,0,0,0,0,0,0,0,0,0,2,0,VSHB
Gorilla,07/25/2026,X002GHXRFX,B0C86CH7KD,HM0739,Gorilla Duct Tape 1.88 In. x 10 Yd Silver,SELLABLE,3,0,0,0,0,0,0,0,0,0,0,0,3,0,AMD2
Gorilla,07/25/2026,X002GHXRFX,B0C86CH7KD,HM0739,Gorilla Duct Tape 1.88 In. x 10 Yd Silver,SELLABLE,2,0,0,0,0,0,0,0,0,0,0,0,2,0,BLR7
Gorilla,07/25/2026,X002GHXRFX,B0C86CH7KD,HM0739,Gorilla Duct Tape 1.88 In. x 10 Yd Silver,SELLABLE,1,0,0,0,0,0,0,0,0,0,0,0,1,0,BOM5
Gorilla,07/25/2026,X002GHXRFX,B0C86CH7KD,HM0739,Gorilla Duct Tape 1.88 In. x 10 Yd Silver,SELLABLE,3,0,0,0,0,0,0,0,0,0,0,0,3,0,CCX2
Gorilla,07/25/2026,X002GHXRFX,B0C86CH7KD,HM0739,Gorilla Duct Tape 1.88 In. x 10 Yd Silver,SELLABLE,3,0,0,0,0,0,0,0,0,0,0,0,3,0,CJB1
Gorilla,07/25/2026,X002GHXRFX,B0C86CH7KD,HM0739,Gorilla Duct Tape 1.88 In. x 10 Yd Silver,SELLABLE,2,0,0,0,0,0,0,0,0,0,0,0,2,0,HYD3
Gorilla,07/25/2026,X002GHXRFX,B0C86CH7KD,HM0739,Gorilla Duct Tape 1.88 In. x 10 Yd Silver,SELLABLE,3,0,0,0,0,0,0,0,0,0,0,0,3,0,IDX2
Gorilla,07/25/2026,X002GHXRFX,B0C86CH7KD,HM0739,Gorilla Duct Tape 1.88 In. x 10 Yd Silver,SELLABLE,3,0,0,0,0,0,0,0,0,0,0,0,3,0,LKO1
Gorilla,07/25/2026,X002GHXRFX,B0C86CH7KD,HM0739,Gorilla Duct Tape 1.88 In. x 10 Yd Silver,SELLABLE,3,0,0,0,0,0,0,0,0,0,0,0,3,0,PNQ3
Gorilla,07/25/2026,X002GHXRFX,B0C86CH7KD,HM0739,Gorilla Duct Tape 1.88 In. x 10 Yd Silver,SELLABLE,20,0,0,0,0,0,0,0,0,0,0,0,20,0,VSHB
Gardena,07/25/2026,X002H5KVEJ,B07XKV3XV7,LG1162,"Gardena 1727-20 Suction Filter LG1162-1"", Backflow Preventer, Efficient Filtration",SELLABLE,5,0,0,0,0,0,0,0,0,0,0,0,5,0,VSHB
Gardena,07/25/2026,X002H5KVET,B09J9278QH,LG1163,"Gardena 8266-20 Sprinkler System Water Plug with 3/4 inch External Thread: Water Intake of The Pipeline System, Integrated Stop Valve, Removable Dirt Filter, Underground Installation",SELLABLE,1,0,0,0,0,0,0,0,0,0,0,0,1,0,CJB1
Gardena,07/25/2026,X002H5KVET,B09J9278QH,LG1163,"Gardena 8266-20 Sprinkler System Water Plug with 3/4 inch External Thread: Water Intake of The Pipeline System, Integrated Stop Valve, Removable Dirt Filter, Underground Installation",SELLABLE,2,0,0,0,0,0,0,0,0,0,0,0,2,0,VSHB
Gardena,07/25/2026,X002H5L07V,B0DMDZN6P5,LG1164,"Gardena 12250-20 Premium Cut Pro LG1164 - Anvil Cut, 24mm, Dry Wood Cutting",SELLABLE,1,0,0,0,0,0,0,0,0,0,0,0,1,0,BLR8
Gardena,07/25/2026,X002H5L07V,B0DMDZN6P5,LG1164,"Gardena 12250-20 Premium Cut Pro LG1164 - Anvil Cut, 24mm, Dry Wood Cutting",SELLABLE,10,0,0,0,0,0,0,0,0,0,0,0,10,0,VSHB
Gardena,07/25/2026,X002H5L085,B0G1X8R8HX,LG1159,"Gardena 18226-20 Tap Connector LG1159-3/4"", Frost Protection, Made in Germany",SELLABLE,50,0,0,0,0,0,0,0,0,0,0,0,50,0,VSHB
Gardena,07/25/2026,X002H5LUNP,B0DMF4H4Z8,LG1160,"Gardena 12230-20 Garden Shears LG1160 - EasyCut, 20mm Cut, Ergonomic Grip",SELLABLE,1,0,0,0,0,0,0,0,0,0,0,0,1,0,BLR8
Gardena,07/25/2026,X002H5LUNP,B0DMF4H4Z8,LG1160,"Gardena 12230-20 Garden Shears LG1160 - EasyCut, 20mm Cut, Ergonomic Grip",SELLABLE,20,0,0,0,0,0,0,0,0,0,0,0,20,0,VSHB
Gardena,07/25/2026,X002H5NGUP,B09J92SNPG,LG1161,Gardena 05349-20 End Cap Subsurface Drip Line Piece for Underground Drip 4pcs High Quality Durable Plastic Fittings for Garden Irrigation System,SELLABLE,10,0,0,0,0,0,0,0,0,0,0,0,10,0,VSHB
,07/25/2026,X002H6SI7P,B0C5RYW6RL,LG1117,Escoba acodada combisystem El ángulo de Trabajo Puede ajustarse al Gusto del usuario Gracias al sistema de liberación rápid,SELLABLE,1,0,0,0,0,0,0,0,0,0,0,0,1,0,BLR7
,07/25/2026,X002H6SI7P,B0C5RYW6RL,LG1117,Escoba acodada combisystem El ángulo de Trabajo Puede ajustarse al Gusto del usuario Gracias al sistema de liberación rápid,SELLABLE,2,0,0,0,0,0,0,0,0,0,0,0,2,0,VSHB
BKR,07/25/2026,X002H8RM5R,B0BPXSBVNS,LG0938,"BKR® Premium Round Metal Firepit for Outdoor Ambiance, Rust Free and Durable | 95 x 95 x70 cm (39in) Size, 18Kgs | with Protected Screen Cover | Sand Blasted Metal with 5 Years Warranty | LG0938",SELLABLE,1,0,0,0,0,0,0,0,0,0,0,0,1,0,KWZ2
BKR,07/25/2026,X002H8RXJ7,B0844VKFK3,AC-0ONV-585A,"BKR® 5.5HP139cc Petrol Power Rotary Lawn Mower – 18-Inch Heavy-Duty Cutter with Self-Propelled Drive, Dual Rear & Side Discharge, Large 60L Grass Collection Box with 6 Months Manufacturer Warranty",SELLABLE,10,0,0,0,0,0,0,0,0,0,0,0,10,0,KWZ2
,07/25/2026,X002H8U1GJ,B0D5MN7SPZ,LG1106,STIHL FS 3001 Petrol BRUSHCUTTER: EFFICIENT Mowing of Larger Green Areas,SELLABLE,2,0,0,0,0,0,0,0,0,0,0,0,2,0,KWZ2
BKR,07/25/2026,X002I36KXB,B0G64MM3FG,LG1158 1,BKR Round Shape Firepit | 55x55x38 Size| with Foldable Legs High Temperature Sand Blasting Coated with 5 Year Warranty,SELLABLE,1,0,0,0,0,0,0,0,0,0,0,0,1,0,VSHB
Gardena,07/25/2026,X002I7E0GB,B0CNPY2MQ6,LG1156 1,"Gardena 18804-20 Telescopic Handle LG1156-155-260cm, Aluminium, for Cleaning",SELLABLE,1,0,0,0,0,0,0,0,0,0,0,0,1,0,VSHB
BKR,07/25/2026,X002I7H7D9,B0G5G1S47V,LG1157 1,"BKR Square Shape Metal Firepit for Outdoor Ambiance, Rust Free and Durable | 50x50x38 cm Size, 10.8Kgs | High Temperature - Sand Blasted Metal with 5 Years Warranty",SELLABLE,1,0,0,0,0,0,0,0,0,0,0,0,1,0,VSHB
BKR,07/25/2026,X002I7HGXZ,B0GG4HNX7J,LG1165 1,BKR® Heavy Duty Earth Auger Machine Post Hole Digger 52cc Versatile for Planting with 6 Inch Bits | 2 Stroke 2.4 hp Air Cooled Petrol Powered Engine | Single Person Operation,SELLABLE,10,0,0,0,0,0,0,0,0,0,0,0,10,0,VSHB
,07/25/2026,X002IEM8YP,B0BXCSLG3Y,LG1166,"ROVER RCS-4620 2-Stroke Petrol Chainsaw, Single Cylinder, 20"" Bar, 46 CC, 1.8 KW(2.4 HP), Oregon Chain, 4.9 kg, 520 ml Fuel Tank Capacity, Oilomatic Saw Chain, Easy Starter, Fuel Primer & Anti-Freeze",SELLABLE,1,0,0,0,0,0,0,0,0,0,0,0,1,0,VSHB
Gardena,07/25/2026,X002IOLEQX,B0BNLLDVKV,LG1147 1,"Gardena 13220-20 Micro-Drip-System Universal Connector 13 mm (1/2 inch): Adapter for Standard Connecting Pipes and Irrigation Lines, Simple Assembly, Reusable",SELLABLE,15,0,0,0,0,0,0,0,0,0,0,0,15,0,VSHB
Gardena,07/25/2026,X002IOWMFZ,B0CNPXS86R,LG1127,Gardena Cleansystem Handle Flex,SELLABLE,10,0,0,0,0,0,0,0,0,0,0,0,10,0,VSHB
Gardena,07/25/2026,X002IOY7F3,B0001E3QFQ,LG1140,"Gardena 232-20 Mobile Garden Cart LG1140 - Multipurpose Trolley, Garden Waste & Tool Carrier",SELLABLE,1,0,0,0,0,0,0,0,0,0,0,0,1,0,CCX2
Gardena,07/25/2026,X002IOY7F3,B0001E3QFQ,LG1140,"Gardena 232-20 Mobile Garden Cart LG1140 - Multipurpose Trolley, Garden Waste & Tool Carrier",SELLABLE,1,0,0,0,0,0,0,0,0,0,0,0,1,0,CJB1
Gardena,07/25/2026,X002IOY7F3,B0001E3QFQ,LG1140,"Gardena 232-20 Mobile Garden Cart LG1140 - Multipurpose Trolley, Garden Waste & Tool Carrier",SELLABLE,1,0,0,0,0,0,0,0,0,0,0,0,1,0,HYD3
Gardena,07/25/2026,X002IOY7F3,B0001E3QFQ,LG1140,"Gardena 232-20 Mobile Garden Cart LG1140 - Multipurpose Trolley, Garden Waste & Tool Carrier",SELLABLE,1,0,0,0,0,0,0,0,0,0,0,0,1,0,IDX2
Gardena,07/25/2026,X002IOY7F3,B0001E3QFQ,LG1140,"Gardena 232-20 Mobile Garden Cart LG1140 - Multipurpose Trolley, Garden Waste & Tool Carrier",SELLABLE,10,0,0,0,0,0,0,0,0,0,0,0,10,0,VSHB
Gardena,07/25/2026,X002IOYHWV,B0BNLQ9HLK,LG1036,"Gardena 12214-20 Herb Scissors LG1036 - HerbCut, Sharp, Easy Harvest",SELLABLE,3,0,0,0,0,0,0,0,0,0,0,0,3,0,BLR8
Gardena,07/25/2026,X002IOYHWV,B0BNLQ9HLK,LG1036,"Gardena 12214-20 Herb Scissors LG1036 - HerbCut, Sharp, Easy Harvest",SELLABLE,5,0,0,0,0,0,0,0,0,0,0,0,5,0,VSHB
Gardena,07/25/2026,X002IP0UP3,B07JXH9FP1,LG1139,"Gardena 8712-20 Knife and Shear axle: Grinder for Sharpening Knife and axis Blades, Ergonomic Handle, Stainless Steel Insert",SELLABLE,9,0,0,0,0,0,0,0,0,0,0,0,9,0,VSHB
Gardena,07/25/2026,X002IP7SAD,B0001E3S54,LG0831 1,"GARDENA 1346-20 Micro-Drip-System Connecting Pipe 13 mm (1/2"") 15 Meter",SELLABLE,3,0,0,0,0,0,0,0,0,0,0,0,3,0,VSHB
BKR,07/25/2026,X002JH6CI9,B0GT4PJX2L,HM0566-S,"BKR ® Simplify Farming Garden Mini Hand Push Tiller/Cultivator 52cc with 2 Stroke and 2.4 HP Power, Maximum Power of 1.45kw at 7000 RPM",SELLABLE,5,0,0,0,0,0,0,0,0,0,0,0,5,0,VSHB
BKR,07/25/2026,X002JOVWJB,B08R9M9N3W,LG0680,"BKR® 6 Amp Outdoor Extension Cord for Lawnmower Chainsaw Drill Machine and More Electric Equipment | Orange, 25-Mtr",SELLABLE,39,0,0,0,0,0,0,0,0,0,0,0,39,0,VSHB
Gorilla,07/25/2026,X002K9C48X,B00MR6KQKE,HM0543,"Gorilla Packaging Tape Tough & Wide with Dispenser, 2.83"" x 20 yd., Clear",SELLABLE,1,0,0,0,0,0,0,0,0,0,0,0,1,0,BLR7
Gorilla,07/25/2026,X002K9C48X,B00MR6KQKE,HM0543,"Gorilla Packaging Tape Tough & Wide with Dispenser, 2.83"" x 20 yd., Clear",SELLABLE,1,0,0,0,0,0,0,0,0,0,0,0,1,0,BLR8
Gorilla,07/25/2026,X002K9C48X,B00MR6KQKE,HM0543,"Gorilla Packaging Tape Tough & Wide with Dispenser, 2.83"" x 20 yd., Clear",SELLABLE,3,0,0,0,0,0,0,0,0,0,0,0,3,0,HYD3
Gorilla,07/25/2026,X002K9C48X,B00MR6KQKE,HM0543,"Gorilla Packaging Tape Tough & Wide with Dispenser, 2.83"" x 20 yd., Clear",SELLABLE,3,0,0,0,0,0,0,0,0,0,0,0,3,0,PNQ3
Gorilla,07/25/2026,X002K9C48X,B00MR6KQKE,HM0543,"Gorilla Packaging Tape Tough & Wide with Dispenser, 2.83"" x 20 yd., Clear",SELLABLE,4,0,0,0,0,0,0,0,0,0,0,0,4,0,VSHB
BKR,07/25/2026,X002KNHAAV,B0DFHKVLLF,LG0726-S,"BKR® Heavy Duty 19"" Manual Push Lawn Mower with Honda GXV 160 Honda Engine, 5 HP 4-Stroke, 73L Grass Tank, 30-80mm Cutting Height | Tough Aluminium Deck Comes with 12 Months Manufacture Warranty",SELLABLE,11,0,0,0,0,0,0,0,0,0,0,0,11,0,KWZ2
BKR,07/25/2026,X002KNJN3X,B08RWVRM58,HM0634-S,"BKR Round Firepit with Skewers for Barbecuing Outdoor 58 x 58 x 33 cm, 18.5kg Weight Without Wheel High- Temperature Powder Coated and Rust Free Material with 5years Warranty",SELLABLE,1,0,0,0,0,0,0,0,0,0,0,0,1,0,KWZ2
BKR,07/25/2026,X002KNJZF9,B091T7J6X3,LG0574-S,BKR ® Power Tiller Inter-Cultivator with 4 Stroke 7.0 HP Engine with PTO Shaft BKR-SC-1000 Comes with 6 Months Manufacture Warranty,SELLABLE,1,0,0,0,0,0,0,0,0,0,0,0,1,0,KWZ2
,07/25/2026,X002KOLT61,B0D5MN7SPZ,LG1106-S,STIHL FS 3001 Petrol BRUSHCUTTER: EFFICIENT Mowing of Larger Green Areas,SELLABLE,1,0,0,0,0,0,0,0,0,0,0,0,1,0,KWZ2
BKR,07/25/2026,X002KONY4V,B0FJMJ5NGP,LG1152-S,"BKR® Petrol Lawn Mower | 20"" Rotary with 196cc 7HP Engine | Manual Push | 75L Grass Collector | 8-Level Height Adjustment | Circular Blade | Foldable Design | 6-Month Manufacturer Warranty",SELLABLE,6,0,0,0,0,0,0,0,0,0,0,0,6,0,KWZ2
BKR,07/25/2026,X002KORQ09,B082STVWTF,LG0591-S,bkr ® Inter-Cultivator with 4 Stroke 7.0 HP Engine SC90-111,SELLABLE,1,0,0,0,0,0,0,0,0,0,0,0,1,0,KWZ2
Gardena,07/25/2026,X002LZ7IR3,B0BNLL69MK,LG1144,"Gardena 13201-20 T-Joint LG1144-13mm (1/2""), 2-Pack, Micro-Drip System",SELLABLE,2,0,0,0,0,0,0,0,0,0,0,0,2,0,AMD2
Gardena,07/25/2026,X002LZ7IR3,B0BNLL69MK,LG1144,"Gardena 13201-20 T-Joint LG1144-13mm (1/2""), 2-Pack, Micro-Drip System",SELLABLE,3,0,0,0,0,0,0,0,0,0,0,0,3,0,BLR8
Gardena,07/25/2026,X002LZ7IR3,B0BNLL69MK,LG1144,"Gardena 13201-20 T-Joint LG1144-13mm (1/2""), 2-Pack, Micro-Drip System",SELLABLE,2,0,0,0,0,0,0,0,0,0,0,0,2,0,CCX2
Gardena,07/25/2026,X002LZ7IR3,B0BNLL69MK,LG1144,"Gardena 13201-20 T-Joint LG1144-13mm (1/2""), 2-Pack, Micro-Drip System",SELLABLE,2,0,0,0,0,0,0,0,0,0,0,0,2,0,CJB1
Gardena,07/25/2026,X002LZ7IR3,B0BNLL69MK,LG1144,"Gardena 13201-20 T-Joint LG1144-13mm (1/2""), 2-Pack, Micro-Drip System",SELLABLE,2,0,0,0,0,0,0,0,0,0,0,0,2,0,HYD3
Gardena,07/25/2026,X002LZ7IR3,B0BNLL69MK,LG1144,"Gardena 13201-20 T-Joint LG1144-13mm (1/2""), 2-Pack, Micro-Drip System",SELLABLE,2,0,0,0,0,0,0,0,0,0,0,0,2,0,IDX2
Gardena,07/25/2026,X002LZ7IR3,B0BNLL69MK,LG1144,"Gardena 13201-20 T-Joint LG1144-13mm (1/2""), 2-Pack, Micro-Drip System",SELLABLE,2,0,0,0,0,0,0,0,0,0,0,0,2,0,LKO1
Gardena,07/25/2026,X002LZ7IR3,B0BNLL69MK,LG1144,"Gardena 13201-20 T-Joint LG1144-13mm (1/2""), 2-Pack, Micro-Drip System",SELLABLE,3,0,0,0,0,0,0,0,0,0,0,0,3,0,PNQ3
Gardena,07/25/2026,X002LZ7IR3,B0BNLL69MK,LG1144,"Gardena 13201-20 T-Joint LG1144-13mm (1/2""), 2-Pack, Micro-Drip System",SELLABLE,9,0,0,0,0,0,0,0,0,0,0,0,9,0,VSHB
BKR,07/25/2026,X002MVL4L7,B0GY191D9Q,LG1170,"BKR Super 2000 Portable Thermal Fogging Machine, 2L Tank, Butane Powered, for Mosquito and Pest Control",SELLABLE,48,0,0,0,0,0,0,0,0,0,0,0,48,0,VSHB
Gardena,07/25/2026,X002N16EMZ,B0H8HYYTBD,LG1180,"GARDENA 18366 Watering Sprayer with Water Stop | Garden Hose Spray Gun for Soft Watering of Flowers, Mushroom Farm, Vegetable Seedlings & Indoor/Outdoor Plants | Lockable Trigger",SELLABLE,49,0,0,0,0,0,0,0,0,0,0,0,49,0,VSHB
Gardena,07/25/2026,X002N1YD91,B0FGJ7DW5M,LG1176,"Gardena 5565-20 Cleaning Fleece, Washer Sleeve, Cloth for Window Cleaning, Microfibre, Washable at 60°",SELLABLE,10,0,0,0,0,0,0,0,0,0,0,0,10,0,VSHB
Gardena,07/25/2026,X002N2TQNX,B076WRK3WL,LG1179,"GARDENA 13135-20 Cooling Mist Set, Gray, 32.8 ft (10 m)",SELLABLE,5,0,0,0,0,0,0,0,0,0,0,0,5,0,VSHB
Gardena,07/25/2026,X002N303VL,B004XCDALC,LG1178,"GARDENA 2917-26 Threaded Hose Connector 26.5mm (G 3/4"")",SELLABLE,20,0,0,0,0,0,0,0,0,0,0,0,20,0,VSHB
Gardena,07/25/2026,X002N30X39,B0G1ZB3NMS,LG1177,"Gardena Portable Hose Box MoveMatic Hose Storage: Neat and Portable, Retractable Garden Hose, Space-Saving Storage, Made for Close Watering tasks, Ready to use (18690-20)",SELLABLE,10,0,0,0,0,0,0,0,0,0,0,0,10,0,VSHB
Gardena,07/25/2026,X002N6BKBF,B0G211SG28,LG1174,"Gardena Leaf and Lawn Collector for Lawns and Patios Garden Helpers: Suitable for both lawns and patios, Easy change of brushes, Effective grass collection, Ergonomically designed (3566-20)",SELLABLE,2,0,0,0,0,0,0,0,0,0,0,0,2,0,VSHB
Gardena,07/25/2026,X002N6D3NN,B001PCNCSO,LG0762,"Gardena 5307-20 Replacement Spool LG0762-16mm Nylon Cutting Line, 61m",SELLABLE,10,0,0,0,0,0,0,0,0,0,0,0,10,0,VSHB
Velcro,07/25/2026,X002NAZ9IL,B000YZ8UF8,HM1173,"VELCRO Brand 90320 For Fabrics Sew On Soft and Flexible Tape for Alterations and Hemming | No Ironing or Gluing | Comfort Designed, Drapes With Fabric 30 x 5/8 inch 1 Cut-to-Length Roll",SELLABLE,0,0,72,0,0,0,0,0,0,0,0,0,72,0,VSHB
Velcro,07/25/2026,X002NB4PC1,B00N0W89Z8,HM1170,"VELCRO Brand - Sticky Back for Fabrics: No Sewing Needed - 24"" x 3/4"" Tape - Black",SELLABLE,0,0,48,0,0,0,0,0,0,0,0,0,48,0,VSHB
Velcro,07/25/2026,X002NB71UJ,B0DYVPVYCZ,HM1172,"VELCRO Brand Cord Organizer for Desk Cable Management, Nightstand Organization, Unique Dual Function Cable Sleeve Cord Keepers Combo, Holds Wires for Easy Access, Route to Hide, Medium 2pk Black",SELLABLE,0,0,24,0,0,0,0,0,0,0,0,0,24,0,VSHB
Velcro,07/25/2026,X002NB7A23,B09VMJM5RD,HM1171,"VELCRO Brand Easy Hang Extension Cord Holder Organizer Variety Pack | Holds 60-100lbs, Heavy Duty Straps Fit Easily on Hooks or Nails | Perfect for Garage Organization | 3-pk 10"", 14"" and 18"", Black",SELLABLE,0,0,24,0,0,0,0,0,0,0,0,0,24,0,VSHB
Velcro,07/25/2026,X002NB7KA5,B00006IC2T,HM1174,"Velcro 90593 3 Pack 4ft. x 2in. Industrial Strength Tape, Black",SELLABLE,0,0,36,0,0,0,0,0,0,0,0,0,36,0,VSHB
Velcro,07/25/2026,X002NB8JHN,B0BK9QX686,HM1169,"VELCRO Brand Cord Organizer | Charging Cord Organizer, Cord Holder for Nightstand, Desk | Removable Adhesive Back | Soft Nylon Cable Clips | 5 Pack (White)",SELLABLE,0,0,72,0,0,0,0,0,0,0,0,0,72,0,VSHB
Velcro,07/25/2026,X002NBE01R,B0BK9PZ3BG,HM1175,Velcro Brand Cord Keeper 30 Pack Soft Nylon Cable Clips Removable Adhesive Backing Wire Organization Stick on Appliance Cord or Indoor Christmas Light Clips,SELLABLE,0,0,24,0,0,0,0,0,0,0,0,0,24,0,VSHB
Gorilla,07/25/2026,X001PYRDCV,B001IY82FM,HM0513,"Gorilla Super Glue (Clear, 15 Grams)",SELLABLE,5,0,0,0,0,0,0,0,0,0,0,0,5,0,AMD2
Gorilla,07/25/2026,X001PYRDCV,B001IY82FM,HM0513,"Gorilla Super Glue (Clear, 15 Grams)",SELLABLE,4,0,0,0,0,0,0,0,0,0,0,0,4,0,BLR8
Gorilla,07/25/2026,X001PYRDCV,B001IY82FM,HM0513,"Gorilla Super Glue (Clear, 15 Grams)",SELLABLE,4,0,0,0,0,0,0,0,0,0,0,0,4,0,CCX2
Gorilla,07/25/2026,X001PYRDCV,B001IY82FM,HM0513,"Gorilla Super Glue (Clear, 15 Grams)",SELLABLE,4,0,0,0,0,0,0,0,0,0,0,0,4,0,CJB1
Gorilla,07/25/2026,X001PYRDCV,B001IY82FM,HM0513,"Gorilla Super Glue (Clear, 15 Grams)",SELLABLE,4,0,0,0,0,0,0,0,0,0,0,0,4,0,HYD3
Gorilla,07/25/2026,X001PYRDCV,B001IY82FM,HM0513,"Gorilla Super Glue (Clear, 15 Grams)",SELLABLE,4,0,0,0,0,0,0,0,0,0,0,0,4,0,IDX2
Gorilla,07/25/2026,X001PYRDCV,B001IY82FM,HM0513,"Gorilla Super Glue (Clear, 15 Grams)",SELLABLE,4,0,0,0,0,0,0,0,0,0,0,0,4,0,LKO1
Gorilla,07/25/2026,X001PYRDCV,B001IY82FM,HM0513,"Gorilla Super Glue (Clear, 15 Grams)",SELLABLE,4,0,0,0,0,0,0,0,0,0,0,0,4,0,PNQ3
Gorilla,07/25/2026,X001PYRDCV,B001IY82FM,HM0513,"Gorilla Super Glue (Clear, 15 Grams)",SELLABLE,36,0,0,0,0,0,0,0,0,0,0,0,36,0,VSHB
Gorilla,07/25/2026,X001PYRDD5,B082XGL21J,HM0719,"Gorilla 102433 XL Super Glue Gel, 1-Pack, Clear",SELLABLE,1,0,0,0,0,0,0,0,0,0,0,0,1,0,BLR8
Gorilla,07/25/2026,X001PYRDD5,B082XGL21J,HM0719,"Gorilla 102433 XL Super Glue Gel, 1-Pack, Clear",SELLABLE,16,0,0,0,0,0,0,0,0,0,0,0,16,0,VSHB
Gardena,07/25/2026,X001PYRDDZ,B01NACKE05,LG0737,"Gardena 18312-20 Spray Gun LG0737 - Classic, Soft Flow, For Delicate Plants",SELLABLE,89,0,0,-1,0,0,0,0,0,0,0,0,88,0,VSHB
Gardena,07/25/2026,X001PYRDH1,B01MD2E8I9,LG0760,"Gardena 4027-20 Classic 330 Lawnmower LG0760 - Manual, 330mm Cut",SELLABLE,1,0,0,0,0,0,0,0,0,0,0,0,1,0,VSHB
Gorilla,07/25/2026,X001PYRG7D,B01M05MUWF,HM0345,"Gorilla Original Gorilla Glue, Waterproof Polyurethane Glue, 2 ounce Bottle, Brown",SELLABLE,2,0,0,0,0,0,0,0,0,0,0,0,2,0,VSHB
Gardena,07/25/2026,X001PYRG7X,B00CRF2QD0,LG0740,"Gardena 18708-20 ZoomMaxx Sprinkler LG0740 - Oscillating, Weighted Base",SELLABLE,20,0,0,0,0,0,0,0,0,0,0,0,20,0,VSHB
Gorilla,07/25/2026,X001PYS6TF,B082P44MVS,HM0660,"Gorilla Double-Sided Tape, 1.41"" x 8yd, Gray, (Pack of 1)",SELLABLE,47,0,0,0,0,0,0,0,0,0,0,0,47,0,VSHB
Gorilla,07/25/2026,X001PYS6TP,B079GHBDW1,HM0247,"Gorilla Epoxy Glue, 0.85 Fl. Oz",SELLABLE,1,0,0,-1,0,0,0,0,0,0,0,0,0,0,VSHB
Gorilla,07/25/2026,X001PYS6TZ,B01JIRH6LG,HM0539,"Gorilla Glue 6010002 Gorilla Tape, 2 Inches X 10 Yards, White",SELLABLE,16,0,0,0,0,0,0,0,0,0,0,0,16,0,VSHB
BKR,07/25/2026,X001PYS6UJ,B08J7XCTLP,HM0601,"BKR® Iron Suitcase Charcoal Barbeque (BBQ) Grill with 8pcs Skewers Set for Home, Garden or Outdoor Places (Stellar Black) | High Temperature Sand Blasting Metal Finish",SELLABLE,1,0,0,0,0,0,0,0,0,0,0,0,1,0,PNQ3
BKR,07/25/2026,X001PYS6UJ,B08J7XCTLP,HM0601,"BKR® Iron Suitcase Charcoal Barbeque (BBQ) Grill with 8pcs Skewers Set for Home, Garden or Outdoor Places (Stellar Black) | High Temperature Sand Blasting Metal Finish",SELLABLE,5,0,0,0,0,0,0,0,0,0,0,0,5,0,VSHB
Gorilla,07/25/2026,X001PYS6UT,B06W2NBCW5,HM0548,"Gorilla Hot Glue Sticks, Mini Size, 4"" Long x .27"" Diameter, 75 Count, Clear, (Pack of 1)",SELLABLE,7,0,0,0,0,0,0,0,0,0,0,0,7,0,BLR8
Gorilla,07/25/2026,X001PYS6UT,B06W2NBCW5,HM0548,"Gorilla Hot Glue Sticks, Mini Size, 4"" Long x .27"" Diameter, 75 Count, Clear, (Pack of 1)",SELLABLE,3,0,0,0,0,0,0,0,0,0,0,0,3,0,BOM5
Gorilla,07/25/2026,X001PYS6UT,B06W2NBCW5,HM0548,"Gorilla Hot Glue Sticks, Mini Size, 4"" Long x .27"" Diameter, 75 Count, Clear, (Pack of 1)",SELLABLE,5,0,0,0,0,0,0,0,0,0,0,0,5,0,VSHB
Gorilla,07/25/2026,X001PYTIX3,B07HSKRYQW,HM0628,"Gorilla Waterproof Patch & Seal Tape 4"" x 10' Black, (Pack of 1) ?10.16 x 10.16 x 8.89 cm",SELLABLE,2,0,0,0,0,0,0,0,0,0,0,0,2,0,VSHB
Gorilla,07/25/2026,X001PYULM5,B001E5ZWT4,HM0484,"Gorilla 3044401 Tape Handy Roll, 1 Pack, Black",SELLABLE,1,0,0,0,0,0,0,0,0,0,0,0,1,0,VSHB
Gorilla,07/25/2026,X001PYULMP,B010FYZJFQ,HM0537,"Gorilla Heavy Duty Construction Adhesive, 9 oz, White",SELLABLE,9,0,0,0,0,0,0,0,0,0,0,0,9,0,VSHB
Gorilla,07/25/2026,X001PYULMZ,B00CJ5EO2E,HM0492,"Gorilla Super Glue Gel (Clear, 15 Grams)",SELLABLE,41,0,0,-3,0,0,0,0,0,0,0,0,38,0,VSHB
Gardena,07/25/2026,X001PYULO3,B07YST254M,LG0738,GARDENA 18700-34 Oscillating Sprinkler Aqua S,SELLABLE,2,0,0,0,0,0,0,0,0,0,0,0,2,0,AMD2
Gardena,07/25/2026,X001PYULO3,B07YST254M,LG0738,GARDENA 18700-34 Oscillating Sprinkler Aqua S,SELLABLE,2,0,0,0,0,0,0,0,0,0,0,0,2,0,BLR8
Gardena,07/25/2026,X001PYULO3,B07YST254M,LG0738,GARDENA 18700-34 Oscillating Sprinkler Aqua S,SELLABLE,2,0,0,0,0,0,0,0,0,0,0,0,2,0,CCX2
Gardena,07/25/2026,X001PYULO3,B07YST254M,LG0738,GARDENA 18700-34 Oscillating Sprinkler Aqua S,SELLABLE,1,0,0,0,0,0,0,0,0,0,0,0,1,0,HYD3
Gardena,07/25/2026,X001PYULO3,B07YST254M,LG0738,GARDENA 18700-34 Oscillating Sprinkler Aqua S,SELLABLE,2,0,0,0,0,0,0,0,0,0,0,0,2,0,IDX2
Gardena,07/25/2026,X001PYULO3,B07YST254M,LG0738,GARDENA 18700-34 Oscillating Sprinkler Aqua S,SELLABLE,2,0,0,0,0,0,0,0,0,0,0,0,2,0,LKO1
Gardena,07/25/2026,X001PYULO3,B07YST254M,LG0738,GARDENA 18700-34 Oscillating Sprinkler Aqua S,SELLABLE,14,0,0,0,0,0,0,0,0,0,0,0,14,0,VSHB
Gardena,07/25/2026,X001PYULOD,B00PNUCG86,LG0735,Gardena 18301-20 Classic Cleaning Spray Gun LG0735 - Handy for Cleaning Tasks,SELLABLE,2,0,0,0,0,0,0,0,0,0,0,0,2,0,AMD2
Gardena,07/25/2026,X001PYULOD,B00PNUCG86,LG0735,Gardena 18301-20 Classic Cleaning Spray Gun LG0735 - Handy for Cleaning Tasks,SELLABLE,1,0,0,0,0,0,0,0,0,0,0,0,1,0,BOM5
Gardena,07/25/2026,X001PYULOD,B00PNUCG86,LG0735,Gardena 18301-20 Classic Cleaning Spray Gun LG0735 - Handy for Cleaning Tasks,SELLABLE,2,0,0,0,0,0,0,0,0,0,0,0,2,0,CCX2
Gardena,07/25/2026,X001PYULOD,B00PNUCG86,LG0735,Gardena 18301-20 Classic Cleaning Spray Gun LG0735 - Handy for Cleaning Tasks,SELLABLE,4,0,0,0,0,0,0,0,0,0,0,0,4,0,HYD3
Gardena,07/25/2026,X001PYULOD,B00PNUCG86,LG0735,Gardena 18301-20 Classic Cleaning Spray Gun LG0735 - Handy for Cleaning Tasks,SELLABLE,1,0,0,0,0,0,0,0,0,0,0,0,1,0,LKO1
Gardena,07/25/2026,X001PYULOD,B00PNUCG86,LG0735,Gardena 18301-20 Classic Cleaning Spray Gun LG0735 - Handy for Cleaning Tasks,SELLABLE,1,0,0,0,0,0,0,0,0,0,0,0,1,0,VSHB
Gorilla,07/25/2026,X001QIO5NV,B08V4DXTRZ,HM0732,"Gorilla Tough & Wide Duct Tape, 2.88"" x 25yd, Black, (Pack of 1)",SELLABLE,2,0,0,0,0,0,0,0,0,0,0,0,2,0,HYD3
Gorilla,07/25/2026,X001QIO5NV,B08V4DXTRZ,HM0732,"Gorilla Tough & Wide Duct Tape, 2.88"" x 25yd, Black, (Pack of 1)",SELLABLE,2,0,0,0,0,0,0,0,0,0,0,0,2,0,VSHB
Gorilla,07/25/2026,X001QIO5O5,B0783SG446,HM0629,"Gorilla 6060002 Crystal Clear Tape 18YD, 1-Pack",SELLABLE,10,0,0,0,0,0,0,0,0,0,0,0,10,0,VSHB
Gorilla,07/25/2026,X001QIP0IZ,B06WD6R96X,HM0502,"Gorilla 4500104 Clear Glue 1.75 Oz, Clear",SELLABLE,4,1,0,0,0,0,0,0,0,0,0,0,4,0,MAA4
Gorilla,07/25/2026,X001QIP0IZ,B06WD6R96X,HM0502,"Gorilla 4500104 Clear Glue 1.75 Oz, Clear",SELLABLE,15,0,0,0,0,0,0,0,0,0,0,0,15,0,PNQ3
Gorilla,07/25/2026,X001QIP0IZ,B06WD6R96X,HM0502,"Gorilla 4500104 Clear Glue 1.75 Oz, Clear",SELLABLE,47,0,0,0,0,0,0,0,0,0,0,0,47,0,VSHB
Gorilla,07/25/2026,X001QIP2SD,B09NC3HMJZ,HM0733,"Gorilla Duct Tape, 1.88 In. x 30 Yd, Silver",SELLABLE,1,0,0,0,0,0,0,0,0,0,0,0,1,0,PNQ3
Gorilla,07/25/2026,X001QIP2SD,B09NC3HMJZ,HM0733,"Gorilla Duct Tape, 1.88 In. x 30 Yd, Silver",SELLABLE,2,0,0,0,0,0,0,0,0,0,0,0,2,0,VSHB
Gardena,07/25/2026,X001QISLFT,B00PNUC9C4,LG0790,GARDENA 18216-20 Standard Connector 19mm LG0790 Water Stop Option,SELLABLE,5,0,0,0,0,0,0,0,0,0,0,0,5,0,AMD2
Gardena,07/25/2026,X001QISLFT,B00PNUC9C4,LG0790,GARDENA 18216-20 Standard Connector 19mm LG0790 Water Stop Option,SELLABLE,5,0,0,0,0,0,0,0,0,0,0,0,5,0,BLR8
Gardena,07/25/2026,X001QISLFT,B00PNUC9C4,LG0790,GARDENA 18216-20 Standard Connector 19mm LG0790 Water Stop Option,SELLABLE,5,0,0,0,0,0,0,0,0,0,0,0,5,0,CCX2
Gardena,07/25/2026,X001QISLFT,B00PNUC9C4,LG0790,GARDENA 18216-20 Standard Connector 19mm LG0790 Water Stop Option,SELLABLE,5,0,0,0,0,0,0,0,0,0,0,0,5,0,CJB1
Gardena,07/25/2026,X001QISLFT,B00PNUC9C4,LG0790,GARDENA 18216-20 Standard Connector 19mm LG0790 Water Stop Option,SELLABLE,4,0,0,0,0,0,0,0,0,0,0,0,4,0,HYD3
Gardena,07/25/2026,X001QISLFT,B00PNUC9C4,LG0790,GARDENA 18216-20 Standard Connector 19mm LG0790 Water Stop Option,SELLABLE,5,0,0,0,0,0,0,0,0,0,0,0,5,0,IDX2
Gardena,07/25/2026,X001QISLFT,B00PNUC9C4,LG0790,GARDENA 18216-20 Standard Connector 19mm LG0790 Water Stop Option,SELLABLE,5,0,0,0,0,0,0,0,0,0,0,0,5,0,LKO1
Gardena,07/25/2026,X001QISLFT,B00PNUC9C4,LG0790,GARDENA 18216-20 Standard Connector 19mm LG0790 Water Stop Option,SELLABLE,5,0,0,0,0,0,0,0,0,0,0,0,5,0,PNQ3
Gardena,07/25/2026,X001QISLFT,B00PNUC9C4,LG0790,GARDENA 18216-20 Standard Connector 19mm LG0790 Water Stop Option,SELLABLE,28,0,0,0,0,0,0,0,0,0,0,0,28,0,VSHB
Gardena,07/25/2026,X001QISLG3,B001BPCJPC,LG0835,"Gardena 8754-20 Classic Bypass Pruner LG0835 - Reliable, Easy Pruning",SELLABLE,4,0,0,0,0,0,0,0,0,0,0,0,4,0,BLR8
Gardena,07/25/2026,X001QISLG3,B001BPCJPC,LG0835,"Gardena 8754-20 Classic Bypass Pruner LG0835 - Reliable, Easy Pruning",SELLABLE,9,0,0,0,0,0,0,0,0,0,0,0,9,0,VSHB
Gardena,07/25/2026,X001QISLGD,B001J5QX8S,LG0974,Gardena 8144-20 Comfort Turbo Drive Sprinkler LG0974 - Efficient Watering,SELLABLE,10,0,0,0,0,0,0,0,0,0,0,0,10,0,VSHB
Gardena,07/25/2026,X001QIV6V5,B0049PEPD0,LG0912,"Gardena 8007-20 Classic Hose Reel LG0912-50m Hose Capacity, Tidy Storage",SELLABLE,1,0,0,0,0,0,0,0,0,0,0,0,1,0,BLR8
Gardena,07/25/2026,X001QIV6V5,B0049PEPD0,LG0912,"Gardena 8007-20 Classic Hose Reel LG0912-50m Hose Capacity, Tidy Storage",SELLABLE,2,0,0,0,0,0,0,0,0,0,0,0,2,0,CCX2
Gardena,07/25/2026,X001QIV6V5,B0049PEPD0,LG0912,"Gardena 8007-20 Classic Hose Reel LG0912-50m Hose Capacity, Tidy Storage",SELLABLE,2,0,0,0,0,0,0,0,0,0,0,0,2,0,CJB1
Gardena,07/25/2026,X001QIV6V5,B0049PEPD0,LG0912,"Gardena 8007-20 Classic Hose Reel LG0912-50m Hose Capacity, Tidy Storage",SELLABLE,2,0,0,0,0,0,0,0,0,0,0,0,2,0,IDX2
Gardena,07/25/2026,X001QIV6V5,B0049PEPD0,LG0912,"Gardena 8007-20 Classic Hose Reel LG0912-50m Hose Capacity, Tidy Storage",SELLABLE,2,0,0,0,0,0,0,0,0,0,0,0,2,0,PNQ3
Gardena,07/25/2026,X001QIV6V5,B0049PEPD0,LG0912,"Gardena 8007-20 Classic Hose Reel LG0912-50m Hose Capacity, Tidy Storage",SELLABLE,38,0,0,0,0,0,0,0,0,0,0,0,38,0,VSHB
Gardena,07/25/2026,X001QIV6VP,B00PNUC9CY,LG0961,"Gardena 18214-20 Hose Connector LG0961-19mm (3/4"")",SELLABLE,1,0,0,0,0,0,0,0,0,0,0,0,1,0,CCX1
Gardena,07/25/2026,X001QIV6VP,B00PNUC9CY,LG0961,"Gardena 18214-20 Hose Connector LG0961-19mm (3/4"")",SELLABLE,1,0,0,0,0,0,0,0,0,0,0,0,1,0,CCX2
Gardena,07/25/2026,X001QIV6VP,B00PNUC9CY,LG0961,"Gardena 18214-20 Hose Connector LG0961-19mm (3/4"")",SELLABLE,2,0,0,0,0,0,0,0,0,0,0,0,2,0,CJB1
Gardena,07/25/2026,X001QIV6VP,B00PNUC9CY,LG0961,"Gardena 18214-20 Hose Connector LG0961-19mm (3/4"")",SELLABLE,2,0,0,0,0,0,0,0,0,0,0,0,2,0,HYD8
Gardena,07/25/2026,X001QIV6VP,B00PNUC9CY,LG0961,"Gardena 18214-20 Hose Connector LG0961-19mm (3/4"")",SELLABLE,2,0,0,0,0,0,0,0,0,0,0,0,2,0,IDX2
Gardena,07/25/2026,X001QIV6VP,B00PNUC9CY,LG0961,"Gardena 18214-20 Hose Connector LG0961-19mm (3/4"")",SELLABLE,2,0,0,0,0,0,0,0,0,0,0,0,2,0,LKO1
Gardena,07/25/2026,X001QIV6VP,B00PNUC9CY,LG0961,"Gardena 18214-20 Hose Connector LG0961-19mm (3/4"")",SELLABLE,1,0,0,0,0,0,0,0,0,0,0,0,1,0,MAA4
Gardena,07/25/2026,X001QIV6VP,B00PNUC9CY,LG0961,"Gardena 18214-20 Hose Connector LG0961-19mm (3/4"")",SELLABLE,5,0,0,0,0,0,0,0,0,0,0,0,5,0,VSHB
Gardena,07/25/2026,X001QIV6VZ,B00GHDJHIU,LG0770,"Gardena 8742-20 Folding Saw LG0770-135mm, Compact, Gardening Essential",SELLABLE,1,0,0,0,0,0,0,0,0,0,0,0,1,0,BLR8
Gardena,07/25/2026,X001QIV6VZ,B00GHDJHIU,LG0770,"Gardena 8742-20 Folding Saw LG0770-135mm, Compact, Gardening Essential",SELLABLE,1,0,0,0,0,0,0,0,0,0,0,0,1,0,HYD8
Gardena,07/25/2026,X001QIV6VZ,B00GHDJHIU,LG0770,"Gardena 8742-20 Folding Saw LG0770-135mm, Compact, Gardening Essential",SELLABLE,8,0,0,0,0,0,0,0,0,0,0,0,8,0,VSHB
Gardena,07/25/2026,X001QIVSFT,B00PNUC9K6,LG0789,"Gardena 18215-20 Hose Connector LG0789-1/2"" x 5/8"", Orange, Secure Fit",SELLABLE,4,0,0,0,0,0,0,0,0,0,0,0,4,0,VSHB
Gardena,07/25/2026,X001QIVSG3,B07JKZ9DNY,LG0984,"Gardena 12008-20 Pruning Lopper LG0984 - EnergyCut, 750mm, Powerful Cut",SELLABLE,2,0,0,0,0,0,0,0,0,0,0,0,2,0,BLR8
Gardena,07/25/2026,X001QIVSG3,B07JKZ9DNY,LG0984,"Gardena 12008-20 Pruning Lopper LG0984 - EnergyCut, 750mm, Powerful Cut",SELLABLE,4,0,0,0,0,0,0,0,0,0,0,0,4,0,VSHB
Gardena,07/25/2026,X001QIWYF7,B07JLV4LGK,LG0736,"Gardena 18304-20 Cleaning Spray Gun LG0736 - Comfort, Effective Cleaning",SELLABLE,4,0,0,0,0,0,0,0,0,0,0,0,4,0,CCX2
Gardena,07/25/2026,X001QIWYF7,B07JLV4LGK,LG0736,"Gardena 18304-20 Cleaning Spray Gun LG0736 - Comfort, Effective Cleaning",SELLABLE,8,0,0,0,0,0,0,0,0,0,0,0,8,0,CJB1
Gardena,07/25/2026,X001QIWYF7,B07JLV4LGK,LG0736,"Gardena 18304-20 Cleaning Spray Gun LG0736 - Comfort, Effective Cleaning",SELLABLE,2,0,0,0,0,0,0,0,0,0,0,0,2,0,HYD3
Gardena,07/25/2026,X001QIWYF7,B07JLV4LGK,LG0736,"Gardena 18304-20 Cleaning Spray Gun LG0736 - Comfort, Effective Cleaning",SELLABLE,2,0,0,0,0,0,0,0,0,0,0,0,2,0,HYD8
Gardena,07/25/2026,X001QIWYF7,B07JLV4LGK,LG0736,"Gardena 18304-20 Cleaning Spray Gun LG0736 - Comfort, Effective Cleaning",SELLABLE,5,0,0,0,0,0,0,0,0,0,0,0,5,0,PNQ3
Gardena,07/25/2026,X001QIWYF7,B07JLV4LGK,LG0736,"Gardena 18304-20 Cleaning Spray Gun LG0736 - Comfort, Effective Cleaning",SELLABLE,31,0,0,0,0,0,0,0,0,0,0,0,31,0,VSHB
Gardena,07/25/2026,X001QIWYF7,B07JLV4LGK,LG0736,"Gardena 18304-20 Cleaning Spray Gun LG0736 - Comfort, Effective Cleaning",WAREHOUSE_DAMAGED,1,0,0,0,0,0,0,0,0,0,0,0,1,0,CCX2
Gardena,07/25/2026,X001QIWYFH,B007C1OIUS,LG0900,Gardena 8205-29 Turbo Driven Pop-Up Sprinkler T-380 LG0900 - Covers Larger Areas,SELLABLE,1,0,0,0,0,0,0,0,0,0,0,0,1,0,BOM5
Gardena,07/25/2026,X001QIWYFH,B007C1OIUS,LG0900,Gardena 8205-29 Turbo Driven Pop-Up Sprinkler T-380 LG0900 - Covers Larger Areas,SELLABLE,6,0,0,0,0,0,0,0,0,0,0,0,6,0,IDX2
Gardena,07/25/2026,X001QIWYFH,B007C1OIUS,LG0900,Gardena 8205-29 Turbo Driven Pop-Up Sprinkler T-380 LG0900 - Covers Larger Areas,SELLABLE,12,0,0,0,0,0,0,0,0,0,0,0,12,0,VSHB
Gardena,07/25/2026,X001QIWYFR,B0035X0H6Q,LG0753,Gardena 8203-29 Turbo Pop-Up T200 Sprinkler LG0753 - Reliable Lawn Coverage,SELLABLE,20,0,0,0,0,0,0,0,0,0,0,0,20,0,VSHB
Gardena,07/25/2026,X001QIWYG1,B00PNUC99C,LG0960,"Gardena 18213-20 Hose Connector LG0960-13mm (1/2"")",SELLABLE,1,0,0,0,0,0,0,0,0,0,0,0,1,0,BLR7
Gardena,07/25/2026,X001QIWYG1,B00PNUC99C,LG0960,"Gardena 18213-20 Hose Connector LG0960-13mm (1/2"")",SELLABLE,1,0,0,0,0,0,0,0,0,0,0,0,1,0,BOM5
Gardena,07/25/2026,X001QIWYG1,B00PNUC99C,LG0960,"Gardena 18213-20 Hose Connector LG0960-13mm (1/2"")",SELLABLE,1,0,0,0,0,0,0,0,0,0,0,0,1,0,BOM7
Gardena,07/25/2026,X001QIWYG1,B00PNUC99C,LG0960,"Gardena 18213-20 Hose Connector LG0960-13mm (1/2"")",SELLABLE,3,0,0,0,0,0,0,0,0,0,0,0,3,0,CCX1
Gardena,07/25/2026,X001QIWYG1,B00PNUC99C,LG0960,"Gardena 18213-20 Hose Connector LG0960-13mm (1/2"")",SELLABLE,1,0,0,0,0,0,0,0,0,0,0,0,1,0,CCX2
Gardena,07/25/2026,X001QIWYG1,B00PNUC99C,LG0960,"Gardena 18213-20 Hose Connector LG0960-13mm (1/2"")",SELLABLE,2,0,0,0,0,0,0,0,0,0,0,0,2,0,CJB1
Gardena,07/25/2026,X001QIWYG1,B00PNUC99C,LG0960,"Gardena 18213-20 Hose Connector LG0960-13mm (1/2"")",SELLABLE,1,0,0,0,0,0,0,0,0,0,0,0,1,0,HYD8
Gardena,07/25/2026,X001QIWYG1,B00PNUC99C,LG0960,"Gardena 18213-20 Hose Connector LG0960-13mm (1/2"")",SELLABLE,42,0,0,0,0,0,0,0,0,0,0,0,42,0,VSHB
Gorilla,07/25/2026,X001RKHH83,B0001GAYRC,HM0522,"Gorilla Original Gorilla Glue, 4 oz, Brown",SELLABLE,2,0,0,0,0,0,0,0,0,0,0,0,2,0,AMD2
Gorilla,07/25/2026,X001RKHH83,B0001GAYRC,HM0522,"Gorilla Original Gorilla Glue, 4 oz, Brown",SELLABLE,5,0,0,0,0,0,0,0,0,0,0,0,5,0,BLR8
Gorilla,07/25/2026,X001RKHH83,B0001GAYRC,HM0522,"Gorilla Original Gorilla Glue, 4 oz, Brown",SELLABLE,2,0,0,0,0,0,0,0,0,0,0,0,2,0,CCX2
Gorilla,07/25/2026,X001RKHH83,B0001GAYRC,HM0522,"Gorilla Original Gorilla Glue, 4 oz, Brown",SELLABLE,2,0,0,0,0,0,0,0,0,0,0,0,2,0,CJB1
Gorilla,07/25/2026,X001RKHH83,B0001GAYRC,HM0522,"Gorilla Original Gorilla Glue, 4 oz, Brown",SELLABLE,3,0,0,0,0,0,0,0,0,0,0,0,3,0,HYD3
Gorilla,07/25/2026,X001RKHH83,B0001GAYRC,HM0522,"Gorilla Original Gorilla Glue, 4 oz, Brown",SELLABLE,2,0,0,0,0,0,0,0,0,0,0,0,2,0,IDX2
Gorilla,07/25/2026,X001RKHH83,B0001GAYRC,HM0522,"Gorilla Original Gorilla Glue, 4 oz, Brown",SELLABLE,2,0,0,0,0,0,0,0,0,0,0,0,2,0,LKO1
Gorilla,07/25/2026,X001RKHH83,B0001GAYRC,HM0522,"Gorilla Original Gorilla Glue, 4 oz, Brown",SELLABLE,7,0,0,0,0,0,0,0,0,0,0,0,7,0,PNQ3
Gorilla,07/25/2026,X001RKHH83,B0001GAYRC,HM0522,"Gorilla Original Gorilla Glue, 4 oz, Brown",SELLABLE,4,0,0,0,0,0,0,0,0,0,0,0,4,0,VSHB
Gorilla,07/25/2026,X001RKHH8X,B07GRJ8L55,HM0627,"Gorilla All Weather Outdoor Waterproof Duct Tape, UV and Temperature Resistant, 1.88"" x 25 yd, Black (Pack of 1), Limited Edition",SELLABLE,20,0,0,0,0,0,0,0,0,0,0,0,20,0,VSHB
Gorilla,07/25/2026,X001RKHIP5,B009M9F6JA,HM0521,"Gorilla Polyurethane Adhesive Glue Minis, 12 g",SELLABLE,2,0,0,0,0,0,0,0,0,0,0,0,2,0,BLR8
Gorilla,07/25/2026,X001RKHIP5,B009M9F6JA,HM0521,"Gorilla Polyurethane Adhesive Glue Minis, 12 g",SELLABLE,5,0,0,0,0,0,0,0,0,0,0,0,5,0,VSHB
Gorilla,07/25/2026,X001RKHIPF,B0000223UV,HM0523,"Gorilla ADHGG15, Glue, 8 oz.",SELLABLE,2,0,0,0,0,0,0,0,0,0,0,0,2,0,VSHB
Gorilla,07/25/2026,X001RKHIQ9,B01MQW8AEM,HM0626,"Gorilla Clear 100 Percent Silicone Sealant Caulk, Waterproof and Mold & Mildew Resistant, 10 Ounce Cartridge, Clear, (Pack of 1)",SELLABLE,2,0,0,0,0,0,0,0,0,0,0,0,2,0,AMD2
Gorilla,07/25/2026,X001RKHIQ9,B01MQW8AEM,HM0626,"Gorilla Clear 100 Percent Silicone Sealant Caulk, Waterproof and Mold & Mildew Resistant, 10 Ounce Cartridge, Clear, (Pack of 1)",SELLABLE,2,0,0,0,0,0,0,0,0,0,0,0,2,0,BLR8
Gorilla,07/25/2026,X001RKHIQ9,B01MQW8AEM,HM0626,"Gorilla Clear 100 Percent Silicone Sealant Caulk, Waterproof and Mold & Mildew Resistant, 10 Ounce Cartridge, Clear, (Pack of 1)",SELLABLE,2,0,0,0,0,0,0,0,0,0,0,0,2,0,CCX2
Gorilla,07/25/2026,X001RKHIQ9,B01MQW8AEM,HM0626,"Gorilla Clear 100 Percent Silicone Sealant Caulk, Waterproof and Mold & Mildew Resistant, 10 Ounce Cartridge, Clear, (Pack of 1)",SELLABLE,2,0,0,0,0,0,0,0,0,0,0,0,2,0,CJB1
Gorilla,07/25/2026,X001RKHIQ9,B01MQW8AEM,HM0626,"Gorilla Clear 100 Percent Silicone Sealant Caulk, Waterproof and Mold & Mildew Resistant, 10 Ounce Cartridge, Clear, (Pack of 1)",SELLABLE,2,0,0,0,0,0,0,0,0,0,0,0,2,0,HYD3
Gorilla,07/25/2026,X001RKHIQ9,B01MQW8AEM,HM0626,"Gorilla Clear 100 Percent Silicone Sealant Caulk, Waterproof and Mold & Mildew Resistant, 10 Ounce Cartridge, Clear, (Pack of 1)",SELLABLE,1,0,0,0,0,0,0,0,0,0,0,0,1,0,HYD8
Gorilla,07/25/2026,X001RKHIQ9,B01MQW8AEM,HM0626,"Gorilla Clear 100 Percent Silicone Sealant Caulk, Waterproof and Mold & Mildew Resistant, 10 Ounce Cartridge, Clear, (Pack of 1)",SELLABLE,2,0,0,0,0,0,0,0,0,0,0,0,2,0,IDX2
Gorilla,07/25/2026,X001RKHIQ9,B01MQW8AEM,HM0626,"Gorilla Clear 100 Percent Silicone Sealant Caulk, Waterproof and Mold & Mildew Resistant, 10 Ounce Cartridge, Clear, (Pack of 1)",SELLABLE,1,0,0,0,0,0,0,0,0,0,0,0,1,0,LKO1
Gorilla,07/25/2026,X001RKHIQ9,B01MQW8AEM,HM0626,"Gorilla Clear 100 Percent Silicone Sealant Caulk, Waterproof and Mold & Mildew Resistant, 10 Ounce Cartridge, Clear, (Pack of 1)",SELLABLE,1,0,0,0,0,0,0,0,0,0,0,0,1,0,PNQ3
Gorilla,07/25/2026,X001RKHIQ9,B01MQW8AEM,HM0626,"Gorilla Clear 100 Percent Silicone Sealant Caulk, Waterproof and Mold & Mildew Resistant, 10 Ounce Cartridge, Clear, (Pack of 1)",SELLABLE,5,0,0,0,0,0,0,0,0,0,0,0,5,0,VSHB
Gorilla,07/25/2026,X001RKHIRD,B08NTVCJGW,HM0725,"Gorilla Permanent Adhesive Dots, Double-Sided, 150 Pieces",SELLABLE,20,0,0,0,0,0,0,0,0,0,0,0,20,0,VSHB
,07/25/2026,X001RKN90N,B06X1CZWC5,HM0632,"Glue Sticks, Full Size, 4 inch Long x .43 inch Diameter, 45 Count, Clear, (Pack of 1)",SELLABLE,9,0,0,0,0,0,0,0,0,0,0,0,9,0,PNQ3
,07/25/2026,X001RKN90N,B06X1CZWC5,HM0632,"Glue Sticks, Full Size, 4 inch Long x .43 inch Diameter, 45 Count, Clear, (Pack of 1)",SELLABLE,5,0,0,0,0,0,0,0,0,0,0,0,5,0,VSHB
Gorilla,07/25/2026,X001RKN90X,B082T3NL5J,HM0655,"Gorilla Clear Glue Pen, 0.75 Ounce, (Pack of 1)",SELLABLE,1,0,0,0,0,0,0,0,0,0,0,0,1,0,BOM5
Gorilla,07/25/2026,X001RKN90X,B082T3NL5J,HM0655,"Gorilla Clear Glue Pen, 0.75 Ounce, (Pack of 1)",SELLABLE,17,0,0,0,0,0,0,0,0,0,0,0,17,0,VSHB
Gorilla,07/25/2026,X001RKN917,B01B5RBOA6,HM0625,"Gorilla 100% Silicone Sealant, 2.8 oz, Clear",SELLABLE,2,0,0,0,0,0,0,0,0,0,0,0,2,0,SIDA
Gorilla,07/25/2026,X001RKN92B,B07LFZF9KN,HM0728,"Gorilla 6025302 White Tough & Wide Duct Tape, 1-Pack",SELLABLE,1,0,0,0,0,0,0,0,0,0,0,0,1,0,VSHB
Gorilla,07/25/2026,X001RKNUUR,B00C78AERW,HM0540,"Gorilla Duct Tape, 1.88"" x 30 yd, White",SELLABLE,2,0,0,0,0,0,0,0,0,0,0,0,2,0,BLR7
Gorilla,07/25/2026,X001RKNUUR,B00C78AERW,HM0540,"Gorilla Duct Tape, 1.88"" x 30 yd, White",SELLABLE,8,0,0,0,0,0,0,0,0,0,0,0,8,0,CJB1
Gorilla,07/25/2026,X001RKNUUR,B00C78AERW,HM0540,"Gorilla Duct Tape, 1.88"" x 30 yd, White",SELLABLE,1,0,0,0,0,0,0,0,0,0,0,0,1,0,PNQ3
Gorilla,07/25/2026,X001RKNUUR,B00C78AERW,HM0540,"Gorilla Duct Tape, 1.88"" x 30 yd, White",SELLABLE,15,0,0,0,0,0,0,0,0,0,0,0,15,0,VSHB
Gorilla,07/25/2026,X001RKNUV1,B07LFRN1K8,HM0630,"Gorilla Tough & Clear Double Sided XL Mounting Tape, 1"" x 150"", Clear, (Pack of 1)",SELLABLE,10,0,0,0,0,0,0,0,0,0,0,0,10,0,VSHB
Gorilla,07/25/2026,X001RKNUVB,B07LFZ3Q5Q,HM0621,"Gorilla 7400202 XL Super Glue, 1 Pack, Clear",SELLABLE,10,0,0,0,0,0,0,0,0,0,0,0,10,0,VSHB
Gorilla,07/25/2026,X001RKNUVV,B08126M2R4,HM0659,"Gorilla 101895 Waterproof Patch & Seal Tape, 1-Pack, White, 10 Feet, 10.67 Cm",SELLABLE,1,0,0,0,0,0,0,0,0,0,0,0,1,0,CJB1
Gorilla,07/25/2026,X001RKNUVV,B08126M2R4,HM0659,"Gorilla 101895 Waterproof Patch & Seal Tape, 1-Pack, White, 10 Feet, 10.67 Cm",SELLABLE,1,0,0,0,0,0,0,0,0,0,0,0,1,0,PNQ3
Gorilla,07/25/2026,X001RKNUVV,B08126M2R4,HM0659,"Gorilla 101895 Waterproof Patch & Seal Tape, 1-Pack, White, 10 Feet, 10.67 Cm",SELLABLE,22,0,0,0,0,0,0,0,0,0,0,0,22,0,VSHB
Gorilla,07/25/2026,X001RKNUX9,B09Y2K5M8S,HM0726,Gorilla Super Glue Pen 5.5gm,SELLABLE,10,0,0,0,0,0,0,0,0,0,0,0,10,0,VSHB
Gardena,07/25/2026,X001RSF4L7,B007C15VBI,LG0987,"Gardena 2764-20 Angle Piece LG0987-25mm x 3/4"" Female Thread, Flexible Fit",SELLABLE,2,0,0,0,0,0,0,0,0,0,0,0,2,0,AMD2
Gardena,07/25/2026,X001RSF4L7,B007C15VBI,LG0987,"Gardena 2764-20 Angle Piece LG0987-25mm x 3/4"" Female Thread, Flexible Fit",SELLABLE,2,0,0,0,0,0,0,0,0,0,0,0,2,0,BLR8
Gardena,07/25/2026,X001RSF4L7,B007C15VBI,LG0987,"Gardena 2764-20 Angle Piece LG0987-25mm x 3/4"" Female Thread, Flexible Fit",SELLABLE,1,0,0,0,0,0,0,0,0,0,0,0,1,0,CCX2
Gardena,07/25/2026,X001RSF4L7,B007C15VBI,LG0987,"Gardena 2764-20 Angle Piece LG0987-25mm x 3/4"" Female Thread, Flexible Fit",SELLABLE,2,0,0,0,0,0,0,0,0,0,0,0,2,0,CJB1
Gardena,07/25/2026,X001RSF4L7,B007C15VBI,LG0987,"Gardena 2764-20 Angle Piece LG0987-25mm x 3/4"" Female Thread, Flexible Fit",SELLABLE,2,0,0,0,0,0,0,0,0,0,0,0,2,0,HYD3
Gardena,07/25/2026,X001RSF4L7,B007C15VBI,LG0987,"Gardena 2764-20 Angle Piece LG0987-25mm x 3/4"" Female Thread, Flexible Fit",SELLABLE,2,0,0,0,0,0,0,0,0,0,0,0,2,0,IDX2
Gardena,07/25/2026,X001RSF4L7,B007C15VBI,LG0987,"Gardena 2764-20 Angle Piece LG0987-25mm x 3/4"" Female Thread, Flexible Fit",SELLABLE,2,0,0,0,0,0,0,0,0,0,0,0,2,0,LKO1
Gardena,07/25/2026,X001RSF4L7,B007C15VBI,LG0987,"Gardena 2764-20 Angle Piece LG0987-25mm x 3/4"" Female Thread, Flexible Fit",SELLABLE,2,0,0,0,0,0,0,0,0,0,0,0,2,0,PNQ3
Gardena,07/25/2026,X001RSF4L7,B007C15VBI,LG0987,"Gardena 2764-20 Angle Piece LG0987-25mm x 3/4"" Female Thread, Flexible Fit",SELLABLE,20,0,0,0,0,0,0,0,0,0,0,0,20,0,VSHB
Gardena,07/25/2026,X001RSF4LR,B07JXJTCZD,LG0983,GARDENA 12009-20 Lopper TeleCut 650-900 B LG0983 for Tall Trees 42mm,SELLABLE,2,0,0,0,0,0,0,0,0,0,0,0,2,0,BLR8
Gardena,07/25/2026,X001RSF4LR,B07JXJTCZD,LG0983,GARDENA 12009-20 Lopper TeleCut 650-900 B LG0983 for Tall Trees 42mm,SELLABLE,25,0,0,0,0,0,0,0,0,0,0,0,25,0,VSHB
Gardena,07/25/2026,X001RSF4M1,B08KGLWCX7,LG0970,Gardena 3165-20 CombiSystem Grubber Rake LG0970 - Weeding Made Easy,SELLABLE,1,0,0,0,0,0,0,0,0,0,0,0,1,0,CCX1
Gardena,07/25/2026,X001RSF4M1,B08KGLWCX7,LG0970,Gardena 3165-20 CombiSystem Grubber Rake LG0970 - Weeding Made Easy,SELLABLE,3,0,0,0,0,0,0,0,0,0,0,0,3,0,VSHB
Gardena,07/25/2026,X001RSL5PB,B08KGPKD7W,LG0963,Gardena ClickUp Flower Bowl 11320-20,SELLABLE,1,0,0,0,0,0,0,0,0,0,0,0,1,0,BOM5
Gardena,07/25/2026,X001RSL5PB,B08KGPKD7W,LG0963,Gardena ClickUp Flower Bowl 11320-20,SELLABLE,5,0,0,0,0,0,0,0,0,0,0,0,5,0,VSHB
Gardena,07/25/2026,X001RSMR7B,B0001E3W7S,LG0966,Gardena 3391-20 CombiSystem Aerator Rake LG0966 - Lawn Care Made Easy,SELLABLE,5,0,0,0,0,0,0,0,0,0,0,0,5,0,VSHB
Gardena,07/25/2026,X001RSMTE7,B002NMOGYO,LG0965,"Gardena 3241-20 CombiSystem Snow Shovel LG0965 - KST 50, Winter Ready",SELLABLE,3,0,0,0,0,0,0,0,0,0,0,0,3,0,VSHB
Gardena,07/25/2026,X001RSMXD9,B076WS4K3X,LG0976,"Gardena 13157-20 Irrigation Set LG0976 - NatureUp, Corner Tap, Smart Watering",SELLABLE,1,0,0,0,0,0,0,0,0,0,0,0,1,0,BLR8
Gardena,07/25/2026,X001RSMXD9,B076WS4K3X,LG0976,"Gardena 13157-20 Irrigation Set LG0976 - NatureUp, Corner Tap, Smart Watering",SELLABLE,1,0,0,0,0,0,0,0,0,0,0,0,1,0,CJB1
Gardena,07/25/2026,X001RSMXD9,B076WS4K3X,LG0976,"Gardena 13157-20 Irrigation Set LG0976 - NatureUp, Corner Tap, Smart Watering",SELLABLE,1,0,0,0,0,0,0,0,0,0,0,0,1,0,HYD3
Gardena,07/25/2026,X001RSMXD9,B076WS4K3X,LG0976,"Gardena 13157-20 Irrigation Set LG0976 - NatureUp, Corner Tap, Smart Watering",SELLABLE,1,0,0,0,0,0,0,0,0,0,0,0,1,0,PNQ3
Gardena,07/25/2026,X001RSMXD9,B076WS4K3X,LG0976,"Gardena 13157-20 Irrigation Set LG0976 - NatureUp, Corner Tap, Smart Watering",SELLABLE,2,0,0,0,0,0,0,0,0,0,0,0,2,0,VSHB
Gardena,07/25/2026,X001RSMXDJ,B08KGP14X8,LG0973,GARDENA 11130-20 Pressure Sprayer 5L Comfort LG0973 with Shoulder Strap,SELLABLE,1,0,0,0,0,0,0,0,0,0,0,0,1,0,HYD8
Gardena,07/25/2026,X001RSMXDJ,B08KGP14X8,LG0973,GARDENA 11130-20 Pressure Sprayer 5L Comfort LG0973 with Shoulder Strap,SELLABLE,1,0,0,0,0,0,0,0,0,0,0,0,1,0,LKO1
Gardena,07/25/2026,X001RSMXDJ,B08KGP14X8,LG0973,GARDENA 11130-20 Pressure Sprayer 5L Comfort LG0973 with Shoulder Strap,SELLABLE,1,0,0,0,0,0,0,0,0,0,0,0,1,0,PNQ3
Gardena,07/25/2026,X001RSMXDJ,B08KGP14X8,LG0973,GARDENA 11130-20 Pressure Sprayer 5L Comfort LG0973 with Shoulder Strap,SELLABLE,11,0,0,0,0,0,0,0,0,0,0,0,11,0,VSHB
Gardena,07/25/2026,X001RSMXDT,B07JKZ8QT7,LG0982,GARDENA 12002-20 Lopper EasyCut 42mm LG0982 Bypass with Gear Assist,SELLABLE,2,0,0,0,0,0,0,0,0,0,0,0,2,0,BLR8
Gardena,07/25/2026,X001RSMXDT,B07JKZ8QT7,LG0982,GARDENA 12002-20 Lopper EasyCut 42mm LG0982 Bypass with Gear Assist,SELLABLE,3,0,0,0,0,0,0,0,0,0,0,0,3,0,VSHB
Gardena,07/25/2026,X001RSUSIB,B08KGGZXQY,LG0968,GARDENA 3607-20 combisystem 2in1 Patio Weeder,SELLABLE,2,0,0,0,0,0,0,0,0,0,0,0,2,0,VSHB
,07/25/2026,X001RSUSIL,B00CIRRDJO,LG0049,Stihl New MS 170 with heavy duty Light 04 Bar 16 Inch,SELLABLE,6,0,0,0,0,0,0,0,0,0,0,0,6,0,VSHB
Gardena,07/25/2026,X001RSUYOJ,B00GHDQRG0,LG0978,"Gardena 8737-32 CombiSystem Saw LG0978-300PP, Versatile Pruning",SELLABLE,2,0,0,0,0,0,0,0,0,0,0,0,2,0,VSHB
Gardena,07/25/2026,X001RSUYOT,B076X4HB4D,LG0975,"Gardena 13156-20 Irrigation Set LG0975 - NatureUp, Vertical Tap, Efficient Watering",SELLABLE,1,0,0,0,0,0,0,0,0,0,0,0,1,0,BOM5
Gardena,07/25/2026,X001RSUYOT,B076X4HB4D,LG0975,"Gardena 13156-20 Irrigation Set LG0975 - NatureUp, Vertical Tap, Efficient Watering",SELLABLE,1,0,0,0,0,0,0,0,0,0,0,0,1,0,CJB1
Gardena,07/25/2026,X001RSUYOT,B076X4HB4D,LG0975,"Gardena 13156-20 Irrigation Set LG0975 - NatureUp, Vertical Tap, Efficient Watering",SELLABLE,1,0,0,0,0,0,0,0,0,0,0,0,1,0,HYD3
Gardena,07/25/2026,X001RSUYOT,B076X4HB4D,LG0975,"Gardena 13156-20 Irrigation Set LG0975 - NatureUp, Vertical Tap, Efficient Watering",SELLABLE,1,0,0,0,0,0,0,0,0,0,0,0,1,0,PNQ3
Gardena,07/25/2026,X001RSUYOT,B076X4HB4D,LG0975,"Gardena 13156-20 Irrigation Set LG0975 - NatureUp, Vertical Tap, Efficient Watering",SELLABLE,1,0,0,0,0,0,0,0,0,0,0,0,1,0,VSHB
Gardena,07/25/2026,X001RSUYP3,B08XJQSH1F,LG0972,"Gardena G11140-20, Standard",SELLABLE,1,0,0,0,0,0,0,0,0,0,0,0,1,0,BLR8
Gardena,07/25/2026,X001RSUYP3,B08XJQSH1F,LG0972,"Gardena G11140-20, Standard",SELLABLE,1,0,0,0,0,0,0,0,0,0,0,0,1,0,PNQ3
Gardena,07/25/2026,X001RSUYP3,B08XJQSH1F,LG0972,"Gardena G11140-20, Standard",SELLABLE,2,0,0,0,0,0,0,0,0,0,0,0,2,0,VSHB
